{
    "type": "FeatureCollection",
    "features": [
        {
            "type": "Feature",
            "geometry": {
                "type": "LineString",
                "coordinates": [
                    [
                        -71.9453769999999934725565253756940364837646484375,
                        44.58874200000000342924977303482592105865478515625,
                        2675.90000000000009094947017729282379150390625
                    ],
                    [
                        -71.94535600000000385989551432430744171142578125,
                        44.5887519999999994979589246213436126708984375,
                        2675.90000000000009094947017729282379150390625
                    ],
                    [
                        -71.9453989999999947713149595074355602264404296875,
                        44.58879999999999910187398199923336505889892578125,
                        2671.59999999999990905052982270717620849609375
                    ],
                    [
                        -71.9453979999999972960722516290843486785888671875,
                        44.58882799999999946294337860308587551116943359375,
                        2669.3000000000001818989403545856475830078125
                    ],
                    [
                        -71.9453740000000010468284017406404018402099609375,
                        44.588987000000003035893314518034458160400390625,
                        2660.8000000000001818989403545856475830078125
                    ],
                    [
                        -71.9453350000000000363797880709171295166015625,
                        44.589100000000001955413608811795711517333984375,
                        2667.3000000000001818989403545856475830078125
                    ],
                    [
                        -71.9452739999999977271727402694523334503173828125,
                        44.58919900000000069439920480363070964813232421875,
                        2671.59999999999990905052982270717620849609375
                    ],
                    [
                        -71.94513499999999339706846512854099273681640625,
                        44.58935100000000062436811276711523532867431640625,
                        2699.5
                    ],
                    [
                        -71.9448689999999970723365549929440021514892578125,
                        44.58951900000000279078449239023029804229736328125,
                        2723.40000000000009094947017729282379150390625
                    ],
                    [
                        -71.94463500000000522049958817660808563232421875,
                        44.58958899999999658803062629885971546173095703125,
                        2721.09999999999990905052982270717620849609375
                    ],
                    [
                        -71.9443859999999943966031423769891262054443359375,
                        44.5896240000000005920810508541762828826904296875,
                        2725.40000000000009094947017729282379150390625
                    ],
                    [
                        -71.94423299999999699139152653515338897705078125,
                        44.58962799999999759847923996858298778533935546875,
                        2727.6999999999998181010596454143524169921875
                    ],
                    [
                        -71.943972000000002253727870993316173553466796875,
                        44.5896129999999999427018337883055210113525390625,
                        2721.09999999999990905052982270717620849609375
                    ],
                    [
                        -71.9437769999999972014848026446998119354248046875,
                        44.5896019999999992933226167224347591400146484375,
                        2706
                    ],
                    [
                        -71.9435739999999981364453560672700405120849609375,
                        44.5896139999999974179445416666567325592041015625,
                        2721.09999999999990905052982270717620849609375
                    ],
                    [
                        -71.943479999999993879100657068192958831787109375,
                        44.589641000000000303771230392158031463623046875,
                        2729.6999999999998181010596454143524169921875
                    ],
                    [
                        -71.94319799999999531792127527296543121337890625,
                        44.58971999999999979991116560995578765869140625,
                        2774.90000000000009094947017729282379150390625
                    ],
                    [
                        -71.943028999999995676262187771499156951904296875,
                        44.589799999999996771293808706104755401611328125,
                        2820.1999999999998181010596454143524169921875
                    ],
                    [
                        -71.942465999999996029146132059395313262939453125,
                        44.59021899999999760666469228453934192657470703125,
                        2867.5
                    ],
                    [
                        -71.9422569999999979017957230098545551300048828125,
                        44.590361000000001467924448661506175994873046875,
                        2841.5
                    ],
                    [
                        -71.941991000000001577063812874257564544677734375,
                        44.590542999999996709448168985545635223388671875,
                        2802.8000000000001818989403545856475830078125
                    ],
                    [
                        -71.9416470000000032314346753992140293121337890625,
                        44.590856999999999743522494100034236907958984375,
                        2802.8000000000001818989403545856475830078125
                    ],
                    [
                        -71.9414440000000041663952288217842578887939453125,
                        44.5910200000000003228706191293895244598388671875,
                        2826.40000000000009094947017729282379150390625
                    ],
                    [
                        -71.9410089999999939891495159827172756195068359375,
                        44.5913240000000001828084350563585758209228515625,
                        2822.1999999999998181010596454143524169921875
                    ],
                    [
                        -71.9408480000000025711415219120681285858154296875,
                        44.591464000000001988155418075621128082275390625,
                        2822.1999999999998181010596454143524169921875
                    ],
                    [
                        -71.9402500000000060254023992456495761871337890625,
                        44.59184400000000181307768798433244228363037109375,
                        2811.6999999999998181010596454143524169921875
                    ],
                    [
                        -71.9400159999999999627107172273099422454833984375,
                        44.59203999999999723513610661029815673828125,
                        2833
                    ],
                    [
                        -71.9396660000000025547706172801554203033447265625,
                        44.5923030000000011341398931108415126800537109375,
                        2820.1999999999998181010596454143524169921875
                    ],
                    [
                        -71.939513000000005149559001438319683074951171875,
                        44.592398000000002866727299988269805908203125,
                        2813.59999999999990905052982270717620849609375
                    ],
                    [
                        -71.9394510000000053651092457585036754608154296875,
                        44.5924490000000020017978386022150516510009765625,
                        2809.40000000000009094947017729282379150390625
                    ],
                    [
                        -71.939345000000002983142621815204620361328125,
                        44.592534999999998035491444170475006103515625,
                        2802.8000000000001818989403545856475830078125
                    ],
                    [
                        -71.9392050000000011777956387959420680999755859375,
                        44.5926860000000004902176442556083202362060546875,
                        2781.5
                    ],
                    [
                        -71.9390910000000047830326366238296031951904296875,
                        44.59275600000000139289113576523959636688232421875,
                        2772.59999999999990905052982270717620849609375
                    ],
                    [
                        -71.9390010000000046375134843401610851287841796875,
                        44.59278900000000334102878696285188198089599609375,
                        2770.6999999999998181010596454143524169921875
                    ],
                    [
                        -71.9388589999999936708263703621923923492431640625,
                        44.59279099999999829151420271955430507659912109375,
                        2774.90000000000009094947017729282379150390625
                    ],
                    [
                        -71.93865099999999301871866919100284576416015625,
                        44.59276299999999793044480611570179462432861328125,
                        2796.59999999999990905052982270717620849609375
                    ],
                    [
                        -71.9385520000000013851604308001697063446044921875,
                        44.59277800000000269164956989698112010955810546875,
                        2811.6999999999998181010596454143524169921875
                    ],
                    [
                        -71.938364000000007081325748004019260406494140625,
                        44.59283500000000088903107098303735256195068359375,
                        2826.40000000000009094947017729282379150390625
                    ],
                    [
                        -71.9382149999999995770849636755883693695068359375,
                        44.59282799999999724605004303157329559326171875,
                        2841.5
                    ],
                    [
                        -71.9376319999999935816958895884454250335693359375,
                        44.59251299999999673673301003873348236083984375,
                        2805.09999999999990905052982270717620849609375
                    ],
                    [
                        -71.936824999999998908606357872486114501953125,
                        44.59203000000000116642695502378046512603759765625,
                        2839.59999999999990905052982270717620849609375
                    ],
                    [
                        -71.936477999999993926394381560385227203369140625,
                        44.591904999999997016857378184795379638671875,
                        2852.40000000000009094947017729282379150390625
                    ],
                    [
                        -71.936204000000003588866093195974826812744140625,
                        44.59186299999999647525328327901661396026611328125,
                        2882.5
                    ],
                    [
                        -71.9361090000000018562786863185465335845947265625,
                        44.59184900000000340014594257809221744537353515625,
                        2889.09999999999990905052982270717620849609375
                    ],
                    [
                        -71.9359529999999978144842316396534442901611328125,
                        44.5918869999999998299244907684624195098876953125,
                        2886.8000000000001818989403545856475830078125
                    ],
                    [
                        -71.9357279999999974506863509304821491241455078125,
                        44.5919549999999986766852089203894138336181640625,
                        2899.90000000000009094947017729282379150390625
                    ],
                    [
                        -71.935597999999998819475877098739147186279296875,
                        44.59210999999999813780959811992943286895751953125,
                        2878.3000000000001818989403545856475830078125
                    ],
                    [
                        -71.9354090000000070403984864242374897003173828125,
                        44.592218000000002575688995420932769775390625,
                        2880.59999999999990905052982270717620849609375
                    ],
                    [
                        -71.9350850000000008321876521222293376922607421875,
                        44.59221699999999799501892994157969951629638671875,
                        2921.3000000000001818989403545856475830078125
                    ],
                    [
                        -71.934787999999997509803506545722484588623046875,
                        44.592253999999996949554770253598690032958984375,
                        2925.5
                    ],
                    [
                        -71.934562999999997146005625836551189422607421875,
                        44.59229500000000001591615728102624416351318359375,
                        2947.1999999999998181010596454143524169921875
                    ],
                    [
                        -71.93436800000000630461727268993854522705078125,
                        44.59235000000000326281224261038005352020263671875,
                        2962.3000000000001818989403545856475830078125
                    ],
                    [
                        -71.9340140000000047848516260273754596710205078125,
                        44.59236899999999792498783790506422519683837890625,
                        3011.8000000000001818989403545856475830078125
                    ],
                    [
                        -71.933908000000002402885002084076404571533203125,
                        44.5923599999999993315213941968977451324462890625,
                        3048.1999999999998181010596454143524169921875
                    ],
                    [
                        -71.9338340000000044938133214600384235382080078125,
                        44.59227700000000282898326986469328403472900390625,
                        3076.40000000000009094947017729282379150390625
                    ],
                    [
                        -71.9338240000000013196768122725188732147216796875,
                        44.59217799999999698457031627185642719268798828125,
                        3095.8000000000001818989403545856475830078125
                    ],
                    [
                        -71.9338120000000031950548873282968997955322265625,
                        44.59214999999999662350091966800391674041748046875,
                        3095.8000000000001818989403545856475830078125
                    ],
                    [
                        -71.9337680000000005975380190648138523101806640625,
                        44.5921129999999976689650793559849262237548828125,
                        3102
                    ],
                    [
                        -71.93373900000000276122591458261013031005859375,
                        44.5921019999999970195858622901141643524169921875,
                        3115.1999999999998181010596454143524169921875
                    ],
                    [
                        -71.9336440000000010286385077051818370819091796875,
                        44.59209899999999748843038105405867099761962890625,
                        3128
                    ],
                    [
                        -71.933548999999999296051100827753543853759765625,
                        44.592117999999999256033333949744701385498046875,
                        3136.5
                    ],
                    [
                        -71.9334290000000038389771361835300922393798828125,
                        44.5921570000000002664819476194679737091064453125,
                        3149.59999999999990905052982270717620849609375
                    ],
                    [
                        -71.9333089999999941710484563373029232025146484375,
                        44.5921799999999990404830896295607089996337890625,
                        3169
                    ],
                    [
                        -71.9332150000000041245584725402295589447021484375,
                        44.59215900000000232239472097717225551605224609375,
                        3179.8000000000001818989403545856475830078125
                    ],
                    [
                        -71.933145999999993591700331307947635650634765625,
                        44.59210499999999655074134352616965770721435546875,
                        3190.3000000000001818989403545856475830078125
                    ],
                    [
                        -71.9331049999999976307663018815219402313232421875,
                        44.59203699999999770398062537424266338348388671875,
                        3188.3000000000001818989403545856475830078125
                    ],
                    [
                        -71.9330920000000020309016690589487552642822265625,
                        44.5919669999999968013071338646113872528076171875,
                        3184.09999999999990905052982270717620849609375
                    ],
                    [
                        -71.93301900000000159707269631326198577880859375,
                        44.59185099999999835063135833479464054107666015625,
                        3188.3000000000001818989403545856475830078125
                    ],
                    [
                        -71.933007000000003472450771369040012359619140625,
                        44.591802999999998746716300956904888153076171875,
                        3186
                    ],
                    [
                        -71.9329699999999974124875734560191631317138671875,
                        44.59176000000000072986949817277491092681884765625,
                        3199.09999999999990905052982270717620849609375
                    ],
                    [
                        -71.932828000000000656655174680054187774658203125,
                        44.5916380000000032168827601708471775054931640625,
                        3209.59999999999990905052982270717620849609375
                    ],
                    [
                        -71.9327310000000039735823520459234714508056640625,
                        44.59159199999999856345311854965984821319580078125,
                        3218.5
                    ],
                    [
                        -71.9327310000000039735823520459234714508056640625,
                        44.59159199999999856345311854965984821319580078125,
                        3218.5
                    ],
                    [
                        -71.932501000000002022716216742992401123046875,
                        44.59148400000000123100107884965837001800537109375,
                        3244.09999999999990905052982270717620849609375
                    ],
                    [
                        -71.9324079999999952406142256222665309906005859375,
                        44.5914240000000035024640965275466442108154296875,
                        3254.90000000000009094947017729282379150390625
                    ],
                    [
                        -71.93231900000000678119249641895294189453125,
                        44.59134800000000353747964254580438137054443359375,
                        3268
                    ],
                    [
                        -71.932107999999999492501956410706043243408203125,
                        44.59111800000000158661350724287331104278564453125,
                        3289.40000000000009094947017729282379150390625
                    ],
                    [
                        -71.9320699999999959572960506193339824676513671875,
                        44.5910659999999978708729031495749950408935546875,
                        3285.09999999999990905052982270717620849609375
                    ],
                    [
                        -71.9320589999999953079168335534632205963134765625,
                        44.59101100000000172940417542122304439544677734375,
                        3280.8000000000001818989403545856475830078125
                    ],
                    [
                        -71.93202899999999999636202119290828704833984375,
                        44.5909570000000030631781555712223052978515625,
                        3293.59999999999990905052982270717620849609375
                    ],
                    [
                        -71.93202700000000504587660543620586395263671875,
                        44.59079799999999949022821965627372264862060546875,
                        3289.40000000000009094947017729282379150390625
                    ],
                    [
                        -71.9320139999999952351572574116289615631103515625,
                        44.590676000000001977241481654345989227294921875,
                        3295.90000000000009094947017729282379150390625
                    ],
                    [
                        -71.9318990000000013651515473611652851104736328125,
                        44.59051199999999681722329114563763141632080078125,
                        3323.8000000000001818989403545856475830078125
                    ],
                    [
                        -71.9318860000000057652869145385921001434326171875,
                        44.59047600000000244335751631297171115875244140625,
                        3323.8000000000001818989403545856475830078125
                    ],
                    [
                        -71.9318099999999986948751029558479785919189453125,
                        44.5904170000000021900632418692111968994140625,
                        3343.1999999999998181010596454143524169921875
                    ],
                    [
                        -71.931725999999997611666913144290447235107421875,
                        44.59037099999999753663360024802386760711669921875,
                        3358.3000000000001818989403545856475830078125
                    ],
                    [
                        -71.9314949999999981855580699630081653594970703125,
                        44.59030299999999868987288209609687328338623046875,
                        3381.90000000000009094947017729282379150390625
                    ],
                    [
                        -71.9313750000000027284841053187847137451171875,
                        44.5902889999999985093381837941706180572509765625,
                        3390.6999999999998181010596454143524169921875
                    ],
                    [
                        -71.9313149999999978945197653956711292266845703125,
                        44.590294999999997571649146266281604766845703125,
                        3401.1999999999998181010596454143524169921875
                    ],
                    [
                        -71.931252999999998110070009715855121612548828125,
                        44.5903109999999998080966179259121417999267578125,
                        3412.09999999999990905052982270717620849609375
                    ],
                    [
                        -71.931183000000004312823875807225704193115234375,
                        44.590339000000000169166014529764652252197265625,
                        3412.09999999999990905052982270717620849609375
                    ],
                    [
                        -71.9311210000000045283741201274096965789794921875,
                        44.5903789999999986548573360778391361236572265625,
                        3438
                    ],
                    [
                        -71.9310770000000019308572518639266490936279296875,
                        44.5904239999999987276169122196733951568603515625,
                        3463.90000000000009094947017729282379150390625
                    ],
                    [
                        -71.931093000000004167304723523557186126708984375,
                        44.590474000000000387444742955267429351806640625,
                        3472.40000000000009094947017729282379150390625
                    ],
                    [
                        -71.931117999999997891791281290352344512939453125,
                        44.59057800000000071349859354086220264434814453125,
                        3457.3000000000001818989403545856475830078125
                    ],
                    [
                        -71.9312479999999965230017551220953464508056640625,
                        44.5906939999999991641743690706789493560791015625,
                        3433.6999999999998181010596454143524169921875
                    ],
                    [
                        -71.9313570000000055415512179024517536163330078125,
                        44.5908390000000025565896066837012767791748046875,
                        3395
                    ],
                    [
                        -71.931477999999998473867890425026416778564453125,
                        44.5910300000000034970071283169090747833251953125,
                        3381.90000000000009094947017729282379150390625
                    ],
                    [
                        -71.931409999999999627107172273099422454833984375,
                        44.591104000000001406078808940947055816650390625,
                        3399.3000000000001818989403545856475830078125
                    ],
                    [
                        -71.931138000000004240064299665391445159912109375,
                        44.59109500000000281261236523278057575225830078125,
                        3438
                    ],
                    [
                        -71.9309230000000070504029281437397003173828125,
                        44.59110199999999935016603558324277400970458984375,
                        3461.59999999999990905052982270717620849609375
                    ],
                    [
                        -71.930824999999998681232682429254055023193359375,
                        44.59123100000000050613380153663456439971923828125,
                        3455.09999999999990905052982270717620849609375
                    ],
                    [
                        -71.9307539999999931978891254402697086334228515625,
                        44.59125099999999974897946231067180633544921875,
                        3455.09999999999990905052982270717620849609375
                    ],
                    [
                        -71.9306700000000063255356508307158946990966796875,
                        44.59123000000000303089109365828335285186767578125,
                        3461.59999999999990905052982270717620849609375
                    ],
                    [
                        -71.9306090000000040163286030292510986328125,
                        44.5911820000000034269760362803936004638671875,
                        3485.1999999999998181010596454143524169921875
                    ],
                    [
                        -71.9305599999999998317434801720082759857177734375,
                        44.5910989999999998190105543471872806549072265625,
                        3513.5
                    ],
                    [
                        -71.9305480000000017071215552277863025665283203125,
                        44.59105799999999675264916731975972652435302734375,
                        3528.5
                    ],
                    [
                        -71.930554000000000769432517699897289276123046875,
                        44.59099499999999949295670376159250736236572265625,
                        3543.59999999999990905052982270717620849609375
                    ],
                    [
                        -71.930556999999993195160641334950923919677734375,
                        44.59095099999999689543983549810945987701416015625,
                        3556.40000000000009094947017729282379150390625
                    ],
                    [
                        -71.9305250000000029331204132176935672760009765625,
                        44.59090499999999934743755147792398929595947265625,
                        3556.40000000000009094947017729282379150390625
                    ],
                    [
                        -71.930511999999993122401065193116664886474609375,
                        44.59085499999999768760972074232995510101318359375,
                        3567.3000000000001818989403545856475830078125
                    ],
                    [
                        -71.9303910000000001900843926705420017242431640625,
                        44.590699999999998226485331542789936065673828125,
                        3614.5
                    ],
                    [
                        -71.9303479999999950678102322854101657867431640625,
                        44.59066399999999674719219910912215709686279296875,
                        3614.5
                    ],
                    [
                        -71.9301410000000061017999541945755481719970703125,
                        44.59062999999999732381184003315865993499755859375,
                        3646.6999999999998181010596454143524169921875
                    ],
                    [
                        -71.930173999999993839082890190184116363525390625,
                        44.59055500000000193949745153076946735382080078125,
                        3627.3000000000001818989403545856475830078125
                    ],
                    [
                        -71.93013799999999946521711535751819610595703125,
                        44.5905029999999982237568474374711513519287109375,
                        3625.3000000000001818989403545856475830078125
                    ],
                    [
                        -71.930124000000006390109774656593799591064453125,
                        44.59043199999999984584064804948866367340087890625,
                        3607.90000000000009094947017729282379150390625
                    ],
                    [
                        -71.9300850000000053796611609868705272674560546875,
                        44.59035999999999688725438318215310573577880859375,
                        3590.90000000000009094947017729282379150390625
                    ],
                    [
                        -71.9300170000000065329004428349435329437255859375,
                        44.59029799999999710280462750233709812164306640625,
                        3578.09999999999990905052982270717620849609375
                    ],
                    [
                        -71.9299170000000032132447813637554645538330078125,
                        44.59025900000000319778337143361568450927734375,
                        3563
                    ],
                    [
                        -71.9298079999999941946953185833990573883056640625,
                        44.5902540000000016107151168398559093475341796875,
                        3571.5
                    ],
                    [
                        -71.9297100000000000363797880709171295166015625,
                        44.59027499999999832880348549224436283111572265625,
                        3595.09999999999990905052982270717620849609375
                    ],
                    [
                        -71.9295039999999943347575026564300060272216796875,
                        44.59035000000000081854523159563541412353515625,
                        3657.5
                    ],
                    [
                        -71.929404000000005225956556387245655059814453125,
                        44.59036499999999847432263777591288089752197265625,
                        3670.59999999999990905052982270717620849609375
                    ],
                    [
                        -71.9293550000000010413714335300028324127197265625,
                        44.59036499999999847432263777591288089752197265625,
                        3683.40000000000009094947017729282379150390625
                    ],
                    [
                        -71.9292999999999977944753482006490230560302734375,
                        44.5903550000000024056134861893951892852783203125,
                        3683.40000000000009094947017729282379150390625
                    ],
                    [
                        -71.9291869999999988749550539068877696990966796875,
                        44.59030899999999775218384456820785999298095703125,
                        3683.40000000000009094947017729282379150390625
                    ],
                    [
                        -71.9288939999999996643964550457894802093505859375,
                        44.5901309999999995170583133585751056671142578125,
                        3651.1999999999998181010596454143524169921875
                    ],
                    [
                        -71.9286149999999935289451968856155872344970703125,
                        44.58998199999999911824488663114607334136962890625,
                        3640.40000000000009094947017729282379150390625
                    ],
                    [
                        -71.9284109999999969886630424298346042633056640625,
                        44.589888999999999441570253111422061920166015625,
                        3633.90000000000009094947017729282379150390625
                    ],
                    [
                        -71.9283070000000037680365494452416896820068359375,
                        44.5898619999999965557435643859207630157470703125,
                        3642.40000000000009094947017729282379150390625
                    ],
                    [
                        -71.9279259999999993624442140571773052215576171875,
                        44.5898269999999996571204974316060543060302734375,
                        3661.6999999999998181010596454143524169921875
                    ],
                    [
                        -71.9278630000000021027517504990100860595703125,
                        44.58980900000000247018761001527309417724609375,
                        3670.59999999999990905052982270717620849609375
                    ],
                    [
                        -71.9277029999999939491317491047084331512451171875,
                        44.589731999999997924533090554177761077880859375,
                        3636.1999999999998181010596454143524169921875
                    ],
                    [
                        -71.9276420000000058507794165052473545074462890625,
                        44.58971100000000120644472190178930759429931640625,
                        3636.1999999999998181010596454143524169921875
                    ],
                    [
                        -71.92757299999999531792127527296543121337890625,
                        44.58970099999999803230821271426975727081298828125,
                        3636.1999999999998181010596454143524169921875
                    ],
                    [
                        -71.9274970000000024583641788922250270843505859375,
                        44.589709999999996625774656422436237335205078125,
                        3636.1999999999998181010596454143524169921875
                    ],
                    [
                        -71.9272250000000070713213062845170497894287109375,
                        44.58976799999999940382622298784554004669189453125,
                        3649
                    ],
                    [
                        -71.92707699999999704232322983443737030029296875,
                        44.5897870000000011714291758835315704345703125,
                        3646.6999999999998181010596454143524169921875
                    ],
                    [
                        -71.9270049999999940837369649671018123626708984375,
                        44.5898030000000034078766475431621074676513671875,
                        3668.3000000000001818989403545856475830078125
                    ],
                    [
                        -71.9267789999999962446963763795793056488037109375,
                        44.58987599999999673627826268784701824188232421875,
                        3681.09999999999990905052982270717620849609375
                    ],
                    [
                        -71.9262149999999991223376127891242504119873046875,
                        44.5899500000000017507773009128868579864501953125,
                        3709.3000000000001818989403545856475830078125
                    ],
                    [
                        -71.9260550000000051795723265968263149261474609375,
                        44.58998799999999818055584910325706005096435546875,
                        3732.90000000000009094947017729282379150390625
                    ],
                    [
                        -71.92581400000000257932697422802448272705078125,
                        44.5900620000000031950548873282968997955322265625,
                        3750
                    ],
                    [
                        -71.9256759999999957244654069654643535614013671875,
                        44.5900850000000019690560293383896350860595703125,
                        3752.3000000000001818989403545856475830078125
                    ],
                    [
                        -71.925512999999995145117281936109066009521484375,
                        44.59008999999999645069692633114755153656005859375,
                        3754.59999999999990905052982270717620849609375
                    ],
                    [
                        -71.9252469999999988203853718005120754241943359375,
                        44.5900850000000019690560293383896350860595703125,
                        3774
                    ],
                    [
                        -71.924858000000000401996658183634281158447265625,
                        44.5901080000000007430571713484823703765869140625,
                        3842.8000000000001818989403545856475830078125
                    ],
                    [
                        -71.924745000000001482476363889873027801513671875,
                        44.59010099999999710007614339701831340789794921875,
                        3853.3000000000001818989403545856475830078125
                    ],
                    [
                        -71.9243479999999948404365568421781063079833984375,
                        44.59004900000000048976289690472185611724853515625,
                        3814.59999999999990905052982270717620849609375
                    ],
                    [
                        -71.92419599999999491046764887869358062744140625,
                        44.59004900000000048976289690472185611724853515625,
                        3789
                    ],
                    [
                        -71.9239529999999973597368807531893253326416015625,
                        44.59006600000000020145307644270360469818115234375,
                        3752.3000000000001818989403545856475830078125
                    ],
                    [
                        -71.92378800000000182990333996713161468505859375,
                        44.59010099999999710007614339701831340789794921875,
                        3758.90000000000009094947017729282379150390625
                    ],
                    [
                        -71.9237179999999938218024908564984798431396484375,
                        44.5901300000000020418156054802238941192626953125,
                        3758.90000000000009094947017729282379150390625
                    ],
                    [
                        -71.92365200000000413638190366327762603759765625,
                        44.5901649999999989404386724345386028289794921875,
                        3775.90000000000009094947017729282379150390625
                    ],
                    [
                        -71.9235429999999951178324408829212188720703125,
                        44.5902389999999968495103530585765838623046875,
                        3791
                    ],
                    [
                        -71.923393000000004349203663878142833709716796875,
                        44.59030899999999775218384456820785999298095703125,
                        3789
                    ],
                    [
                        -71.922811999999993304300005547702312469482421875,
                        44.5904359999999968522388371638953685760498046875,
                        3726.40000000000009094947017729282379150390625
                    ],
                    [
                        -71.9226570000000009486029739491641521453857421875,
                        44.59049399999999963029040372930467128753662109375,
                        3709.3000000000001818989403545856475830078125
                    ],
                    [
                        -71.9225789999999989277057466097176074981689453125,
                        44.59053000000000110958353616297245025634765625,
                        3702.8000000000001818989403545856475830078125
                    ],
                    [
                        -71.922404999999997698978404514491558074951171875,
                        44.59066700000000338377503794617950916290283203125,
                        3694.1999999999998181010596454143524169921875
                    ],
                    [
                        -71.922269000000000005456968210637569427490234375,
                        44.590811999999999670762917958199977874755859375,
                        3691.90000000000009094947017729282379150390625
                    ],
                    [
                        -71.9222299999999989950083545409142971038818359375,
                        44.590856999999999743522494100034236907958984375,
                        3683.40000000000009094947017729282379150390625
                    ],
                    [
                        -71.9221840000000014470060705207288265228271484375,
                        44.59093599999999923966242931783199310302734375,
                        3683.40000000000009094947017729282379150390625
                    ],
                    [
                        -71.9221759999999932233549770899116992950439453125,
                        44.59097299999999819419826962985098361968994140625,
                        3683.40000000000009094947017729282379150390625
                    ],
                    [
                        -71.922146999999995387042872607707977294921875,
                        44.59100600000000014233592082746326923370361328125,
                        3679.09999999999990905052982270717620849609375
                    ],
                    [
                        -71.922133000000002311935531906783580780029296875,
                        44.59107900000000057616489357315003871917724609375,
                        3687.6999999999998181010596454143524169921875
                    ],
                    [
                        -71.92210199999999531428329646587371826171875,
                        44.59111599999999953070073388516902923583984375,
                        3687.6999999999998181010596454143524169921875
                    ],
                    [
                        -71.922090999999994664904079400002956390380859375,
                        44.5911540000000030659066396765410900115966796875,
                        3691.90000000000009094947017729282379150390625
                    ],
                    [
                        -71.9220559999999977662810124456882476806640625,
                        44.59119100000000202044247998856008052825927734375,
                        3687.6999999999998181010596454143524169921875
                    ],
                    [
                        -71.921974000000005844412953592836856842041015625,
                        44.59125999999999834244590601883828639984130859375,
                        3685.6999999999998181010596454143524169921875
                    ],
                    [
                        -71.921841999999998051862348802387714385986328125,
                        44.59134800000000353747964254580438137054443359375,
                        3694.1999999999998181010596454143524169921875
                    ],
                    [
                        -71.921729999999996607584762386977672576904296875,
                        44.59143499999999704641595599241554737091064453125,
                        3698.5
                    ],
                    [
                        -71.921729999999996607584762386977672576904296875,
                        44.59143499999999704641595599241554737091064453125,
                        3698.5
                    ],
                    [
                        -71.921706000000000358340912498533725738525390625,
                        44.5914539999999988140189088881015777587890625,
                        3709.3000000000001818989403545856475830078125
                    ],
                    [
                        -71.92164800000000468571670353412628173828125,
                        44.591487999999998237399267964065074920654296875,
                        3709.3000000000001818989403545856475830078125
                    ],
                    [
                        -71.9215219999999959554770612157881259918212890625,
                        44.59154600000000101545083452947437763214111328125,
                        3715.59999999999990905052982270717620849609375
                    ],
                    [
                        -71.9212739999999968176780384965240955352783203125,
                        44.59164299999999769852365716360509395599365234375,
                        3700.8000000000001818989403545856475830078125
                    ],
                    [
                        -71.9211030000000022255335352383553981781005859375,
                        44.59169800000000094541974249295890331268310546875,
                        3687.6999999999998181010596454143524169921875
                    ],
                    [
                        -71.9208679999999986875991453416645526885986328125,
                        44.591757000000001198714016936719417572021484375,
                        3690
                    ],
                    [
                        -71.92068100000000185900717042386531829833984375,
                        44.5918300000000016325429896824061870574951171875,
                        3702.8000000000001818989403545856475830078125
                    ],
                    [
                        -71.9205869999999976016624714247882366180419921875,
                        44.591847999999998819475877098739147186279296875,
                        3702.8000000000001818989403545856475830078125
                    ],
                    [
                        -71.9205309999999968795236782170832157135009765625,
                        44.59185000000000087538865045644342899322509765625,
                        3700.8000000000001818989403545856475830078125
                    ],
                    [
                        -71.920343000000002575688995420932769775390625,
                        44.59182899999999705187292420305311679840087890625,
                        3690
                    ],
                    [
                        -71.9202619999999939182089292444288730621337890625,
                        44.5918319999999965830284054391086101531982421875,
                        3685.6999999999998181010596454143524169921875
                    ],
                    [
                        -71.920084000000002788510755635797977447509765625,
                        44.59185000000000087538865045644342899322509765625,
                        3687.6999999999998181010596454143524169921875
                    ],
                    [
                        -71.919995000000000118234311230480670928955078125,
                        44.5918769999999966557879815809428691864013671875,
                        3709.3000000000001818989403545856475830078125
                    ],
                    [
                        -71.91991400000000567160896025598049163818359375,
                        44.5919200000000017780621419660747051239013671875,
                        3711.3000000000001818989403545856475830078125
                    ],
                    [
                        -71.91980100000000675208866596221923828125,
                        44.59203500000000275349520961754024028778076171875,
                        3739.5
                    ],
                    [
                        -71.9197319999999962192305247299373149871826171875,
                        44.59213199999999943656803225167095661163330078125,
                        3756.59999999999990905052982270717620849609375
                    ],
                    [
                        -71.91964799999999513602233491837978363037109375,
                        44.592229000000003225068212486803531646728515625,
                        3756.59999999999990905052982270717620849609375
                    ],
                    [
                        -71.919522000000000616637407802045345306396484375,
                        44.59232899999999943929651635698974132537841796875,
                        3758.90000000000009094947017729282379150390625
                    ],
                    [
                        -71.919432000000000471118255518376827239990234375,
                        44.5923810000000031550371204502880573272705078125,
                        3758.90000000000009094947017729282379150390625
                    ],
                    [
                        -71.91933000000000220097717829048633575439453125,
                        44.59241200000000304726199829019606113433837890625,
                        3739.5
                    ],
                    [
                        -71.9191919999999953461156110279262065887451171875,
                        44.592433999999997240593074820935726165771484375,
                        3741.5
                    ],
                    [
                        -71.919048000000003639797796495258808135986328125,
                        44.59246799999999666397343389689922332763671875,
                        3722.09999999999990905052982270717620849609375
                    ],
                    [
                        -71.91883500000000140062184073030948638916015625,
                        44.592545000000001209627953357994556427001953125,
                        3724.40000000000009094947017729282379150390625
                    ],
                    [
                        -71.9187639999999959172782837413251399993896484375,
                        44.5925610000000034460754250176250934600830078125,
                        3735.1999999999998181010596454143524169921875
                    ],
                    [
                        -71.9186629999999951223799143917858600616455078125,
                        44.592567999999999983629095368087291717529296875,
                        3735.1999999999998181010596454143524169921875
                    ],
                    [
                        -71.91852099999999836654751561582088470458984375,
                        44.5925629999999983965608407743275165557861328125,
                        3743.8000000000001818989403545856475830078125
                    ],
                    [
                        -71.9183560000000028367139748297631740570068359375,
                        44.5925840000000022200765670277178287506103515625,
                        3752.3000000000001818989403545856475830078125
                    ],
                    [
                        -71.9182220000000000936779542826116085052490234375,
                        44.59268399999999843430487089790403842926025390625,
                        3782.5
                    ],
                    [
                        -71.91818499999999403371475636959075927734375,
                        44.5927989999999994097379385493695735931396484375,
                        3801.8000000000001818989403545856475830078125
                    ],
                    [
                        -71.91818499999999403371475636959075927734375,
                        44.5929900000000003501554601825773715972900390625,
                        3818.90000000000009094947017729282379150390625
                    ],
                    [
                        -71.9181449999999955480234348215162754058837890625,
                        44.5930809999999979709173203445971012115478515625,
                        3823.5
                    ],
                    [
                        -71.9180960000000055742930271662771701812744140625,
                        44.59314599999999728652255726046860218048095703125,
                        3818.90000000000009094947017729282379150390625
                    ],
                    [
                        -71.918011000000007015842129476368427276611328125,
                        44.5932150000000007139533408917486667633056640625,
                        3812.6999999999998181010596454143524169921875
                    ],
                    [
                        -71.917948999999993020537658594548702239990234375,
                        44.59327799999999797364580444991588592529296875,
                        3816.90000000000009094947017729282379150390625
                    ],
                    [
                        -71.91793499999999994543031789362430572509765625,
                        44.59330299999999880355971981771290302276611328125,
                        3823.5
                    ],
                    [
                        -71.9179280000000034078766475431621074676513671875,
                        44.5933509999999984074747771956026554107666015625,
                        3832
                    ],
                    [
                        -71.91788800000000492218532599508762359619140625,
                        44.59341299999999819192453287541866302490234375,
                        3838.3000000000001818989403545856475830078125
                    ],
                    [
                        -71.9178480000000064364940044470131397247314453125,
                        44.59344999999999714646037318743765354156494140625,
                        3834
                    ],
                    [
                        -71.9177969999999930905687506310641765594482421875,
                        44.5934859999999986257535056211054325103759765625,
                        3838.3000000000001818989403545856475830078125
                    ],
                    [
                        -71.917599999999993087840266525745391845703125,
                        44.59359299999999848296283744275569915771484375,
                        3838.3000000000001818989403545856475830078125
                    ],
                    [
                        -71.9175010000000014542820281349122524261474609375,
                        44.593671999999997979102772660553455352783203125,
                        3849.09999999999990905052982270717620849609375
                    ],
                    [
                        -71.917157000000003108652890659868717193603515625,
                        44.59398800000000306908987113274633884429931640625,
                        3892.40000000000009094947017729282379150390625
                    ],
                    [
                        -71.91698900000000094223651103675365447998046875,
                        44.5941260000000028185240807943046092987060546875,
                        3892.40000000000009094947017729282379150390625
                    ],
                    [
                        -71.916889999999995097823557443916797637939453125,
                        44.5942009999999982028384692966938018798828125,
                        3890.09999999999990905052982270717620849609375
                    ],
                    [
                        -71.916752999999999929059413261711597442626953125,
                        44.59428199999999975489117787219583988189697265625,
                        3890.09999999999990905052982270717620849609375
                    ],
                    [
                        -71.91667599999999538340489380061626434326171875,
                        44.59431200000000217187334783375263214111328125,
                        3890.09999999999990905052982270717620849609375
                    ],
                    [
                        -71.91658200000000533691491000354290008544921875,
                        44.5943340000000034706317819654941558837890625,
                        3894.40000000000009094947017729282379150390625
                    ],
                    [
                        -71.916234000000002879460225813090801239013671875,
                        44.59437700000000148747858474962413311004638671875,
                        3911.6999999999998181010596454143524169921875
                    ],
                    [
                        -71.916121000000003959939931519329547882080078125,
                        44.59440500000000184854798135347664356231689453125,
                        3918
                    ],
                    [
                        -71.9158939999999944348019198514521121978759765625,
                        44.594504999999998062776285223662853240966796875,
                        3926.8000000000001818989403545856475830078125
                    ],
                    [
                        -71.9158589999999975361788528971374034881591796875,
                        44.59453400000000300451574730686843395233154296875,
                        3926.8000000000001818989403545856475830078125
                    ],
                    [
                        -71.9158220000000056870703701861202716827392578125,
                        44.594741999999996551196090877056121826171875,
                        3941.59999999999990905052982270717620849609375
                    ],
                    [
                        -71.913826000000000249201548285782337188720703125,
                        44.59348800000000068166627897880971431732177734375,
                        3782.5
                    ],
                    [
                        -71.913826000000000249201548285782337188720703125,
                        44.59348800000000068166627897880971431732177734375,
                        3782.5
                    ],
                    [
                        -71.913668999999998732164385728538036346435546875,
                        44.5933890000000019426806829869747161865234375,
                        3771.6999999999998181010596454143524169921875
                    ],
                    [
                        -71.9137520000000023401298676617443561553955078125,
                        44.59327300000000349200490745715796947479248046875,
                        3763.09999999999990905052982270717620849609375
                    ],
                    [
                        -71.9138219999999961373760015703737735748291015625,
                        44.59318400000000082172846305184066295623779296875,
                        3758.90000000000009094947017729282379150390625
                    ],
                    [
                        -71.9139569999999963556547299958765506744384765625,
                        44.59307799999999843976183910854160785675048828125,
                        3760.8000000000001818989403545856475830078125
                    ],
                    [
                        -71.9142219999999952051439322531223297119140625,
                        44.5928660000000007812559488229453563690185546875,
                        3780.1999999999998181010596454143524169921875
                    ],
                    [
                        -71.91428600000000415093381889164447784423828125,
                        44.59278499999999922920324024744331836700439453125,
                        3789
                    ],
                    [
                        -71.9143049999999988131094141863286495208740234375,
                        44.5927429999999986875991453416645526885986328125,
                        3789
                    ],
                    [
                        -71.9143059999999962883521220646798610687255859375,
                        44.592713000000003376044332981109619140625,
                        3797.59999999999990905052982270717620849609375
                    ],
                    [
                        -71.9143069999999937635948299430310726165771484375,
                        44.59268399999999843430487089790403842926025390625,
                        3797.59999999999990905052982270717620849609375
                    ],
                    [
                        -71.91428999999999405190465040504932403564453125,
                        44.59264799999999695501173846423625946044921875,
                        3803.8000000000001818989403545856475830078125
                    ],
                    [
                        -71.9142140000000011923475540243089199066162109375,
                        44.59254899999999821602614247240126132965087890625,
                        3814.59999999999990905052982270717620849609375
                    ],
                    [
                        -71.9140220000000027766873245127499103546142578125,
                        44.5923360000000030822775443084537982940673828125,
                        3814.59999999999990905052982270717620849609375
                    ],
                    [
                        -71.9139219999999994570316630415618419647216796875,
                        44.59223399999999770670910947956144809722900390625,
                        3808.40000000000009094947017729282379150390625
                    ],
                    [
                        -71.914039000000002488377504050731658935546875,
                        44.59217699999999950932760839350521564483642578125,
                        3806.09999999999990905052982270717620849609375
                    ],
                    [
                        -71.9144979999999947040123515762388706207275390625,
                        44.59194699999999755846147309057414531707763671875,
                        3778.1999999999998181010596454143524169921875
                    ],
                    [
                        -71.914885999999995647158357314765453338623046875,
                        44.59178899999999856618160265497863292694091796875,
                        3784.40000000000009094947017729282379150390625
                    ],
                    [
                        -71.9152940000000029385773814283311367034912109375,
                        44.59164200000000022328094928525388240814208984375,
                        3784.40000000000009094947017729282379150390625
                    ],
                    [
                        -71.9157090000000067675500758923590183258056640625,
                        44.59150600000000252975951298139989376068115234375,
                        3763.09999999999990905052982270717620849609375
                    ],
                    [
                        -71.915662999999995008693076670169830322265625,
                        44.59141199999999827241481398232281208038330078125,
                        3763.09999999999990905052982270717620849609375
                    ],
                    [
                        -71.9156310000000047466528485529124736785888671875,
                        44.59129599999999982173903845250606536865234375,
                        3775.90000000000009094947017729282379150390625
                    ],
                    [
                        -71.9156080000000059726517065428197383880615234375,
                        44.59125199999999722422217018902301788330078125,
                        3782.5
                    ],
                    [
                        -71.9155080000000026529960450716316699981689453125,
                        44.59106299999999833971742191351950168609619140625,
                        3797.59999999999990905052982270717620849609375
                    ],
                    [
                        -71.91541499999999587089405395090579986572265625,
                        44.5909589999999980136635713279247283935546875,
                        3806.09999999999990905052982270717620849609375
                    ],
                    [
                        -71.9152720000000016398189472965896129608154296875,
                        44.59082699999999732654032413847744464874267578125,
                        3825.5
                    ],
                    [
                        -71.9154060000000043828549678437411785125732421875,
                        44.590743000000003348759491927921772003173828125,
                        3823.5
                    ],
                    [
                        -71.915446000000002868546289391815662384033203125,
                        44.59071000000000140062184073030948638916015625,
                        3827.8000000000001818989403545856475830078125
                    ],
                    [
                        -71.91545700000000351792550645768642425537109375,
                        44.590654999999998153725755400955677032470703125,
                        3827.8000000000001818989403545856475830078125
                    ],
                    [
                        -71.915467000000006692062015645205974578857421875,
                        44.590564000000000532963895238935947418212890625,
                        3838.3000000000001818989403545856475830078125
                    ],
                    [
                        -71.9154500000000069803718361072242259979248046875,
                        44.5904009999999999536157702095806598663330078125,
                        3849.09999999999990905052982270717620849609375
                    ],
                    [
                        -71.915435999999999694409780204296112060546875,
                        44.5903289999999969950295053422451019287109375,
                        3849.09999999999990905052982270717620849609375
                    ],
                    [
                        -71.9153919999999970968929119408130645751953125,
                        44.59026800000000179124981514178216457366943359375,
                        3844.8000000000001818989403545856475830078125
                    ],
                    [
                        -71.91532399999999825013219378888607025146484375,
                        44.5902099999999990131982485763728618621826171875,
                        3853.3000000000001818989403545856475830078125
                    ],
                    [
                        -71.9152100000000018553691916167736053466796875,
                        44.59011799999999681176632293500006198883056640625,
                        3879.3000000000001818989403545856475830078125
                    ],
                    [
                        -71.9151489999999995461621438153088092803955078125,
                        44.590057999999999083229340612888336181640625,
                        3875
                    ],
                    [
                        -71.915122999999994135578162968158721923828125,
                        44.59002799999999666624717065133154392242431640625,
                        3879.3000000000001818989403545856475830078125
                    ],
                    [
                        -71.9150319999999965148163028061389923095703125,
                        44.58990200000000214686224353499710559844970703125,
                        3866.5
                    ],
                    [
                        -71.914931999999993195160641334950923919677734375,
                        44.58977900000000005320544005371630191802978515625,
                        3872.6999999999998181010596454143524169921875
                    ],
                    [
                        -71.914840999999995574398781172931194305419921875,
                        44.5896690000000006648406269960105419158935546875,
                        3894.40000000000009094947017729282379150390625
                    ],
                    [
                        -71.9145780000000058862497098743915557861328125,
                        44.589573999999998932253220118582248687744140625,
                        3916
                    ],
                    [
                        -71.9143820000000033587639336474239826202392578125,
                        44.58949100000000242971509578637778759002685546875,
                        3939.59999999999990905052982270717620849609375
                    ],
                    [
                        -71.9142369999999999663486960344016551971435546875,
                        44.58961000000000041154635255225002765655517578125,
                        3941.59999999999990905052982270717620849609375
                    ],
                    [
                        -71.9140479999999939764165901578962802886962890625,
                        44.58966099999999954661689116619527339935302734375,
                        3954.6999999999998181010596454143524169921875
                    ],
                    [
                        -71.9138860000000050831658882088959217071533203125,
                        44.5897470000000026857378543354570865631103515625,
                        3961
                    ],
                    [
                        -71.91363400000000183354131877422332763671875,
                        44.58972800000000091813490143977105617523193359375,
                        3986.90000000000009094947017729282379150390625
                    ],
                    [
                        -71.913455999999996492988429963588714599609375,
                        44.5897870000000011714291758835315704345703125,
                        3976
                    ],
                    [
                        -71.913355999999993173332768492400646209716796875,
                        44.58978400000000164027369464747607707977294921875,
                        3976
                    ],
                    [
                        -71.9129860000000036279743653722107410430908203125,
                        44.589664999999996553015080280601978302001953125,
                        4010.5
                    ],
                    [
                        -71.912497999999999365172698162496089935302734375,
                        44.58956500000000033878677641041576862335205078125,
                        4034.40000000000009094947017729282379150390625
                    ],
                    [
                        -71.912295000000000300133251585066318511962890625,
                        44.58957699999999846340870135463774204254150390625,
                        4055.8000000000001818989403545856475830078125
                    ],
                    [
                        -71.9120989999999977726474753580987453460693359375,
                        44.58961000000000041154635255225002765655517578125,
                        4064.3000000000001818989403545856475830078125
                    ],
                    [
                        -71.9117439999999987776391208171844482421875,
                        44.58962999999999965439201332628726959228515625,
                        4066.59999999999990905052982270717620849609375
                    ],
                    [
                        -71.911597999999997909981175325810909271240234375,
                        44.589607999999998355633579194545745849609375,
                        4088.3000000000001818989403545856475830078125
                    ],
                    [
                        -71.91149799999999459032551385462284088134765625,
                        44.58962199999999853616827749647200107574462890625,
                        4092.5
                    ],
                    [
                        -71.9111989999999963174559525214135646820068359375,
                        44.5897580000000033351170714013278484344482421875,
                        4111.899999999999636202119290828704833984375
                    ],
                    [
                        -71.91091099999999869396560825407505035400390625,
                        44.58991300000000279624146060086786746978759765625,
                        4118.100000000000363797880709171295166015625
                    ],
                    [
                        -71.91091099999999869396560825407505035400390625,
                        44.58991300000000279624146060086786746978759765625,
                        4118.100000000000363797880709171295166015625
                    ],
                    [
                        -71.9108360000000033096512197516858577728271484375,
                        44.58995399999999875717549002729356288909912109375,
                        4124.6999999999998181010596454143524169921875
                    ],
                    [
                        -71.910606000000001358785084448754787445068359375,
                        44.59014400000000222235030378215014934539794921875,
                        4157.1999999999998181010596454143524169921875
                    ],
                    [
                        -71.91023599999999760257196612656116485595703125,
                        44.59033500000000316276782541535794734954833984375,
                        4223.8000000000001818989403545856475830078125
                    ],
                    [
                        -71.909503000000000838554115034639835357666015625,
                        44.59107300000000151385393110103905200958251953125,
                        4273.3000000000001818989403545856475830078125
                    ],
                    [
                        -71.909388000000006968548404984176158905029296875,
                        44.5911439999999998917701304890215396881103515625,
                        4281.8000000000001818989403545856475830078125
                    ],
                    [
                        -71.9092959999999976616891217418015003204345703125,
                        44.5911669999999986657712724991142749786376953125,
                        4290.399999999999636202119290828704833984375
                    ],
                    [
                        -71.90915599999999585634213872253894805908203125,
                        44.59112499999999812416717759333550930023193359375,
                        4312
                    ],
                    [
                        -71.9083040000000011104930308647453784942626953125,
                        44.59073000000000064346750150434672832489013671875,
                        4423.899999999999636202119290828704833984375
                    ],
                    [
                        -71.907860999999996920450939796864986419677734375,
                        44.59048800000000056797944125719368457794189453125,
                        4490.8000000000001818989403545856475830078125
                    ],
                    [
                        -71.9073810000000008813003660179674625396728515625,
                        44.5901649999999989404386724345386028289794921875,
                        4531.5
                    ],
                    [
                        -71.9068330000000059953890740871429443359375,
                        44.58984099999999983765519573353230953216552734375,
                        4570.1999999999998181010596454143524169921875
                    ],
                    [
                        -71.90629699999999502324499189853668212890625,
                        44.589573999999998932253220118582248687744140625,
                        4617.8000000000001818989403545856475830078125
                    ],
                    [
                        -71.9059720000000055506461649201810359954833984375,
                        44.58941200000000293357516056858003139495849609375,
                        4643.6999999999998181010596454143524169921875
                    ],
                    [
                        -71.9058940000000035297489375807344913482666015625,
                        44.5894339999999971269062370993196964263916015625,
                        4649.899999999999636202119290828704833984375
                    ],
                    [
                        -71.9057279999999963138179737143218517303466796875,
                        44.58950399999999802957972860895097255706787109375,
                        4658.5
                    ],
                    [
                        -71.90557300000000395812094211578369140625,
                        44.58958799999999911278791842050850391387939453125,
                        4660.8000000000001818989403545856475830078125
                    ],
                    [
                        -71.9051649999999966667019180022180080413818359375,
                        44.5894440000000003010427462868392467498779296875,
                        4701.8000000000001818989403545856475830078125
                    ],
                    [
                        -71.9050629999999983965608407743275165557861328125,
                        44.5894229999999964775270200334489345550537109375,
                        4706
                    ],
                    [
                        -71.9048910000000063291736296378076076507568359375,
                        44.5894899999999978490450303070247173309326171875,
                        4710.3000000000001818989403545856475830078125
                    ],
                    [
                        -71.904707000000001926309778355062007904052734375,
                        44.58961500000000199861460714600980281829833984375,
                        4716.899999999999636202119290828704833984375
                    ],
                    [
                        -71.9045409999999947103788144886493682861328125,
                        44.58979699999999724013832747004926204681396484375,
                        4736.1999999999998181010596454143524169921875
                    ],
                    [
                        -71.9044039999999995416146703064441680908203125,
                        44.58998900000000276122591458261013031005859375,
                        4710.3000000000001818989403545856475830078125
                    ],
                    [
                        -71.904088000000001557054929435253143310546875,
                        44.590271000000001322405296377837657928466796875,
                        4732
                    ],
                    [
                        -71.9039680000000060999809647910296916961669921875,
                        44.59033699999999811325324117206037044525146484375,
                        4742.5
                    ],
                    [
                        -71.9037699999999944111550576053559780120849609375,
                        44.5903670000000005302354111336171627044677734375,
                        4744.8000000000001818989403545856475830078125
                    ],
                    [
                        -71.903414999999995416146703064441680908203125,
                        44.59038199999999818601281731389462947845458984375,
                        4766.399999999999636202119290828704833984375
                    ],
                    [
                        -71.90316400000000385261955671012401580810546875,
                        44.5903559999999998808561940677464008331298828125,
                        4774.899999999999636202119290828704833984375
                    ],
                    [
                        -71.9028559999999998808561940677464008331298828125,
                        44.59034100000000222507878788746893405914306640625,
                        4783.5
                    ],
                    [
                        -71.9026060000000057925717555917799472808837890625,
                        44.5903289999999969950295053422451019287109375,
                        4807.100000000000363797880709171295166015625
                    ],
                    [
                        -71.9024409999999960518834996037185192108154296875,
                        44.5902650000000022600943339057266712188720703125,
                        4837.3000000000001818989403545856475830078125
                    ],
                    [
                        -71.9022729999999938854671199806034564971923828125,
                        44.59030899999999775218384456820785999298095703125,
                        4882.5
                    ],
                    [
                        -71.9021599999999949659468256868422031402587890625,
                        44.590428000000002839442458935081958770751953125,
                        4904.1999999999998181010596454143524169921875
                    ],
                    [
                        -71.9017319999999955371094984002411365509033203125,
                        44.5907380000000017616912373341619968414306640625,
                        4860.899999999999636202119290828704833984375
                    ],
                    [
                        -71.90149900000000116051523946225643157958984375,
                        44.59087699999999898636815487407147884368896484375,
                        4837.3000000000001818989403545856475830078125
                    ],
                    [
                        -71.9012780000000049085429054684937000274658203125,
                        44.5909649999999970759745338000357151031494140625,
                        4820.1999999999998181010596454143524169921875
                    ],
                    [
                        -71.900879000000003316017682664096355438232421875,
                        44.5910200000000003228706191293895244598388671875,
                        4839.600000000000363797880709171295166015625
                    ],
                    [
                        -71.900677000000001726220943965017795562744140625,
                        44.5910319999999984474925440736114978790283203125,
                        4848.100000000000363797880709171295166015625
                    ],
                    [
                        -71.9000419999999991205186233855783939361572265625,
                        44.59104500000000115278453449718654155731201171875,
                        4880.1999999999998181010596454143524169921875
                    ],
                    [
                        -71.9000419999999991205186233855783939361572265625,
                        44.59104500000000115278453449718654155731201171875,
                        4880.1999999999998181010596454143524169921875
                    ],
                    [
                        -71.900677000000001726220943965017795562744140625,
                        44.5910319999999984474925440736114978790283203125,
                        4848.100000000000363797880709171295166015625
                    ],
                    [
                        -71.900879000000003316017682664096355438232421875,
                        44.5910200000000003228706191293895244598388671875,
                        4839.600000000000363797880709171295166015625
                    ],
                    [
                        -71.9012780000000049085429054684937000274658203125,
                        44.5909649999999970759745338000357151031494140625,
                        4820.1999999999998181010596454143524169921875
                    ],
                    [
                        -71.90149900000000116051523946225643157958984375,
                        44.59087699999999898636815487407147884368896484375,
                        4837.3000000000001818989403545856475830078125
                    ],
                    [
                        -71.9017319999999955371094984002411365509033203125,
                        44.5907380000000017616912373341619968414306640625,
                        4860.899999999999636202119290828704833984375
                    ],
                    [
                        -71.9021599999999949659468256868422031402587890625,
                        44.590428000000002839442458935081958770751953125,
                        4904.1999999999998181010596454143524169921875
                    ],
                    [
                        -71.9022729999999938854671199806034564971923828125,
                        44.59030899999999775218384456820785999298095703125,
                        4882.5
                    ],
                    [
                        -71.9024409999999960518834996037185192108154296875,
                        44.5902650000000022600943339057266712188720703125,
                        4837.3000000000001818989403545856475830078125
                    ],
                    [
                        -71.902299999999996771293808706104755401611328125,
                        44.59001599999999854162524570710957050323486328125,
                        4882.5
                    ],
                    [
                        -71.9021340000000037662175600416958332061767578125,
                        44.5897379999999969868440530262887477874755859375,
                        4962.3000000000001818989403545856475830078125
                    ],
                    [
                        -71.90194800000000441286829300224781036376953125,
                        44.58944600000000235695551964454352855682373046875,
                        5028.899999999999636202119290828704833984375
                    ],
                    [
                        -71.9018789999999938800101517699658870697021484375,
                        44.58937300000000192312654689885675907135009765625,
                        5037.399999999999636202119290828704833984375
                    ],
                    [
                        -71.9017879999999962592482916079461574554443359375,
                        44.58930699999999802685124450363218784332275390625,
                        5037.399999999999636202119290828704833984375
                    ],
                    [
                        -71.901624999999995679900166578590869903564453125,
                        44.58922100000000199315763893537223339080810546875,
                        5041.6999999999998181010596454143524169921875
                    ],
                    [
                        -71.900947999999999638021108694374561309814453125,
                        44.58897900000000191766957868821918964385986328125,
                        5143
                    ],
                    [
                        -71.900272999999998546627466566860675811767578125,
                        44.5886330000000015161276678554713726043701171875,
                        5235.600000000000363797880709171295166015625
                    ],
                    [
                        -71.9001200000000011414158507250249385833740234375,
                        44.58856999999999715100784669630229473114013671875,
                        5248.399999999999636202119290828704833984375
                    ],
                    [
                        -71.899913999999995439793565310537815093994140625,
                        44.58847899999999953024598653428256511688232421875,
                        5267.6999999999998181010596454143524169921875
                    ],
                    [
                        -71.899775000000005320544005371630191802978515625,
                        44.58840699999999657165972166694700717926025390625,
                        5282.8000000000001818989403545856475830078125
                    ],
                    [
                        -71.899664000000001351509126834571361541748046875,
                        44.58832000000000306272340822033584117889404296875,
                        5311
                    ],
                    [
                        -71.89951700000000300860847346484661102294921875,
                        44.58816900000000060799720813520252704620361328125,
                        5332.3000000000001818989403545856475830078125
                    ],
                    [
                        -71.8993619999999964420567266643047332763671875,
                        44.58801199999999909096004557795822620391845703125,
                        5371.100000000000363797880709171295166015625
                    ],
                    [
                        -71.8991539999999957899490254931151866912841796875,
                        44.5878450000000015052137314341962337493896484375,
                        5410.100000000000363797880709171295166015625
                    ],
                    [
                        -71.899009000000006608388503082096576690673828125,
                        44.58776300000000247791831498034298419952392578125,
                        5438
                    ],
                    [
                        -71.8983209999999957062755129300057888031005859375,
                        44.587187999999997600752976723015308380126953125,
                        5545.600000000000363797880709171295166015625
                    ],
                    [
                        -71.8980379999999996698534232564270496368408203125,
                        44.58698299999999647980075678788125514984130859375,
                        5601.399999999999636202119290828704833984375
                    ],
                    [
                        -71.8978579999999993788151186890900135040283203125,
                        44.58686900000000008503775461576879024505615234375,
                        5616.5
                    ],
                    [
                        -71.8976499999999987267074175179004669189453125,
                        44.586759999999998171915649436414241790771484375,
                        5642.399999999999636202119290828704833984375
                    ],
                    [
                        -71.8972610000000003083187039010226726531982421875,
                        44.58656599999999770034264656715095043182373046875,
                        5694.1999999999998181010596454143524169921875
                    ],
                    [
                        -71.8967530000000039080987335182726383209228515625,
                        44.5863480000000009795257938094437122344970703125,
                        5769.399999999999636202119290828704833984375
                    ],
                    [
                        -71.896387000000004263711161911487579345703125,
                        44.58622299999999682995621697045862674713134765625,
                        5812.6999999999998181010596454143524169921875
                    ],
                    [
                        -71.895814000000001442458597011864185333251953125,
                        44.586050999999997657141648232936859130859375,
                        5896.3000000000001818989403545856475830078125
                    ],
                    [
                        -71.89555799999999408100848086178302764892578125,
                        44.585970000000003210516297258436679840087890625,
                        5930.8000000000001818989403545856475830078125
                    ],
                    [
                        -71.8954240000000055488271755166351795196533203125,
                        44.58591200000000043246473069302737712860107421875,
                        5943.899999999999636202119290828704833984375
                    ],
                    [
                        -71.8952660000000065565473050810396671295166015625,
                        44.585835000000002992237568832933902740478515625,
                        5959
                    ],
                    [
                        -71.8951210000000031641320674680173397064208984375,
                        44.585745000000002846718416549265384674072265625,
                        5982.600000000000363797880709171295166015625
                    ],
                    [
                        -71.8949070000000034497134038247168064117431640625,
                        44.5855999999999994543031789362430572509765625,
                        6006.1999999999998181010596454143524169921875
                    ],
                    [
                        -71.8947490000000044574335333891212940216064453125,
                        44.585498000000001184162101708352565765380859375,
                        6034.100000000000363797880709171295166015625
                    ],
                    [
                        -71.8946399999999954388840706087648868560791015625,
                        44.58541100000000056979843066073954105377197265625,
                        6051.5
                    ],
                    [
                        -71.894532999999995581674738787114620208740234375,
                        44.58529899999999912552084424532949924468994140625,
                        6079.399999999999636202119290828704833984375
                    ],
                    [
                        -71.894418000000001711669028736650943756103515625,
                        44.58517400000000208137862500734627246856689453125,
                        6111.899999999999636202119290828704833984375
                    ],
                    [
                        -71.8943579999999968777046888135373592376708984375,
                        44.58510799999999818510332261212170124053955078125,
                        6131.1999999999998181010596454143524169921875
                    ],
                    [
                        -71.8942799999999948568074614740908145904541015625,
                        44.58502299999999962665242492221295833587646484375,
                        6150.600000000000363797880709171295166015625
                    ],
                    [
                        -71.8940989999999970905264490284025669097900390625,
                        44.5848859999999973524609231390058994293212890625,
                        6189.3000000000001818989403545856475830078125
                    ],
                    [
                        -71.8936110000000070385794970206916332244873046875,
                        44.58454199999999900683178566396236419677734375,
                        6266.6999999999998181010596454143524169921875
                    ],
                    [
                        -71.8931299999999993133315001614391803741455078125,
                        44.58418999999999954297891235910356044769287109375,
                        6353
                    ],
                    [
                        -71.8930160000000029185684979893267154693603515625,
                        44.58410099999999687270246795378625392913818359375,
                        6380.899999999999636202119290828704833984375
                    ],
                    [
                        -71.8929360000000059471858548931777477264404296875,
                        44.5840249999999969077180139720439910888671875,
                        6393.6999999999998181010596454143524169921875
                    ],
                    [
                        -71.8928499999999957026375341229140758514404296875,
                        44.5839280000000002246451913379132747650146484375,
                        6406.8000000000001818989403545856475830078125
                    ],
                    [
                        -71.8927819999999968558768159709870815277099609375,
                        44.5838279999999969049895298667252063751220703125,
                        6426.1999999999998181010596454143524169921875
                    ],
                    [
                        -71.892730000000000245563569478690624237060546875,
                        44.58371600000000256613930105231702327728271484375,
                        6445.5
                    ],
                    [
                        -71.8926929999999941856003715656697750091552734375,
                        44.58360400000000112186171463690698146820068359375,
                        6466.899999999999636202119290828704833984375
                    ],
                    [
                        -71.8926689999999979363565216772258281707763671875,
                        44.5834899999999976216713548637926578521728515625,
                        6486.1999999999998181010596454143524169921875
                    ],
                    [
                        -71.8926680000000004611138137988746166229248046875,
                        44.58344100000000054251358960755169391632080078125,
                        6486.1999999999998181010596454143524169921875
                    ],
                    [
                        -71.89267100000000709769665263593196868896484375,
                        44.58337099999999963984009809792041778564453125,
                        6507.899999999999636202119290828704833984375
                    ],
                    [
                        -71.892685000000000172803993336856365203857421875,
                        44.58327700000000248792275669984519481658935546875,
                        6518.6999999999998181010596454143524169921875
                    ],
                    [
                        -71.89271899999999959618435241281986236572265625,
                        44.5831629999999989877323969267308712005615234375,
                        6542.3000000000001818989403545856475830078125
                    ],
                    [
                        -71.89278500000000349245965480804443359375,
                        44.582976000000002159140422008931636810302734375,
                        6576.8000000000001818989403545856475830078125
                    ],
                    [
                        -71.892876999999998588464222848415374755859375,
                        44.5828029999999984056557877920567989349365234375,
                        6608.899999999999636202119290828704833984375
                    ],
                    [
                        -71.892978999999996858605300076305866241455078125,
                        44.582661999999999125066096894443035125732421875,
                        6632.899999999999636202119290828704833984375
                    ],
                    [
                        -71.89303499999999758074409328401088714599609375,
                        44.58260599999999840292730368673801422119140625,
                        6649.899999999999636202119290828704833984375
                    ],
                    [
                        -71.893133000000005949914338998496532440185546875,
                        44.5825109999999966703398968093097209930419921875,
                        6708
                    ],
                    [
                        -71.8931460000000015497789718210697174072265625,
                        44.58250000000000312638803734444081783294677734375,
                        6708
                    ],
                    [
                        -71.8931460000000015497789718210697174072265625,
                        44.58250000000000312638803734444081783294677734375,
                        6708
                    ],
                    [
                        -71.8933240000000068903318606317043304443359375,
                        44.58234300000000160935087478719651699066162109375,
                        6792
                    ],
                    [
                        -71.89344099999999571082298643887042999267578125,
                        44.582234999999997171471477486193180084228515625,
                        6811.399999999999636202119290828704833984375
                    ],
                    [
                        -71.8938679999999976644176058471202850341796875,
                        44.5819680000000033714968594722449779510498046875,
                        6927.5
                    ],
                    [
                        -71.89402499999999918145476840436458587646484375,
                        44.58182599999999951023710309527814388275146484375,
                        6953.399999999999636202119290828704833984375
                    ],
                    [
                        -71.89411699999999427745933644473552703857421875,
                        44.5816999999999978854248183779418468475341796875,
                        6983.600000000000363797880709171295166015625
                    ],
                    [
                        -71.894148999999998750354279763996601104736328125,
                        44.5816319999999990386641002260148525238037109375,
                        7003
                    ],
                    [
                        -71.8942090000000035843186196871101856231689453125,
                        44.5814579999999978099367581307888031005859375,
                        7054.8000000000001818989403545856475830078125
                    ],
                    [
                        -71.8942540000000036570781958289444446563720703125,
                        44.581356999999997015038388781249523162841796875,
                        7095.5
                    ],
                    [
                        -71.8943229999999999790816218592226505279541015625,
                        44.58124600000000015143086784519255161285400390625,
                        7099.6999999999998181010596454143524169921875
                    ],
                    [
                        -71.8943790000000007012204150669276714324951171875,
                        44.58115000000000094360075308941304683685302734375,
                        7143
                    ],
                    [
                        -71.8943819999999931269485387019813060760498046875,
                        44.581086999999996578480931930243968963623046875,
                        7177.5
                    ],
                    [
                        -71.8943620000000009895302355289459228515625,
                        44.58103899999999697456587455235421657562255859375,
                        7211.899999999999636202119290828704833984375
                    ],
                    [
                        -71.8943330000000031532181310467422008514404296875,
                        44.5809909999999973706508171744644641876220703125,
                        7256.899999999999636202119290828704833984375
                    ],
                    [
                        -71.894270000000005893525667488574981689453125,
                        44.580950999999998884959495626389980316162109375,
                        7267.6999999999998181010596454143524169921875
                    ],
                    [
                        -71.8941889999999972360456013120710849761962890625,
                        44.58091999999999899273461778648197650909423828125,
                        7297.899999999999636202119290828704833984375
                    ],
                    [
                        -71.894101000000006251866579987108707427978515625,
                        44.58091399999999993042365531437098979949951171875,
                        7321.5
                    ],
                    [
                        -71.8940199999999975943865138106048107147216796875,
                        44.580927000000002635715645737946033477783203125,
                        7321.5
                    ],
                    [
                        -71.8939400000000006230038707144558429718017578125,
                        44.5809550000000029967850423417985439300537109375,
                        7304.5
                    ],
                    [
                        -71.8938490000000030022420105524361133575439453125,
                        44.58100499999999755118551547639071941375732421875,
                        7287.100000000000363797880709171295166015625
                    ],
                    [
                        -71.893767999999994344761944375932216644287109375,
                        44.58104999999999762394509161822497844696044921875,
                        7300.1999999999998181010596454143524169921875
                    ],
                    [
                        -71.8936240000000026384441298432648181915283203125,
                        44.58111099999999993315213941968977451324462890625,
                        7291.3000000000001818989403545856475830078125
                    ],
                    [
                        -71.8935079999999970823409967124462127685546875,
                        44.5811369999999982383087626658380031585693359375,
                        7272
                    ],
                    [
                        -71.8933870000000041500243241898715496063232421875,
                        44.5811470000000014124452718533575534820556640625,
                        7289.399999999999636202119290828704833984375
                    ],
                    [
                        -71.8932960000000065292624640278518199920654296875,
                        44.58114499999999935653249849565327167510986328125,
                        7295.899999999999636202119290828704833984375
                    ],
                    [
                        -71.8932060000000063837433117441833019256591796875,
                        44.58113399999999870715328142978250980377197265625,
                        7304.5
                    ],
                    [
                        -71.89314899999999397550709545612335205078125,
                        44.5811130000000019890649127773940563201904296875,
                        7343.1999999999998181010596454143524169921875
                    ],
                    [
                        -71.8931280000000043628460844047367572784423828125,
                        44.58109400000000022146195988170802593231201171875,
                        7343.1999999999998181010596454143524169921875
                    ],
                    [
                        -71.8931089999999954898157739080488681793212890625,
                        44.58105499999999921101334621198475360870361328125,
                        7343.1999999999998181010596454143524169921875
                    ],
                    [
                        -71.8931060000000030640876502729952335357666015625,
                        44.580995999999998957719071768224239349365234375,
                        7364.8000000000001818989403545856475830078125
                    ],
                    [
                        -71.893137999999993326127878390252590179443359375,
                        44.58094799999999935380401439033448696136474609375,
                        7386.1999999999998181010596454143524169921875
                    ],
                    [
                        -71.8932340000000067448127083480358123779296875,
                        44.58086899999999985766407917253673076629638671875,
                        7424.899999999999636202119290828704833984375
                    ],
                    [
                        -71.893407999999993762685335241258144378662109375,
                        44.5807659999999970068529364652931690216064453125,
                        7429.100000000000363797880709171295166015625
                    ],
                    [
                        -71.8934899999999998954081092961132526397705078125,
                        44.58068999999999704186848248355090618133544921875,
                        7438
                    ],
                    [
                        -71.89357400000000097861629910767078399658203125,
                        44.5805840000000017653292161412537097930908203125,
                        7461.600000000000363797880709171295166015625
                    ],
                    [
                        -71.893676999999996724000084213912487030029296875,
                        44.58040299999999689362084609456360340118408203125,
                        7485.1999999999998181010596454143524169921875
                    ],
                    [
                        -71.8937690000000060308593674562871456146240234375,
                        44.58017199999999746751200291328132152557373046875,
                        7575.8000000000001818989403545856475830078125
                    ],
                    [
                        -71.8938169999999985293470672331750392913818359375,
                        44.5801060000000006766640581190586090087890625,
                        7603.6999999999998181010596454143524169921875
                    ],
                    [
                        -71.8938509999999979527274263091385364532470703125,
                        44.5800770000000028403519536368548870086669921875,
                        7595.100000000000363797880709171295166015625
                    ],
                    [
                        -71.8939050000000037243808037601411342620849609375,
                        44.5800339999999977180777932517230510711669921875,
                        7623
                    ],
                    [
                        -71.894000000000005456968210637569427490234375,
                        44.579960999999997284248820506036281585693359375,
                        7638.100000000000363797880709171295166015625
                    ],
                    [
                        -71.894283999999998968633008189499378204345703125,
                        44.57978700000000316094883601181209087371826171875,
                        7681.100000000000363797880709171295166015625
                    ],
                    [
                        -71.894531000000000631189323030412197113037109375,
                        44.5796500000000008867573342286050319671630859375,
                        7704.6999999999998181010596454143524169921875
                    ],
                    [
                        -71.894687000000004672983777709305286407470703125,
                        44.57955299999999709825715399347245693206787109375,
                        7724.100000000000363797880709171295166015625
                    ],
                    [
                        -71.8949400000000053978510550223290920257568359375,
                        44.57937799999999839428710401989519596099853515625,
                        7754.3000000000001818989403545856475830078125
                    ],
                    [
                        -71.895217000000002371962182223796844482421875,
                        44.57915200000000055524651543237268924713134765625,
                        7797.1999999999998181010596454143524169921875
                    ],
                    [
                        -71.895543000000003530658432282507419586181640625,
                        44.57887099999999946930984151549637317657470703125,
                        7793
                    ],
                    [
                        -71.8958650000000005775291356258094310760498046875,
                        44.578586999999998852217686362564563751220703125,
                        7829.6999999999998181010596454143524169921875
                    ],
                    [
                        -71.8959530000000057725628721527755260467529296875,
                        44.57848899999999758847479824908077716827392578125,
                        7844.8000000000001818989403545856475830078125
                    ],
                    [
                        -71.8959770000000020218067220412194728851318359375,
                        44.57842699999999780402504256926476955413818359375,
                        7855.600000000000363797880709171295166015625
                    ],
                    [
                        -71.8959669999999988476702128536999225616455078125,
                        44.5783890000000013742464943788945674896240234375,
                        7868.399999999999636202119290828704833984375
                    ],
                    [
                        -71.8959320000000019490471458993852138519287109375,
                        44.57835800000000148202161653898656368255615234375,
                        7881.1999999999998181010596454143524169921875
                    ],
                    [
                        -71.8958750000000037516656448133289813995361328125,
                        44.57832700000000158979673869907855987548828125,
                        7890.100000000000363797880709171295166015625
                    ],
                    [
                        -71.8957850000000036061464925296604633331298828125,
                        44.57831800000000299633029499091207981109619140625,
                        7904.899999999999636202119290828704833984375
                    ],
                    [
                        -71.8957199999999971851138980127871036529541015625,
                        44.57833000000000112095221993513405323028564453125,
                        7913.6999999999998181010596454143524169921875
                    ],
                    [
                        -71.8956249999999954525264911353588104248046875,
                        44.57836999999999960664354148320853710174560546875,
                        7911.399999999999636202119290828704833984375
                    ],
                    [
                        -71.8955160000000006448317435570061206817626953125,
                        44.5784230000000007976268534548580646514892578125,
                        7922.1999999999998181010596454143524169921875
                    ],
                    [
                        -71.8951909999999969613782013766467571258544921875,
                        44.57855299999999942883732728660106658935546875,
                        7963.3000000000001818989403545856475830078125
                    ],
                    [
                        -71.8950349999999929195837466977536678314208984375,
                        44.5786039999999985639078659005463123321533203125,
                        8002
                    ],
                    [
                        -71.894813999999996667611412703990936279296875,
                        44.57865600000000227964846999384462833404541015625,
                        8021.3000000000001818989403545856475830078125
                    ],
                    [
                        -71.894642000000004600224201567471027374267578125,
                        44.5786820000000005848050932399928569793701171875,
                        8025.600000000000363797880709171295166015625
                    ],
                    [
                        -71.89447400000000243380782194435596466064453125,
                        44.5787059999999968340489431284368038177490234375,
                        8055.8000000000001818989403545856475830078125
                    ],
                    [
                        -71.894238999999998895873432047665119171142578125,
                        44.57873200000000224463292397558689117431640625,
                        8087.899999999999636202119290828704833984375
                    ],
                    [
                        -71.8940050000000070440364652313292026519775390625,
                        44.5787499999999994315658113919198513031005859375,
                        8118.100000000000363797880709171295166015625
                    ],
                    [
                        -71.8938030000000054542397265322506427764892578125,
                        44.57875800000000054978954722173511981964111328125,
                        8139.8000000000001818989403545856475830078125
                    ],
                    [
                        -71.8936269999999950641722534783184528350830078125,
                        44.5787540000000035433913581073284149169921875,
                        8159.100000000000363797880709171295166015625
                    ],
                    [
                        -71.893471000000005233232514001429080963134765625,
                        44.578743000000002894012141041457653045654296875,
                        8171.899999999999636202119290828704833984375
                    ],
                    [
                        -71.89334700000000566433300264179706573486328125,
                        44.57871399999999795227267895825207233428955078125,
                        8189.3000000000001818989403545856475830078125
                    ],
                    [
                        -71.893292999999999892679625190794467926025390625,
                        44.57869199999999665351424482651054859161376953125,
                        8189.3000000000001818989403545856475830078125
                    ],
                    [
                        -71.8932180000000045083652366884052753448486328125,
                        44.57864200000000209911377169191837310791015625,
                        8195.5
                    ],
                    [
                        -71.893190000000004147295840084552764892578125,
                        44.5786039999999985639078659005463123321533203125,
                        8202.100000000000363797880709171295166015625
                    ],
                    [
                        -71.89317099999999527426552958786487579345703125,
                        44.57856100000000054706106311641633510589599609375,
                        8202.100000000000363797880709171295166015625
                    ],
                    [
                        -71.89316800000000284853740595281124114990234375,
                        44.57849800000000328736859955824911594390869140625,
                        8208.70000000000072759576141834259033203125
                    ],
                    [
                        -71.893182999999993398887454532086849212646484375,
                        44.578429999999997335180523805320262908935546875,
                        8217.20000000000072759576141834259033203125
                    ],
                    [
                        -71.893227999999993471647030673921108245849609375,
                        44.5783780000000007248672773130238056182861328125,
                        8225.70000000000072759576141834259033203125
                    ],
                    [
                        -71.893337999999999965439201332628726959228515625,
                        44.57829600000000169757186085917055606842041015625,
                        8251.600000000000363797880709171295166015625
                    ],
                    [
                        -71.8934670000000011214069672860205173492431640625,
                        44.578204999999996971382643096148967742919921875,
                        8260.20000000000072759576141834259033203125
                    ],
                    [
                        -71.8935349999999999681676854379475116729736328125,
                        44.57811199999999729470800957642495632171630859375,
                        8283.79999999999927240423858165740966796875
                    ],
                    [
                        -71.8935550000000063164407038129866123199462890625,
                        44.5780400000000014415491023100912570953369140625,
                        8292.70000000000072759576141834259033203125
                    ],
                    [
                        -71.8935489999999930432750261388719081878662109375,
                        44.5779849999999981946530169807374477386474609375,
                        8301.20000000000072759576141834259033203125
                    ],
                    [
                        -71.8935129999999986694092513062059879302978515625,
                        44.57791999999999887904778006486594676971435546875,
                        8309.70000000000072759576141834259033203125
                    ],
                    [
                        -71.893449000000003934474079869687557220458984375,
                        44.57788000000000039335645851679146289825439453125,
                        8314
                    ],
                    [
                        -71.8933530000000047266439651139080524444580078125,
                        44.57783100000000331419869326055049896240234375,
                        8329.100000000000363797880709171295166015625
                    ],
                    [
                        -71.893236999999999170540831983089447021484375,
                        44.5777939999999972542354953475296497344970703125,
                        8346.5
                    ],
                    [
                        -71.893092999999993253368302248418331146240234375,
                        44.5777709999999984802343533374369144439697265625,
                        8348.399999999999636202119290828704833984375
                    ],
                    [
                        -71.892876999999998588464222848415374755859375,
                        44.57774299999999811916495673358440399169921875,
                        8385.20000000000072759576141834259033203125
                    ],
                    [
                        -71.8927429999999958454282023012638092041015625,
                        44.57772200000000140107658808119595050811767578125,
                        8396
                    ],
                    [
                        -71.8925789999999977908373693935573101043701171875,
                        44.57769799999999804640538059175014495849609375,
                        8417.29999999999927240423858165740966796875
                    ],
                    [
                        -71.8924630000000064455889514647424221038818359375,
                        44.57767100000000226600604946725070476531982421875,
                        8436.70000000000072759576141834259033203125
                    ],
                    [
                        -71.8923379999999951905920170247554779052734375,
                        44.57760999999999995679900166578590869903564453125,
                        8458.29999999999927240423858165740966796875
                    ],
                    [
                        -71.892191999999994322934071533381938934326171875,
                        44.57750999999999663714334019459784030914306640625,
                        8475.399999999999636202119290828704833984375
                    ],
                    [
                        -71.89200099999999338251654990017414093017578125,
                        44.5773420000000015761543181724846363067626953125,
                        8529.20000000000072759576141834259033203125
                    ],
                    [
                        -71.8918359999999978526830091141164302825927734375,
                        44.5771620000000012851160136051476001739501953125,
                        8567.899999999999636202119290828704833984375
                    ],
                    [
                        -71.8917139999999932342689135111868381500244140625,
                        44.576965999999998757630237378180027008056640625,
                        8611.20000000000072759576141834259033203125
                    ],
                    [
                        -71.891673999999994748577591963112354278564453125,
                        44.576863000000003012246452271938323974609375,
                        8624
                    ],
                    [
                        -71.8916439999999994370227796025574207305908203125,
                        44.5767129999999980327629600651562213897705078125,
                        8649.899999999999636202119290828704833984375
                    ],
                    [
                        -71.89163700000000289946910925209522247314453125,
                        44.5766330000000010613803169690072536468505859375,
                        8673.600000000000363797880709171295166015625
                    ],
                    [
                        -71.89163999999999532519723288714885711669921875,
                        44.5764980000000008431015885435044765472412109375,
                        8695.20000000000072759576141834259033203125
                    ],
                    [
                        -71.891661999999996623955667018890380859375,
                        44.57645600000000030149749363772571086883544921875,
                        8705.70000000000072759576141834259033203125
                    ],
                    [
                        -71.8917139999999932342689135111868381500244140625,
                        44.57641699999999929104887996800243854522705078125,
                        8712.29999999999927240423858165740966796875
                    ],
                    [
                        -71.891784000000001242369762621819972991943359375,
                        44.5763979999999975234459270723164081573486328125,
                        8720.79999999999927240423858165740966796875
                    ],
                    [
                        -71.89186399999999821375240571796894073486328125,
                        44.5763970000000000482032191939651966094970703125,
                        8729.70000000000072759576141834259033203125
                    ],
                    [
                        -71.8919450000000068712324718944728374481201171875,
                        44.57641499999999723513610661029815673828125,
                        8735.899999999999636202119290828704833984375
                    ],
                    [
                        -71.892021999999997206032276153564453125,
                        44.5764530000000007703420124016702175140380859375,
                        8751
                    ],
                    [
                        -71.8920920000000052141331252641975879669189453125,
                        44.57651100000000354839357896707952022552490234375,
                        8768.399999999999636202119290828704833984375
                    ],
                    [
                        -71.8921820000000053596522775478661060333251953125,
                        44.576604000000003225068212486803531646728515625,
                        8789.70000000000072759576141834259033203125
                    ],
                    [
                        -71.8922950000000042791725718416273593902587890625,
                        44.5766789999999986093826009891927242279052734375,
                        8796.29999999999927240423858165740966796875
                    ],
                    [
                        -71.8923779999999936762833385728299617767333984375,
                        44.5767110000000030822775443084537982940673828125,
                        8813.600000000000363797880709171295166015625
                    ],
                    [
                        -71.892480000000006157279131002724170684814453125,
                        44.576729999999997744453139603137969970703125,
                        8822.20000000000072759576141834259033203125
                    ],
                    [
                        -71.8926129999999972142177284695208072662353515625,
                        44.57674200000000297450242214836180210113525390625,
                        8833
                    ],
                    [
                        -71.8927900000000050795279094018042087554931640625,
                        44.57675400000000109912434709258377552032470703125,
                        8850.100000000000363797880709171295166015625
                    ],
                    [
                        -71.8929140000000046484274207614362239837646484375,
                        44.57674800000000203681338462047278881072998046875,
                        8865.20000000000072759576141834259033203125
                    ],
                    [
                        -71.893065000000007103153620846569538116455078125,
                        44.576728000000002793967723846435546875,
                        8871.70000000000072759576141834259033203125
                    ],
                    [
                        -71.893249999999994770405464805662631988525390625,
                        44.5766899999999992587618180550634860992431640625,
                        8899.600000000000363797880709171295166015625
                    ],
                    [
                        -71.8936020000000013396856957115232944488525390625,
                        44.5766220000000004120010999031364917755126953125,
                        8919
                    ],
                    [
                        -71.8937590000000028567228582687675952911376953125,
                        44.57659600000000210684447665698826313018798828125,
                        8927.5
                    ],
                    [
                        -71.8939060000000011996235116384923458099365234375,
                        44.57656899999999922101778793148696422576904296875,
                        8946.899999999999636202119290828704833984375
                    ],
                    [
                        -71.8940549999999944930095807649195194244384765625,
                        44.57652900000000073532646638341248035430908203125,
                        8961.899999999999636202119290828704833984375
                    ],
                    [
                        -71.894195999999993773599271662533283233642578125,
                        44.5764750000000020691004465334117412567138671875,
                        8951.100000000000363797880709171295166015625
                    ],
                    [
                        -71.894372000000004163666744716465473175048828125,
                        44.57639400000000051704773795790970325469970703125,
                        8987.899999999999636202119290828704833984375
                    ],
                    [
                        -71.8947260000000056834323913790285587310791015625,
                        44.5762050000000016325429896824061870574951171875,
                        9037.399999999999636202119290828704833984375
                    ],
                    [
                        -71.8951540000000051122697186656296253204345703125,
                        44.576019999999999754436430521309375762939453125,
                        9095.5
                    ],
                    [
                        -71.895365999999995665348251350224018096923828125,
                        44.57591800000000148429535329341888427734375,
                        9112.899999999999636202119290828704833984375
                    ],
                    [
                        -71.895587000000006128175300545990467071533203125,
                        44.5758009999999984529495122842490673065185546875,
                        9134.20000000000072759576141834259033203125
                    ],
                    [
                        -71.8956730000000021618689061142504215240478515625,
                        44.57575299999999884903445490635931491851806640625,
                        9155.79999999999927240423858165740966796875
                    ],
                    [
                        -71.8961249999999978399500832892954349517822265625,
                        44.57549800000000317368176183663308620452880859375,
                        9224.70000000000072759576141834259033203125
                    ],
                    [
                        -71.896535999999997557097231037914752960205078125,
                        44.57526699999999664214556105434894561767578125,
                        9272
                    ],
                    [
                        -71.8966549999999955389284878037869930267333984375,
                        44.57517699999999649662640877068042755126953125,
                        9295.600000000000363797880709171295166015625
                    ],
                    [
                        -71.896738999999996622136677615344524383544921875,
                        44.57509900000000158115653903223574161529541015625,
                        9306.399999999999636202119290828704833984375
                    ],
                    [
                        -71.89677100000000109503162093460559844970703125,
                        44.5750620000000026266206987202167510986328125,
                        9299.899999999999636202119290828704833984375
                    ],
                    [
                        -71.8969230000000010250005288980901241302490234375,
                        44.574872999999996636688592843711376190185546875,
                        9349.399999999999636202119290828704833984375
                    ],
                    [
                        -71.89708699999999907959136180579662322998046875,
                        44.574691999999998870407580398023128509521484375,
                        9383.899999999999636202119290828704833984375
                    ],
                    [
                        -71.8971559999999954015947878360748291015625,
                        44.57460900000000236786945606581866741180419921875,
                        9397
                    ],
                    [
                        -71.89717799999999670035322196781635284423828125,
                        44.57454899999999753390511614270508289337158203125,
                        9409.79999999999927240423858165740966796875
                    ],
                    [
                        -71.897165999999998575731297023594379425048828125,
                        44.5745059999999995170583133585751056671142578125,
                        9422.600000000000363797880709171295166015625
                    ],
                    [
                        -71.8971370000000007394191925413906574249267578125,
                        44.5744600000000019690560293383896350860595703125,
                        9422.600000000000363797880709171295166015625
                    ],
                    [
                        -71.8970920000000006666596163995563983917236328125,
                        44.57443099999999702731656725518405437469482421875,
                        9442.29999999999927240423858165740966796875
                    ],
                    [
                        -71.89701900000000023283064365386962890625,
                        44.574398000000002184606273658573627471923828125,
                        9455.100000000000363797880709171295166015625
                    ],
                    [
                        -71.896930999999995037796907126903533935546875,
                        44.5743870000000015352270565927028656005859375,
                        9481
                    ],
                    [
                        -71.8968440000000015288605936802923679351806640625,
                        44.5743930000000005975380190648138523101806640625,
                        9481
                    ],
                    [
                        -71.8967300000000051340975915081799030303955078125,
                        44.5744169999999968467818689532577991485595703125,
                        9491.5
                    ],
                    [
                        -71.89636799999999539068085141479969024658203125,
                        44.57450899999999904821379459463059902191162109375,
                        9539
                    ],
                    [
                        -71.8959310000000044738044380210340023040771484375,
                        44.574624000000000023646862246096134185791015625,
                        9586.29999999999927240423858165740966796875
                    ],
                    [
                        -71.8958180000000055542841437272727489471435546875,
                        44.57463700000000272893885266967117786407470703125,
                        9603.70000000000072759576141834259033203125
                    ],
                    [
                        -71.89573599999999942156136967241764068603515625,
                        44.57463299999999861711330595426261425018310546875,
                        9603.70000000000072759576141834259033203125
                    ],
                    [
                        -71.89564300000000685031409375369548797607421875,
                        44.57462000000000301724867313168942928314208984375,
                        9620.70000000000072759576141834259033203125
                    ],
                    [
                        -71.89555799999999408100848086178302764892578125,
                        44.57458700000000106911102193407714366912841796875,
                        9629.29999999999927240423858165740966796875
                    ],
                    [
                        -71.8954959999999942965587251819670200347900390625,
                        44.57454299999999847159415367059409618377685546875,
                        9640.100000000000363797880709171295166015625
                    ],
                    [
                        -71.895454000000000860381987877190113067626953125,
                        44.57449100000000186128090717829763889312744140625,
                        9657.5
                    ],
                    [
                        -71.8954399999999935744199319742619991302490234375,
                        44.57443500000000113914211397059261798858642578125,
                        9668.29999999999927240423858165740966796875
                    ],
                    [
                        -71.8954389999999960991772240959107875823974609375,
                        44.574376000000000885847839526832103729248046875,
                        9681.100000000000363797880709171295166015625
                    ],
                    [
                        -71.895454999999998335624695755541324615478515625,
                        44.57431799999999810779627296142280101776123046875,
                        9698.20000000000072759576141834259033203125
                    ],
                    [
                        -71.89550900000000410727807320654392242431640625,
                        44.57424400000000019872459233738481998443603515625,
                        9707
                    ],
                    [
                        -71.8955760000000054787960834801197052001953125,
                        44.5741780000000034078766475431621074676513671875,
                        9719.79999999999927240423858165740966796875
                    ],
                    [
                        -71.8956649999999939382178126834332942962646484375,
                        44.57408099999999961937646730802953243255615234375,
                        9743.399999999999636202119290828704833984375
                    ],
                    [
                        -71.8957130000000006475602276623249053955078125,
                        44.5740229999999968413249007426202297210693359375,
                        9743.399999999999636202119290828704833984375
                    ],
                    [
                        -71.895747000000000070940586738288402557373046875,
                        44.5739420000000023946995497681200504302978515625,
                        9767.100000000000363797880709171295166015625
                    ],
                    [
                        -71.895770999999996320184436626732349395751953125,
                        44.57387099999999691135599277913570404052734375,
                        9780.20000000000072759576141834259033203125
                    ],
                    [
                        -71.895792999999997618942870758473873138427734375,
                        44.57374800000000192312654689885675907135009765625,
                        9801.5
                    ],
                    [
                        -71.895803999999998268322087824344635009765625,
                        44.57364700000000112822817754931747913360595703125,
                        9825.5
                    ],
                    [
                        -71.8958030000000007930793799459934234619140625,
                        44.5735499999999973397279973141849040985107421875,
                        9836
                    ],
                    [
                        -71.8958030000000007930793799459934234619140625,
                        44.5734800000000035424818634055554866790771484375,
                        9849.100000000000363797880709171295166015625
                    ],
                    [
                        -71.895793999999995094185578636825084686279296875,
                        44.57339999999999946567186270840466022491455078125,
                        9872.70000000000072759576141834259033203125
                    ],
                    [
                        -71.895771999999993795427144505083560943603515625,
                        44.5733069999999997889972291886806488037109375,
                        9883.5
                    ],
                    [
                        -71.89568900000000439831637777388095855712890625,
                        44.5730649999999997135091689415276050567626953125,
                        9928.5
                    ],
                    [
                        -71.895678000000003748937160708010196685791015625,
                        44.5729979999999983419911586679518222808837890625,
                        9937.29999999999927240423858165740966796875
                    ],
                    [
                        -71.8956759999999945875970297493040561676025390625,
                        44.57288100000000241607267525978386402130126953125,
                        9958.70000000000072759576141834259033203125
                    ],
                    [
                        -71.895680999999996174665284343063831329345703125,
                        44.572710000000000718500814400613307952880859375,
                        9986.899999999999636202119290828704833984375
                    ],
                    [
                        -71.895678000000003748937160708010196685791015625,
                        44.5725350000000020145307644270360469818115234375,
                        10016.70000000000072759576141834259033203125
                    ],
                    [
                        -71.895656999999999925421434454619884490966796875,
                        44.572395000000000209183781407773494720458984375,
                        10038.399999999999636202119290828704833984375
                    ],
                    [
                        -71.8956309999999945148374536074697971343994140625,
                        44.57228099999999670899342163465917110443115234375,
                        10057.70000000000072759576141834259033203125
                    ],
                    [
                        -71.89559900000000425279722549021244049072265625,
                        44.5722200000000015052137314341962337493896484375,
                        10068.600000000000363797880709171295166015625
                    ],
                    [
                        -71.8955600000000032423486118204891681671142578125,
                        44.5721759999999989076968631707131862640380859375,
                        10083.70000000000072759576141834259033203125
                    ],
                    [
                        -71.8955179999999955953171593137085437774658203125,
                        44.5721410000000020090737962163984775543212890625,
                        10083.70000000000072759576141834259033203125
                    ],
                    [
                        -71.8954580000000049722075345925986766815185546875,
                        44.57211199999999706733433413319289684295654296875,
                        10105.29999999999927240423858165740966796875
                    ],
                    [
                        -71.8953719999999947276592138223350048065185546875,
                        44.5720969999999994115569279529154300689697265625,
                        10115.79999999999927240423858165740966796875
                    ],
                    [
                        -71.8953029999999984056557877920567989349365234375,
                        44.5720960000000019363142200745642185211181640625,
                        10124.70000000000072759576141834259033203125
                    ],
                    [
                        -71.8952230000000014342731446959078311920166015625,
                        44.5721070000000025856934371404349803924560546875,
                        10124.70000000000072759576141834259033203125
                    ],
                    [
                        -71.8951310000000063382685766555368900299072265625,
                        44.572147999999998546627466566860675811767578125,
                        10152.600000000000363797880709171295166015625
                    ],
                    [
                        -71.8950789999999955171006149612367153167724609375,
                        44.57218499999999750116330687887966632843017578125,
                        10152.600000000000363797880709171295166015625
                    ],
                    [
                        -71.8950119999999941455826046876609325408935546875,
                        44.5722319999999996298356563784182071685791015625,
                        10163.399999999999636202119290828704833984375
                    ],
                    [
                        -71.8949199999999990495780366472899913787841796875,
                        44.5722880000000003519744495861232280731201171875,
                        10169.600000000000363797880709171295166015625
                    ],
                    [
                        -71.8948299999999989040588843636214733123779296875,
                        44.5723339999999978999767336063086986541748046875,
                        10184.70000000000072759576141834259033203125
                    ],
                    [
                        -71.8947409999999962337824399583041667938232421875,
                        44.57236900000000190402715816162526607513427734375,
                        10195.5
                    ],
                    [
                        -71.8946629999999942128852126188576221466064453125,
                        44.57238300000000208456185646355152130126953125,
                        10199.79999999999927240423858165740966796875
                    ],
                    [
                        -71.8945690000000041663952288217842578887939453125,
                        44.5723899999999986221155268140137195587158203125,
                        10214.899999999999636202119290828704833984375
                    ],
                    [
                        -71.8944489999999944984665489755570888519287109375,
                        44.572372999999998910425347276031970977783203125,
                        10225.70000000000072759576141834259033203125
                    ],
                    [
                        -71.8943689999999975270839058794081211090087890625,
                        44.572350999999997611666913144290447235107421875,
                        10249.29999999999927240423858165740966796875
                    ],
                    [
                        -71.894281000000006542904884554445743560791015625,
                        44.572316000000000713043846189975738525390625,
                        10260.20000000000072759576141834259033203125
                    ],
                    [
                        -71.8942009999999953606675262562930583953857421875,
                        44.572260999999997466147760860621929168701171875,
                        10275.29999999999927240423858165740966796875
                    ],
                    [
                        -71.8941559999999952879079501144587993621826171875,
                        44.5722099999999983310772222466766834259033203125,
                        10288.100000000000363797880709171295166015625
                    ],
                    [
                        -71.894124000000005025867721997201442718505859375,
                        44.57215800000000172076397575438022613525390625,
                        10296.899999999999636202119290828704833984375
                    ],
                    [
                        -71.89411200000000690124579705297946929931640625,
                        44.57208800000000081809048424474895000457763671875,
                        10309.70000000000072759576141834259033203125
                    ],
                    [
                        -71.8941080000000027894202503375709056854248046875,
                        44.57199399999999656074578524567186832427978515625,
                        10326.79999999999927240423858165740966796875
                    ],
                    [
                        -71.8941090000000002646629582159221172332763671875,
                        44.57189600000000240243025473318994045257568359375,
                        10335.600000000000363797880709171295166015625
                    ],
                    [
                        -71.8941360000000031504896469414234161376953125,
                        44.57180100000000066984284785576164722442626953125,
                        10352.70000000000072759576141834259033203125
                    ],
                    [
                        -71.894191000000006397385732270777225494384765625,
                        44.5716680000000025074768927879631519317626953125,
                        10370.100000000000363797880709171295166015625
                    ],
                    [
                        -71.894191000000006397385732270777225494384765625,
                        44.5716680000000025074768927879631519317626953125,
                        10370.100000000000363797880709171295166015625
                    ],
                    [
                        -71.894195999999993773599271662533283233642578125,
                        44.57165599999999727742761024273931980133056640625,
                        10370.100000000000363797880709171295166015625
                    ],
                    [
                        -71.8942569999999960828063194639980792999267578125,
                        44.5715069999999968786141835153102874755859375,
                        10404.5
                    ],
                    [
                        -71.894306000000000267391442321240901947021484375,
                        44.57140600000000318914317176677286624908447265625,
                        10408.79999999999927240423858165740966796875
                    ],
                    [
                        -71.89434099999999716601450927555561065673828125,
                        44.57132800000000116824594442732632160186767578125,
                        10432.399999999999636202119290828704833984375
                    ],
                    [
                        -71.894373000000001638909452594816684722900390625,
                        44.57123299999999943565853754989802837371826171875,
                        10439
                    ],
                    [
                        -71.8943890000000038753569242544472217559814453125,
                        44.57117099999999965120878187008202075958251953125,
                        10447.5
                    ],
                    [
                        -71.8943929999999937763277557678520679473876953125,
                        44.57115499999999741476131021045148372650146484375,
                        10447.5
                    ],
                    [
                        -71.8944220000000058234945754520595073699951171875,
                        44.571089000000000623913365416228771209716796875,
                        10454.100000000000363797880709171295166015625
                    ],
                    [
                        -71.8943819999999931269485387019813060760498046875,
                        44.5710729999999983874658937565982341766357421875,
                        10460.29999999999927240423858165740966796875
                    ],
                    [
                        -71.8943629999999984647729434072971343994140625,
                        44.57099600000000094723873189650475978851318359375,
                        10466.899999999999636202119290828704833984375
                    ],
                    [
                        -71.894351000000000340151018463075160980224609375,
                        44.5709159999999968704287311993539333343505859375,
                        10486.20000000000072759576141834259033203125
                    ],
                    [
                        -71.8943440000000038025973481126129627227783203125,
                        44.5708580000000011978045222349464893341064453125,
                        10494.79999999999927240423858165740966796875
                    ],
                    [
                        -71.894330999999993991878000088036060333251953125,
                        44.5708020000000004756657290272414684295654296875,
                        10494.79999999999927240423858165740966796875
                    ],
                    [
                        -71.8943119999999993297024047933518886566162109375,
                        44.57076200000000198997440747916698455810546875,
                        10497
                    ],
                    [
                        -71.8942799999999948568074614740908145904541015625,
                        44.57073100000000209774952963925898075103759765625,
                        10497
                    ],
                    [
                        -71.8942119999999960100467433221638202667236328125,
                        44.57069299999999856254362384788691997528076171875,
                        10505.600000000000363797880709171295166015625
                    ],
                    [
                        -71.894146000000006324626156128942966461181640625,
                        44.57068100000000043792169890366494655609130859375,
                        10512.100000000000363797880709171295166015625
                    ],
                    [
                        -71.894080999999999903593561612069606781005859375,
                        44.5706770000000034315235097892582416534423828125,
                        10516.399999999999636202119290828704833984375
                    ],
                    [
                        -71.8940419999999988931449479423463344573974609375,
                        44.57068199999999791316440678201615810394287109375,
                        10516.399999999999636202119290828704833984375
                    ],
                    [
                        -71.8939869999999956462488626129925251007080078125,
                        44.57070499999999668716554879210889339447021484375,
                        10522.600000000000363797880709171295166015625
                    ],
                    [
                        -71.8939409999999980982465785928070545196533203125,
                        44.57074200000000274712874670512974262237548828125,
                        10524.899999999999636202119290828704833984375
                    ],
                    [
                        -71.893923999999998386556399054825305938720703125,
                        44.57078200000000123282006825320422649383544921875,
                        10535.79999999999927240423858165740966796875
                    ],
                    [
                        -71.893991999999997233317117206752300262451171875,
                        44.57086199999999820420271134935319423675537109375,
                        10529.20000000000072759576141834259033203125
                    ],
                    [
                        -71.8940840000000065401764004491269588470458984375,
                        44.57092200000000303816705127246677875518798828125,
                        10520.70000000000072759576141834259033203125
                    ],
                    [
                        -71.8943819999999931269485387019813060760498046875,
                        44.5710729999999983874658937565982341766357421875,
                        10460.29999999999927240423858165740966796875
                    ],
                    [
                        -71.8944220000000058234945754520595073699951171875,
                        44.571089000000000623913365416228771209716796875,
                        10454.100000000000363797880709171295166015625
                    ],
                    [
                        -71.8943929999999937763277557678520679473876953125,
                        44.57115499999999741476131021045148372650146484375,
                        10447.5
                    ],
                    [
                        -71.8943890000000038753569242544472217559814453125,
                        44.57117099999999965120878187008202075958251953125,
                        10447.5
                    ],
                    [
                        -71.894373000000001638909452594816684722900390625,
                        44.57123299999999943565853754989802837371826171875,
                        10439
                    ],
                    [
                        -71.89434099999999716601450927555561065673828125,
                        44.57132800000000116824594442732632160186767578125,
                        10432.399999999999636202119290828704833984375
                    ],
                    [
                        -71.894306000000000267391442321240901947021484375,
                        44.57140600000000318914317176677286624908447265625,
                        10408.79999999999927240423858165740966796875
                    ],
                    [
                        -71.894058000000001129592419601976871490478515625,
                        44.571471999999999979991116560995578765869140625,
                        10436.70000000000072759576141834259033203125
                    ],
                    [
                        -71.8936499999999938381733954884111881256103515625,
                        44.5716340000000030840965337119996547698974609375,
                        10436.70000000000072759576141834259033203125
                    ],
                    [
                        -71.893450000000001409716787748038768768310546875,
                        44.57164999999999821511664777062833309173583984375,
                        10423.899999999999636202119290828704833984375
                    ],
                    [
                        -71.893047999999993180608726106584072113037109375,
                        44.57161099999999720466803410090506076812744140625,
                        10399.899999999999636202119290828704833984375
                    ],
                    [
                        -71.892775000000000318323145620524883270263671875,
                        44.57151900000000210866346606053411960601806640625,
                        10391.399999999999636202119290828704833984375
                    ],
                    [
                        -71.89233500000000276486389338970184326171875,
                        44.57127700000000203317540581338107585906982421875,
                        10359.29999999999927240423858165740966796875
                    ],
                    [
                        -71.8919460000000043464751797728240489959716796875,
                        44.570999000000000478394213132560253143310546875,
                        10335.600000000000363797880709171295166015625
                    ],
                    [
                        -71.8916609999999991487129591405391693115234375,
                        44.57084900000000260433807852678000926971435546875,
                        10320.5
                    ],
                    [
                        -71.8915539999999992915036273188889026641845703125,
                        44.570773000000002639353624545037746429443359375,
                        10329.100000000000363797880709171295166015625
                    ],
                    [
                        -71.89147800000000643194653093814849853515625,
                        44.5706789999999983820089255459606647491455078125,
                        10318.20000000000072759576141834259033203125
                    ],
                    [
                        -71.891380999999995538018993102014064788818359375,
                        44.57059600000000187947080121375620365142822265625,
                        10316.29999999999927240423858165740966796875
                    ],
                    [
                        -71.891334999999997990016709081828594207763671875,
                        44.57049399999999650390236638486385345458984375,
                        10296.899999999999636202119290828704833984375
                    ],
                    [
                        -71.891332000000005564288585446774959564208984375,
                        44.5703859999999991714503266848623752593994140625,
                        10316.29999999999927240423858165740966796875
                    ],
                    [
                        -71.8913060000000001537046045996248722076416015625,
                        44.57035499999999927922544884495437145233154296875,
                        10316.29999999999927240423858165740966796875
                    ],
                    [
                        -71.8910230000000041172825149260461330413818359375,
                        44.57010199999999855435817153193056583404541015625,
                        10281.79999999999927240423858165740966796875
                    ],
                    [
                        -71.8908490000000028885551728308200836181640625,
                        44.56997100000000244790498982183635234832763671875,
                        10232.29999999999927240423858165740966796875
                    ],
                    [
                        -71.8907899999999955298335407860577106475830078125,
                        44.56990400000000107638697954826056957244873046875,
                        10208.29999999999927240423858165740966796875
                    ],
                    [
                        -71.890724000000005844412953592836856842041015625,
                        44.569873999999998659404809586703777313232421875,
                        10184.70000000000072759576141834259033203125
                    ],
                    [
                        -71.890566000000006852133083157241344451904296875,
                        44.569885999999996784026734530925750732421875,
                        10133.20000000000072759576141834259033203125
                    ],
                    [
                        -71.890456000000000358340912498533725738525390625,
                        44.57006299999999754390955786220729351043701171875,
                        10096.5
                    ],
                    [
                        -71.890389999999996462065610103309154510498046875,
                        44.57007200000000324280335917137563228607177734375,
                        10075.100000000000363797880709171295166015625
                    ],
                    [
                        -71.89031199999999444116838276386260986328125,
                        44.5700199999999995270627550780773162841796875,
                        10062
                    ],
                    [
                        -71.890219999999999345163814723491668701171875,
                        44.5697890000000001009539118967950344085693359375,
                        10034.100000000000363797880709171295166015625
                    ],
                    [
                        -71.890139000000004898538463748991489410400390625,
                        44.569580999999999448846210725605487823486328125,
                        10010.5
                    ],
                    [
                        -71.890071000000006051777745597064495086669921875,
                        44.569265000000001464286469854414463043212890625,
                        9976.100000000000363797880709171295166015625
                    ],
                    [
                        -71.8900239999999968176780384965240955352783203125,
                        44.56925199999999875899447943083941936492919921875,
                        9945.899999999999636202119290828704833984375
                    ],
                    [
                        -71.88992799999999760984792374074459075927734375,
                        44.5692700000000030513547244481742382049560546875,
                        9928.5
                    ],
                    [
                        -71.8898570000000063373590819537639617919921875,
                        44.56931999999999760575519758276641368865966796875,
                        9919.899999999999636202119290828704833984375
                    ],
                    [
                        -71.8897989999999964538801577873528003692626953125,
                        44.56941599999999681358531233854591846466064453125,
                        9907.20000000000072759576141834259033203125
                    ],
                    [
                        -71.88961100000000215004547499120235443115234375,
                        44.56953399999999732017386122606694698333740234375,
                        9857.600000000000363797880709171295166015625
                    ],
                    [
                        -71.889443999999997458871803246438503265380859375,
                        44.56971399999999761121216579340398311614990234375,
                        9844.79999999999927240423858165740966796875
                    ],
                    [
                        -71.8893220000000070513124228455126285552978515625,
                        44.56983600000000222962626139633357524871826171875,
                        9834
                    ],
                    [
                        -71.8892340000000018562786863185465335845947265625,
                        44.56994999999999862438926356844604015350341796875,
                        9820.899999999999636202119290828704833984375
                    ],
                    [
                        -71.8891870000000068330336944200098514556884765625,
                        44.570053000000001475200406275689601898193359375,
                        9795.29999999999927240423858165740966796875
                    ],
                    [
                        -71.88920799999999644569470547139644622802734375,
                        44.57016200000000338832251145504415035247802734375,
                        9793
                    ],
                    [
                        -71.88924900000000661748345009982585906982421875,
                        44.570346999999998161001713015139102935791015625,
                        9803.79999999999927240423858165740966796875
                    ],
                    [
                        -71.8892120000000005575202521868050098419189453125,
                        44.57043399999999877536538406275212764739990234375,
                        9805.79999999999927240423858165740966796875
                    ],
                    [
                        -71.8887739999999979545464157126843929290771484375,
                        44.57039300000000281443135463632643222808837890625,
                        9745.70000000000072759576141834259033203125
                    ],
                    [
                        -71.888677999999998746716300956904888153076171875,
                        44.570413999999999532519723288714885711669921875,
                        9719.79999999999927240423858165740966796875
                    ],
                    [
                        -71.8886420000000043728505261242389678955078125,
                        44.57043800000000288719093077816069126129150390625,
                        9726.399999999999636202119290828704833984375
                    ],
                    [
                        -71.888588999999996076439856551587581634521484375,
                        44.5704989999999980909706209786236286163330078125,
                        9704.70000000000072759576141834259033203125
                    ],
                    [
                        -71.888587000000001125954440794885158538818359375,
                        44.57060700000000252885001827962696552276611328125,
                        9661.70000000000072759576141834259033203125
                    ],
                    [
                        -71.8885269999999962919901008717715740203857421875,
                        44.5707019999999971560100675560534000396728515625,
                        9629.29999999999927240423858165740966796875
                    ],
                    [
                        -71.8885070000000041545717976987361907958984375,
                        44.57070300000000173668013303540647029876708984375,
                        9614.20000000000072759576141834259033203125
                    ],
                    [
                        -71.8885070000000041545717976987361907958984375,
                        44.57070300000000173668013303540647029876708984375,
                        9614.20000000000072759576141834259033203125
                    ],
                    [
                        -71.8882760000000047284629545174539089202880859375,
                        44.57071799999999939245753921568393707275390625,
                        9588.600000000000363797880709171295166015625
                    ],
                    [
                        -71.8879759999999947694959701038897037506103515625,
                        44.57068600000000202498995349742472171783447265625,
                        9508.899999999999636202119290828704833984375
                    ],
                    [
                        -71.88790299999999433566699735820293426513671875,
                        44.57063600000000036516212276183068752288818359375,
                        9498
                    ],
                    [
                        -71.887846999999993613528204150497913360595703125,
                        44.57053799999999910141923464834690093994140625,
                        9502.29999999999927240423858165740966796875
                    ],
                    [
                        -71.8877499999999969304553815163671970367431640625,
                        44.57051799999999985857357387430965900421142578125,
                        9444.20000000000072759576141834259033203125
                    ],
                    [
                        -71.887664000000000896761775948107242584228515625,
                        44.5705549999999988131094141863286495208740234375,
                        9422.600000000000363797880709171295166015625
                    ],
                    [
                        -71.8876479999999986603143042884767055511474609375,
                        44.5705889999999982364897732622921466827392578125,
                        9422.600000000000363797880709171295166015625
                    ],
                    [
                        -71.887620999999995774487615562975406646728515625,
                        44.57065800000000166392055689357221126556396484375,
                        9424.899999999999636202119290828704833984375
                    ],
                    [
                        -71.88763000000000147338141687214374542236328125,
                        44.57076500000000152112988871522247791290283203125,
                        9403.20000000000072759576141834259033203125
                    ],
                    [
                        -71.88758799999999382634996436536312103271484375,
                        44.57086799999999726651367382146418094635009765625,
                        9373.399999999999636202119290828704833984375
                    ],
                    [
                        -71.8874660000000034187905839644372463226318359375,
                        44.570931999999999106876202858984470367431640625,
                        9332.29999999999927240423858165740966796875
                    ],
                    [
                        -71.8873779999999982237568474374711513519287109375,
                        44.57101999999999719648258178494870662689208984375,
                        9293.600000000000363797880709171295166015625
                    ],
                    [
                        -71.88731400000000348882167600095272064208984375,
                        44.5711179999999984602254698984324932098388671875,
                        9254.899999999999636202119290828704833984375
                    ],
                    [
                        -71.887259999999997717168298549950122833251953125,
                        44.57129400000000174486558535136282444000244140625,
                        9226.70000000000072759576141834259033203125
                    ],
                    [
                        -71.887257000000005291440174914896488189697265625,
                        44.57143800000000055661075748503208160400390625,
                        9209.600000000000363797880709171295166015625
                    ],
                    [
                        -71.88711100000000442378222942352294921875,
                        44.57146399999999886176738073118031024932861328125,
                        9149.29999999999927240423858165740966796875
                    ],
                    [
                        -71.887010000000003628883860073983669281005859375,
                        44.5714619999999968058546073734760284423828125,
                        9136.5
                    ],
                    [
                        -71.8868700000000018235368770547211170196533203125,
                        44.57150200000000239697328652255237102508544921875,
                        9102
                    ],
                    [
                        -71.88682000000000016370904631912708282470703125,
                        44.57150200000000239697328652255237102508544921875,
                        9102
                    ],
                    [
                        -71.8867230000000034806362236849963665008544921875,
                        44.57148699999999763576852274127304553985595703125,
                        9084.600000000000363797880709171295166015625
                    ],
                    [
                        -71.8865559999999987894625519402325153350830078125,
                        44.57141299999999972669684211723506450653076171875,
                        9052.5
                    ],
                    [
                        -71.886515000000002828528522513806819915771484375,
                        44.5714320000000014942997950129210948944091796875,
                        9030.79999999999927240423858165740966796875
                    ],
                    [
                        -71.8863960000000048466972657479345798492431640625,
                        44.57154700000000246973286266438663005828857421875,
                        8992.100000000000363797880709171295166015625
                    ],
                    [
                        -71.886270999999993591700331307947635650634765625,
                        44.57160499999999814235707162879407405853271484375,
                        8949.100000000000363797880709171295166015625
                    ],
                    [
                        -71.8862759999999951787685859017074108123779296875,
                        44.57167700000000110094333649612963199615478515625,
                        8938.29999999999927240423858165740966796875
                    ],
                    [
                        -71.886335000000002537490217946469783782958984375,
                        44.57173499999999677356754546053707599639892578125,
                        8940.600000000000363797880709171295166015625
                    ],
                    [
                        -71.8863970000000023219399736262857913970947265625,
                        44.5718710000000015725163393653929233551025390625,
                        8925.5
                    ],
                    [
                        -71.886606999999997924533090554177761077880859375,
                        44.57202600000000103364072856493294239044189453125,
                        8899.600000000000363797880709171295166015625
                    ],
                    [
                        -71.8866430000000065092535805888473987579345703125,
                        44.57209300000000240515873883850872516632080078125,
                        8880.20000000000072759576141834259033203125
                    ],
                    [
                        -71.8866110000000020363586372695863246917724609375,
                        44.57219599999999815054252394475042819976806640625,
                        8824.100000000000363797880709171295166015625
                    ],
                    [
                        -71.886268000000001165972207672894001007080078125,
                        44.5721860000000020818333723582327365875244140625,
                        8813.600000000000363797880709171295166015625
                    ],
                    [
                        -71.8861200000000053478288464248180389404296875,
                        44.57221200000000038698999560438096523284912109375,
                        8813.600000000000363797880709171295166015625
                    ],
                    [
                        -71.88601099999999632927938364446163177490234375,
                        44.57228400000000334557626047171652317047119140625,
                        8811.399999999999636202119290828704833984375
                    ],
                    [
                        -71.8858589999999963993104756809771060943603515625,
                        44.57242699999999757665136712603271007537841796875,
                        8817.899999999999636202119290828704833984375
                    ],
                    [
                        -71.8857229999999987057890393771231174468994140625,
                        44.57247499999999718056642450392246246337890625,
                        8798.600000000000363797880709171295166015625
                    ],
                    [
                        -71.8855769999999978381310938857495784759521484375,
                        44.57250499999999959754859446547925472259521484375,
                        8738.20000000000072759576141834259033203125
                    ],
                    [
                        -71.8854079999999981964720063842833042144775390625,
                        44.57258399999999909368852968327701091766357421875,
                        8686.399999999999636202119290828704833984375
                    ],
                    [
                        -71.8853139999999939391273073852062225341796875,
                        44.57260999999999739884515292942523956298828125,
                        8667
                    ],
                    [
                        -71.8852179999999947312971926294267177581787109375,
                        44.57262999999999664169081370346248149871826171875,
                        8643.399999999999636202119290828704833984375
                    ],
                    [
                        -71.8850680000000039626684156246483325958251953125,
                        44.5726310000000012223608791828155517578125,
                        8632.5
                    ],
                    [
                        -71.8849320000000062691469793207943439483642578125,
                        44.57267999999999830151864443905651569366455078125,
                        8622
                    ],
                    [
                        -71.884895000000000209183781407773494720458984375,
                        44.572778999999997040504240430891513824462890625,
                        8607
                    ],
                    [
                        -71.8849330000000037443896871991455554962158203125,
                        44.57288299999999736655809101648628711700439453125,
                        8593.79999999999927240423858165740966796875
                    ],
                    [
                        -71.885144999999994297468219883739948272705078125,
                        44.57316999999999751480572740547358989715576171875,
                        8529.20000000000072759576141834259033203125
                    ],
                    [
                        -71.8851480000000009340510587207973003387451171875,
                        44.5732780000000019526851247064769268035888671875,
                        8503.600000000000363797880709171295166015625
                    ],
                    [
                        -71.8852409999999935052983346395194530487060546875,
                        44.573442999999997482518665492534637451171875,
                        8471.100000000000363797880709171295166015625
                    ],
                    [
                        -71.8852250000000054797055781818926334381103515625,
                        44.57346600000000336194716510362923145294189453125,
                        8471.100000000000363797880709171295166015625
                    ],
                    [
                        -71.8851269999999971105353324674069881439208984375,
                        44.5734470000000015943442122079432010650634765625,
                        8449.79999999999927240423858165740966796875
                    ],
                    [
                        -71.8849799999999987676346790976822376251220703125,
                        44.5734589999999997189661371521651744842529296875,
                        8413.100000000000363797880709171295166015625
                    ],
                    [
                        -71.88488499999999703504727222025394439697265625,
                        44.5734350000000034697222872637212276458740234375,
                        8389.399999999999636202119290828704833984375
                    ],
                    [
                        -71.884760999999997466147760860621929168701171875,
                        44.57337400000000116051523946225643157958984375,
                        8385.20000000000072759576141834259033203125
                    ],
                    [
                        -71.88452499999999645297066308557987213134765625,
                        44.5733120000000013760654837824404239654541015625,
                        8363.5
                    ],
                    [
                        -71.8843839999999971723809721879661083221435546875,
                        44.573341999999996687620296142995357513427734375,
                        8335.600000000000363797880709171295166015625
                    ],
                    [
                        -71.8843509999999952242433209903538227081298828125,
                        44.57336699999999751753421151079237461090087890625,
                        8329.100000000000363797880709171295166015625
                    ],
                    [
                        -71.8843040000000002009983290918171405792236328125,
                        44.573430999999999357896740548312664031982421875,
                        8301.20000000000072759576141834259033203125
                    ],
                    [
                        -71.884322999999994863173924386501312255859375,
                        44.57345600000000018781065591610968112945556640625,
                        8327.100000000000363797880709171295166015625
                    ],
                    [
                        -71.88429899999999861393007449805736541748046875,
                        44.57348400000000054888005251996219158172607421875,
                        8294.600000000000363797880709171295166015625
                    ],
                    [
                        -71.884422999999998182829585857689380645751953125,
                        44.5737570000000005165929906070232391357421875,
                        8268.70000000000072759576141834259033203125
                    ],
                    [
                        -71.884409000000005107722245156764984130859375,
                        44.5738640000000003738023224286735057830810546875,
                        8245.100000000000363797880709171295166015625
                    ],
                    [
                        -71.884286000000003014065441675484180450439453125,
                        44.5741340000000008103597792796790599822998046875,
                        8191.3000000000001818989403545856475830078125
                    ],
                    [
                        -71.8840919999999954370650812052190303802490234375,
                        44.57433999999999940655470709316432476043701171875,
                        8146
                    ],
                    [
                        -71.8840809999999947876858641393482685089111328125,
                        44.57437300000000135469235829077661037445068359375,
                        8146
                    ],
                    [
                        -71.88411600000000589716364629566669464111328125,
                        44.57451400000000063528204918839037418365478515625,
                        8111.5
                    ],
                    [
                        -71.8841230000000024347173166461288928985595703125,
                        44.57476700000000136014932650141417980194091796875,
                        8066.600000000000363797880709171295166015625
                    ],
                    [
                        -71.884286000000003014065441675484180450439453125,
                        44.57506699999999710826159571297466754913330078125,
                        8032.1999999999998181010596454143524169921875
                    ],
                    [
                        -71.8842489999999969541022437624633312225341796875,
                        44.57520699999999891360857873223721981048583984375,
                        8003.899999999999636202119290828704833984375
                    ],
                    [
                        -71.8842590000000001282387529499828815460205078125,
                        44.575457999999997582563082687556743621826171875,
                        7954.399999999999636202119290828704833984375
                    ],
                    [
                        -71.8842949999999945021045277826488018035888671875,
                        44.57556199999999790861693327315151691436767578125,
                        7933.100000000000363797880709171295166015625
                    ],
                    [
                        -71.8845720000000056870703701861202716827392578125,
                        44.5757679999999965048118610866367816925048828125,
                        7879.3000000000001818989403545856475830078125
                    ],
                    [
                        -71.8845319999999929905243334360420703887939453125,
                        44.57594399999999978945197653956711292266845703125,
                        7818.899999999999636202119290828704833984375
                    ],
                    [
                        -71.8843399999999945748641039244830608367919921875,
                        44.57605499999999665305949747562408447265625,
                        7786.6999999999998181010596454143524169921875
                    ],
                    [
                        -71.8843240000000065492713474668562412261962890625,
                        44.57608900000000318186721415258944034576416015625,
                        7786.6999999999998181010596454143524169921875
                    ],
                    [
                        -71.8843269999999989749994711019098758697509765625,
                        44.5763409999999993260644259862601757049560546875,
                        7769.399999999999636202119290828704833984375
                    ],
                    [
                        -71.884242000000000416548573412001132965087890625,
                        44.5765099999999989677235134877264499664306640625,
                        7756.600000000000363797880709171295166015625
                    ],
                    [
                        -71.8840200000000066893335315398871898651123046875,
                        44.57674999999999698729880037717521190643310546875,
                        7750
                    ],
                    [
                        -71.8839130000000068321241997182369232177734375,
                        44.57682700000000153295331983827054500579833984375,
                        7737.1999999999998181010596454143524169921875
                    ],
                    [
                        -71.8837330000000065410858951508998870849609375,
                        44.5768910000000033733158488757908344268798828125,
                        7754.3000000000001818989403545856475830078125
                    ],
                    [
                        -71.8834829999999982419467414729297161102294921875,
                        44.576897999999999910869519226253032684326171875,
                        7754.3000000000001818989403545856475830078125
                    ],
                    [
                        -71.8833280000000058862497098743915557861328125,
                        44.57685599999999936926542432047426700592041015625,
                        7760.8000000000001818989403545856475830078125
                    ],
                    [
                        -71.8833280000000058862497098743915557861328125,
                        44.57685599999999936926542432047426700592041015625,
                        7760.8000000000001818989403545856475830078125
                    ],
                    [
                        -71.8832459999999997535269358195364475250244140625,
                        44.57683399999999807050699018873274326324462890625,
                        7758.5
                    ],
                    [
                        -71.88312500000000682121026329696178436279296875,
                        44.57677100000000081081452663056552410125732421875,
                        7756.600000000000363797880709171295166015625
                    ],
                    [
                        -71.8830310000000025638655642978847026824951171875,
                        44.57668799999999720284904469735920429229736328125,
                        7754.3000000000001818989403545856475830078125
                    ],
                    [
                        -71.8829419999999998935891198925673961639404296875,
                        44.57665200000000282898326986469328403472900390625,
                        7709
                    ],
                    [
                        -71.882847999999995636244420893490314483642578125,
                        44.57665899999999936653694021515548229217529296875,
                        7676.8000000000001818989403545856475830078125
                    ],
                    [
                        -71.882576999999997724444256164133548736572265625,
                        44.57674800000000203681338462047278881072998046875,
                        7590.600000000000363797880709171295166015625
                    ],
                    [
                        -71.8826059999999955607563606463372707366943359375,
                        44.57677699999999987312548910267651081085205078125,
                        7601.399999999999636202119290828704833984375
                    ],
                    [
                        -71.8826269999999993842720868997275829315185546875,
                        44.57688300000000225509211304597556591033935546875,
                        7590.600000000000363797880709171295166015625
                    ],
                    [
                        -71.8828309999999959245542413555085659027099609375,
                        44.57713100000000139289113576523959636688232421875,
                        7551.8000000000001818989403545856475830078125
                    ],
                    [
                        -71.8829439999999948440745356492698192596435546875,
                        44.57720199999999977080733515322208404541015625,
                        7534.8000000000001818989403545856475830078125
                    ],
                    [
                        -71.8831430000000040081431507132947444915771484375,
                        44.57740700000000089175955508835613727569580078125,
                        7498
                    ],
                    [
                        -71.88326000000000703948899172246456146240234375,
                        44.57747400000000226327756536193192005157470703125,
                        7481
                    ],
                    [
                        -71.8834910000000064655978349037468433380126953125,
                        44.57754800000000017234924598596990108489990234375,
                        7476.6999999999998181010596454143524169921875
                    ],
                    [
                        -71.8836419999999947094693197868764400482177734375,
                        44.5775569999999987658156896941363811492919921875,
                        7481
                    ],
                    [
                        -71.8838339999999931251295492984354496002197265625,
                        44.57751499999999822421159478835761547088623046875,
                        7467.8000000000001818989403545856475830078125
                    ],
                    [
                        -71.8841330000000056088538258336484432220458984375,
                        44.577483999999998331986716948449611663818359375,
                        7444.1999999999998181010596454143524169921875
                    ],
                    [
                        -71.8842829999999963774826028384268283843994140625,
                        44.57749199999999945021045277826488018035888671875,
                        7416.3000000000001818989403545856475830078125
                    ],
                    [
                        -71.88443200000000388172338716685771942138671875,
                        44.57746900000000067620931076817214488983154296875,
                        7373.399999999999636202119290828704833984375
                    ],
                    [
                        -71.8850850000000036743585951626300811767578125,
                        44.5772860000000008540155249647796154022216796875,
                        7338.899999999999636202119290828704833984375
                    ],
                    [
                        -71.885233999999996967744664289057254791259765625,
                        44.57726600000000161116986419074237346649169921875,
                        7300.1999999999998181010596454143524169921875
                    ],
                    [
                        -71.885366000000004760295269079506397247314453125,
                        44.5773140000000012150849215686321258544921875,
                        7278.5
                    ],
                    [
                        -71.8854419999999976198523654602468013763427734375,
                        44.57740700000000089175955508835613727569580078125,
                        7244.100000000000363797880709171295166015625
                    ],
                    [
                        -71.8854500000000058435034588910639286041259765625,
                        44.5774789999999967449184623546898365020751953125,
                        7231.3000000000001818989403545856475830078125
                    ],
                    [
                        -71.8855109999999939418557914905250072479248046875,
                        44.57753600000000204772732104174792766571044921875,
                        7218.1999999999998181010596454143524169921875
                    ],
                    [
                        -71.8855960000000067111614043824374675750732421875,
                        44.577573000000001002263161353766918182373046875,
                        7198.8000000000001818989403545856475830078125
                    ],
                    [
                        -71.8860159999999979163476382382214069366455078125,
                        44.57769499999999851524989935569465160369873046875,
                        7136.5
                    ],
                    [
                        -71.886266000000006215486791916191577911376953125,
                        44.5777140000000002828528522513806819915771484375,
                        7112.899999999999636202119290828704833984375
                    ],
                    [
                        -71.88641300000000455838744528591632843017578125,
                        44.5776919999999989840944181196391582489013671875,
                        7112.899999999999636202119290828704833984375
                    ],
                    [
                        -71.886560000000002901288098655641078948974609375,
                        44.57771699999999981400833348743617534637451171875,
                        7108.600000000000363797880709171295166015625
                    ],
                    [
                        -71.886761000000007015842129476368427276611328125,
                        44.5777240000000034569893614389002323150634765625,
                        7091.1999999999998181010596454143524169921875
                    ],
                    [
                        -71.8869049999999987221599440090358257293701171875,
                        44.5777590000000003556124283932149410247802734375,
                        7074.100000000000363797880709171295166015625
                    ],
                    [
                        -71.886942000000004782123141922056674957275390625,
                        44.5777819999999991296135704033076763153076171875,
                        7074.100000000000363797880709171295166015625
                    ],
                    [
                        -71.8872309999999998808561940677464008331298828125,
                        44.5781199999999984129317454062402248382568359375,
                        7045.899999999999636202119290828704833984375
                    ],
                    [
                        -71.8873339999999956262399791739881038665771484375,
                        44.57831399999999888450474827550351619720458984375,
                        7007.1999999999998181010596454143524169921875
                    ],
                    [
                        -71.8873420000000038498910726048052310943603515625,
                        44.57863900000000256795829045586287975311279296875,
                        6964.1999999999998181010596454143524169921875
                    ],
                    [
                        -71.88729499999999461579136550426483154296875,
                        44.57874000000000336285665980540215969085693359375,
                        6953.399999999999636202119290828704833984375
                    ],
                    [
                        -71.887303000000002839442458935081958770751953125,
                        44.578811000000001740772859193384647369384765625,
                        6944.899999999999636202119290828704833984375
                    ],
                    [
                        -71.88745099999999865758582018315792083740234375,
                        44.57890400000000141744749271310865879058837890625,
                        6975.100000000000363797880709171295166015625
                    ],
                    [
                        -71.8875210000000066656866692937910556793212890625,
                        44.5789979999999985693648341111838817596435546875,
                        6966.5
                    ],
                    [
                        -71.8876470000000011850715964101254940032958984375,
                        44.5791109999999974888851284049451351165771484375,
                        6940.600000000000363797880709171295166015625
                    ],
                    [
                        -71.887868999999994912286638282239437103271484375,
                        44.5792560000000008813003660179674625396728515625,
                        6936.399999999999636202119290828704833984375
                    ],
                    [
                        -71.8880989999999968631527735851705074310302734375,
                        44.5794470000000018217178876511752605438232421875,
                        6925.5
                    ],
                    [
                        -71.8881200000000006866684998385608196258544921875,
                        44.57947999999999666442818124778568744659423828125,
                        6921.3000000000001818989403545856475830078125
                    ],
                    [
                        -71.8883569999999991750883054919540882110595703125,
                        44.57961300000000193222149391658604145050048828125,
                        6929.8000000000001818989403545856475830078125
                    ],
                    [
                        -71.8884189999999989595380611717700958251953125,
                        44.57967000000000012960299500264227390289306640625,
                        6917
                    ],
                    [
                        -71.88866600000000062209437601268291473388671875,
                        44.5797850000000011050360626541078090667724609375,
                        6897.600000000000363797880709171295166015625
                    ],
                    [
                        -71.88875699999999824285623617470264434814453125,
                        44.57986799999999760757418698631227016448974609375,
                        6876
                    ],
                    [
                        -71.8890009999999932688297121785581111907958984375,
                        44.580095000000000027284841053187847137451171875,
                        6794.3000000000001818989403545856475830078125
                    ],
                    [
                        -71.8890980000000041627572500146925449371337890625,
                        44.5803360000000026275301934219896793365478515625,
                        6774.899999999999636202119290828704833984375
                    ],
                    [
                        -71.889107999999993126039044000208377838134765625,
                        44.58044399999999995998223312199115753173828125,
                        6764.100000000000363797880709171295166015625
                    ],
                    [
                        -71.889194000000003370587364770472049713134765625,
                        44.58061099999999754572854726575314998626708984375,
                        6755.600000000000363797880709171295166015625
                    ],
                    [
                        -71.8893690000000020745574147440493106842041015625,
                        44.5808279999999967913026921451091766357421875,
                        6731.600000000000363797880709171295166015625
                    ],
                    [
                        -71.8895959999999973888407112099230289459228515625,
                        44.58106699999999733563527115620672702789306640625,
                        6721.100000000000363797880709171295166015625
                    ],
                    [
                        -71.8897199999999969577402225695550441741943359375,
                        44.58129900000000134241417981684207916259765625,
                        6706
                    ],
                    [
                        -71.8897539999999963811205816455185413360595703125,
                        44.5814400000000006230038707144558429718017578125,
                        6703.6999999999998181010596454143524169921875
                    ],
                    [
                        -71.889824000000004389221430756151676177978515625,
                        44.581535000000002355591277591884136199951171875,
                        6706
                    ],
                    [
                        -71.889891000000005760739441029727458953857421875,
                        44.58170799999999900364855420775711536407470703125,
                        6703.6999999999998181010596454143524169921875
                    ],
                    [
                        -71.89001799999999775536707602441310882568359375,
                        44.58182000000000044792614062316715717315673828125,
                        6708
                    ],
                    [
                        -71.89019999999999299689079634845256805419921875,
                        44.581941999999997960912878625094890594482421875,
                        6703.6999999999998181010596454143524169921875
                    ],
                    [
                        -71.8902839999999940800989861600100994110107421875,
                        44.582031999999998106432030908763408660888671875,
                        6695.1999999999998181010596454143524169921875
                    ],
                    [
                        -71.8903609999999986257535056211054325103759765625,
                        44.58207800000000275986167252995073795318603515625,
                        6686.6999999999998181010596454143524169921875
                    ],
                    [
                        -71.8904509999999987712726579047739505767822265625,
                        44.58216399999999879355527809821069240570068359375,
                        6667.3000000000001818989403545856475830078125
                    ],
                    [
                        -71.8907659999999992805896908976137638092041015625,
                        44.5823970000000002755768946371972560882568359375,
                        6639.100000000000363797880709171295166015625
                    ],
                    [
                        -71.890998999999993657183949835598468780517578125,
                        44.58267599999999930560079519636929035186767578125,
                        6585.3000000000001818989403545856475830078125
                    ],
                    [
                        -71.8911719999999974106685840524733066558837890625,
                        44.582853999999997540726326406002044677734375,
                        6561.6999999999998181010596454143524169921875
                    ],
                    [
                        -71.891267999999996618498698808252811431884765625,
                        44.58305299999999959936758386902511119842529296875,
                        6538.100000000000363797880709171295166015625
                    ],
                    [
                        -71.8912360000000063564584706909954547882080078125,
                        44.58308799999999649799065082333981990814208984375,
                        6531.5
                    ],
                    [
                        -71.89121199999999589635990560054779052734375,
                        44.5831400000000002137312549166381359100341796875,
                        6524.899999999999636202119290828704833984375
                    ],
                    [
                        -71.8911949999999961846697260625660419464111328125,
                        44.58322299999999671626937924884259700775146484375,
                        6518.6999999999998181010596454143524169921875
                    ],
                    [
                        -71.8911939999999987094270181842148303985595703125,
                        44.58339000000000140744305099360644817352294921875,
                        6501.3000000000001818989403545856475830078125
                    ],
                    [
                        -71.8912090000000034706317819654941558837890625,
                        44.58346099999999978535925038158893585205078125,
                        6492.8000000000001818989403545856475830078125
                    ],
                    [
                        -71.8912360000000063564584706909954547882080078125,
                        44.58352000000000003865352482534945011138916015625,
                        6488.5
                    ],
                    [
                        -71.8913849999999996498445398174226284027099609375,
                        44.58364100000000007639755494892597198486328125,
                        6477.6999999999998181010596454143524169921875
                    ],
                    [
                        -71.89168200000000297222868539392948150634765625,
                        44.58383500000000054797055781818926334381103515625,
                        6462.600000000000363797880709171295166015625
                    ],
                    [
                        -71.8917469999999951824065647087991237640380859375,
                        44.5838880000000017389538697898387908935546875,
                        6462.600000000000363797880709171295166015625
                    ],
                    [
                        -71.891785999999996192855178378522396087646484375,
                        44.5839280000000002246451913379132747650146484375,
                        6458.3000000000001818989403545856475830078125
                    ],
                    [
                        -71.8917959999999993669916875660419464111328125,
                        44.58395999999999759211277705617249011993408203125,
                        6458.3000000000001818989403545856475830078125
                    ],
                    [
                        -71.891831999999993740857462398707866668701171875,
                        44.5840069999999997207851265557110309600830078125,
                        6462.600000000000363797880709171295166015625
                    ],
                    [
                        -71.8918560000000042009560274891555309295654296875,
                        44.58407299999999651163307134993374347686767578125,
                        6464.899999999999636202119290828704833984375
                    ],
                    [
                        -71.8918589999999966266841511242091655731201171875,
                        44.5841190000000011650627129711210727691650390625,
                        6462.600000000000363797880709171295166015625
                    ],
                    [
                        -71.891852999999997564373188652098178863525390625,
                        44.58416600000000329373506247065961360931396484375,
                        6462.600000000000363797880709171295166015625
                    ],
                    [
                        -71.8918019999999984293026500381529331207275390625,
                        44.58421700000000242880560108460485935211181640625,
                        6454.100000000000363797880709171295166015625
                    ],
                    [
                        -71.891716000000002395609044469892978668212890625,
                        44.58427100000000109503162093460559844970703125,
                        6449.8000000000001818989403545856475830078125
                    ],
                    [
                        -71.8914510000000035461198422126471996307373046875,
                        44.5843660000000028276190278120338916778564453125,
                        6432.399999999999636202119290828704833984375
                    ],
                    [
                        -71.891381999999993013261700980365276336669921875,
                        44.58442600000000055615601013414561748504638671875,
                        6423.899999999999636202119290828704833984375
                    ],
                    [
                        -71.8913309999999938781911623664200305938720703125,
                        44.584484000000003334207576699554920196533203125,
                        6415.399999999999636202119290828704833984375
                    ],
                    [
                        -71.8913309999999938781911623664200305938720703125,
                        44.584484000000003334207576699554920196533203125,
                        6415.399999999999636202119290828704833984375
                    ],
                    [
                        -71.8912949999999995043253875337541103363037109375,
                        44.5845249999999992951416061259806156158447265625,
                        6415.399999999999636202119290828704833984375
                    ],
                    [
                        -71.8911920000000037589416024275124073028564453125,
                        44.58460699999999832243702257983386516571044921875,
                        6411.100000000000363797880709171295166015625
                    ],
                    [
                        -71.891152000000005273250280879437923431396484375,
                        44.58467499999999716919774073176085948944091796875,
                        6413.100000000000363797880709171295166015625
                    ],
                    [
                        -71.8911489999999986366674420423805713653564453125,
                        44.58472299999999677311279810965061187744140625,
                        6411.100000000000363797880709171295166015625
                    ],
                    [
                        -71.8911650000000008731149137020111083984375,
                        44.58478600000000113823261926881968975067138671875,
                        6413.100000000000363797880709171295166015625
                    ],
                    [
                        -71.8912260000000031823219615034759044647216796875,
                        44.58485999999999904730429989285767078399658203125,
                        6415.399999999999636202119290828704833984375
                    ],
                    [
                        -71.8913390000000021018422557972371578216552734375,
                        44.58492600000000294357960228808224201202392578125,
                        6417.3000000000001818989403545856475830078125
                    ],
                    [
                        -71.891423000000003185050445608794689178466796875,
                        44.58498900000000020327206584624946117401123046875,
                        6421.600000000000363797880709171295166015625
                    ],
                    [
                        -71.8915339999999929432306089438498020172119140625,
                        44.58510299999999659803506801836192607879638671875,
                        6430.399999999999636202119290828704833984375
                    ],
                    [
                        -71.8915970000000044137777877040207386016845703125,
                        44.58521300000000309182723867706954479217529296875,
                        6441.3000000000001818989403545856475830078125
                    ],
                    [
                        -71.8916229999999956135070533491671085357666015625,
                        44.585340999999999667124939151108264923095703125,
                        6445.5
                    ],
                    [
                        -71.8916190000000057125362218357622623443603515625,
                        44.58539799999999786450644023716449737548828125,
                        6447.5
                    ],
                    [
                        -71.8915789999999930159901850856840610504150390625,
                        44.58547800000000194131644093431532382965087890625,
                        6451.8000000000001818989403545856475830078125
                    ],
                    [
                        -71.891490000000004556568455882370471954345703125,
                        44.58559199999999833607944310642778873443603515625,
                        6464.899999999999636202119290828704833984375
                    ],
                    [
                        -71.8914189999999990732248988933861255645751953125,
                        44.58567000000000035697667044587433338165283203125,
                        6480
                    ],
                    [
                        -71.891242000000005418769433163106441497802734375,
                        44.5857960000000019817889551632106304168701171875,
                        6510.1999999999998181010596454143524169921875
                    ],
                    [
                        -71.8911640000000033978722058236598968505859375,
                        44.585881999999998015482560731470584869384765625,
                        6520.6999999999998181010596454143524169921875
                    ],
                    [
                        -71.8911269999999973379090079106390476226806640625,
                        44.58591599999999743886291980743408203125,
                        6523
                    ],
                    [
                        -71.8910690000000016652847989462316036224365234375,
                        44.5859219999999965011738822795450687408447265625,
                        6529.5
                    ],
                    [
                        -71.8908789999999982001099851913750171661376953125,
                        44.5858970000000027766873245127499103546142578125,
                        6531.5
                    ],
                    [
                        -71.8907439999999979818312567658722400665283203125,
                        44.58586600000000288446244667284190654754638671875,
                        6535.8000000000001818989403545856475830078125
                    ],
                    [
                        -71.8906429999999971869328874163329601287841796875,
                        44.585813000000001693479134701192378997802734375,
                        6533.8000000000001818989403545856475830078125
                    ],
                    [
                        -71.8904849999999981946530169807374477386474609375,
                        44.58571200000000089858076535165309906005859375,
                        6520.6999999999998181010596454143524169921875
                    ],
                    [
                        -71.89037999999999328792910091578960418701171875,
                        44.5856270000000023401298676617443561553955078125,
                        6497
                    ],
                    [
                        -71.8903700000000043246473069302737712860107421875,
                        44.58553299999999808278516866266727447509765625,
                        6488.5
                    ],
                    [
                        -71.8903959999999955243765725754201412200927734375,
                        44.5854709999999982983354129828512668609619140625,
                        6480
                    ],
                    [
                        -71.8905639999999976907929521985352039337158203125,
                        44.58530799999999771898728795349597930908203125,
                        6454.100000000000363797880709171295166015625
                    ],
                    [
                        -71.890566000000006852133083157241344451904296875,
                        44.58524799999999999045030563138425350189208984375,
                        6445.5
                    ],
                    [
                        -71.8905270000000058416844694875180721282958984375,
                        44.5852000000000003865352482534945011138916015625,
                        6436.6999999999998181010596454143524169921875
                    ],
                    [
                        -71.8904830000000032441676012240350246429443359375,
                        44.58516399999999890724211581982672214508056640625,
                        6436.6999999999998181010596454143524169921875
                    ],
                    [
                        -71.8903969999999929996192804537713527679443359375,
                        44.58512499999999789679350215010344982147216796875,
                        6426.1999999999998181010596454143524169921875
                    ],
                    [
                        -71.8901690000000002100932761095464229583740234375,
                        44.5850429999999988694980856962502002716064453125,
                        6415.399999999999636202119290828704833984375
                    ],
                    [
                        -71.890096999999997251507011242210865020751953125,
                        44.58499299999999720967025496065616607666015625,
                        6404.5
                    ],
                    [
                        -71.8900119999999986930561135523021221160888671875,
                        44.58489999999999753299562144093215465545654296875,
                        6393.6999999999998181010596454143524169921875
                    ],
                    [
                        -71.8899420000000048958099796436727046966552734375,
                        44.5847449999999980718712322413921356201171875,
                        6387.5
                    ],
                    [
                        -71.88988000000000511136022396385669708251953125,
                        44.584654000000000451109372079372406005859375,
                        6380.899999999999636202119290828704833984375
                    ],
                    [
                        -71.8898319999999984020178089849650859832763671875,
                        44.584597999999999728970578871667385101318359375,
                        6382.899999999999636202119290828704833984375
                    ],
                    [
                        -71.8897089999999963083610055036842823028564453125,
                        44.58448299999999875353751122020184993743896484375,
                        6359.3000000000001818989403545856475830078125
                    ],
                    [
                        -71.8896280000000018617356545291841030120849609375,
                        44.58434799999999853525878279469907283782958984375,
                        6331.399999999999636202119290828704833984375
                    ],
                    [
                        -71.8895969999999948640834190882742404937744140625,
                        44.58426200000000250156517722643911838531494140625,
                        6324.8000000000001818989403545856475830078125
                    ],
                    [
                        -71.889533000000000129148247651755809783935546875,
                        44.58396499999999917918103164993226528167724609375,
                        6290.399999999999636202119290828704833984375
                    ],
                    [
                        -71.889489999999995006874087266623973846435546875,
                        44.58389799999999780766302137635648250579833984375,
                        6290.399999999999636202119290828704833984375
                    ],
                    [
                        -71.889422999999993635356076993048191070556640625,
                        44.5838490000000007285052561201155185699462890625,
                        6279.5
                    ],
                    [
                        -71.88941199999999298597685992717742919921875,
                        44.5838480000000032532625482417643070220947265625,
                        6279.5
                    ],
                    [
                        -71.8892720000000053914845921099185943603515625,
                        44.5839500000000015234036254696547985076904296875,
                        6260.1999999999998181010596454143524169921875
                    ],
                    [
                        -71.889262000000002217348082922399044036865234375,
                        44.5839610000000021727828425355255603790283203125,
                        6260.1999999999998181010596454143524169921875
                    ],
                    [
                        -71.889262000000002217348082922399044036865234375,
                        44.5839610000000021727828425355255603790283203125,
                        6260.1999999999998181010596454143524169921875
                    ],
                    [
                        -71.8891909999999967340045259334146976470947265625,
                        44.58403799999999961301000439561903476715087890625,
                        6247.399999999999636202119290828704833984375
                    ],
                    [
                        -71.8891119999999972378645907156169414520263671875,
                        44.58413500000000340151018463075160980224609375,
                        6238.8000000000001818989403545856475830078125
                    ],
                    [
                        -71.88902500000000372892827726900577545166015625,
                        44.5842999999999989313437254168093204498291015625,
                        6240.8000000000001818989403545856475830078125
                    ],
                    [
                        -71.889003000000002430169843137264251708984375,
                        44.58439200000000113277565105818212032318115234375,
                        6240.8000000000001818989403545856475830078125
                    ],
                    [
                        -71.8890039999999999054125510156154632568359375,
                        44.5844359999999966248651617206633090972900390625,
                        6240.8000000000001818989403545856475830078125
                    ],
                    [
                        -71.889038999999996804035617969930171966552734375,
                        44.584508999999997058694134466350078582763671875,
                        6247.399999999999636202119290828704833984375
                    ],
                    [
                        -71.8891210000000029367583920247852802276611328125,
                        44.584619000000003552486305125057697296142578125,
                        6236.5
                    ],
                    [
                        -71.889127999999999474312062375247478485107421875,
                        44.58464099999999774581738165579736232757568359375,
                        6253.899999999999636202119290828704833984375
                    ],
                    [
                        -71.889128999999996949554770253598690032958984375,
                        44.58467499999999716919774073176085948944091796875,
                        6251.600000000000363797880709171295166015625
                    ],
                    [
                        -71.889106999999995650796336121857166290283203125,
                        44.5847389999999990095602697692811489105224609375,
                        6232.3000000000001818989403545856475830078125
                    ],
                    [
                        -71.8890449999999958663465804420411586761474609375,
                        44.584822000000002617525751702487468719482421875,
                        6234.600000000000363797880709171295166015625
                    ],
                    [
                        -71.88902400000000625368556939065456390380859375,
                        44.58487699999999875899447943083941936492919921875,
                        6223.8000000000001818989403545856475830078125
                    ],
                    [
                        -71.8890310000000027912392397411167621612548828125,
                        44.5849249999999983629095368087291717529296875,
                        6221.5
                    ],
                    [
                        -71.889058000000005677065928466618061065673828125,
                        44.58497700000000207865014090202748775482177734375,
                        6230.3000000000001818989403545856475830078125
                    ],
                    [
                        -71.8890669999999971651050145737826824188232421875,
                        44.58503900000000186309989658184349536895751953125,
                        6225.6999999999998181010596454143524169921875
                    ],
                    [
                        -71.889082999999999401552486233413219451904296875,
                        44.5850659999999976434992277063429355621337890625,
                        6225.6999999999998181010596454143524169921875
                    ],
                    [
                        -71.8891100000000022873791749589145183563232421875,
                        44.585206999999996924088918603956699371337890625,
                        6215.1999999999998181010596454143524169921875
                    ],
                    [
                        -71.8891320000000035861376090906560420989990234375,
                        44.58526299999999764622771181166172027587890625,
                        6228
                    ],
                    [
                        -71.88929699999999911597114987671375274658203125,
                        44.585520999999999958163243718445301055908203125,
                        6215.1999999999998181010596454143524169921875
                    ],
                    [
                        -71.8893620000000055370037443935871124267578125,
                        44.58565300000000064528649090789258480072021484375,
                        6195.899999999999636202119290828704833984375
                    ],
                    [
                        -71.889409999999998035491444170475006103515625,
                        44.58578200000000180125425686128437519073486328125,
                        6187
                    ],
                    [
                        -71.8896199999999936380845610983669757843017578125,
                        44.58605899999999877536538406275212764739990234375,
                        6180.8000000000001818989403545856475830078125
                    ],
                    [
                        -71.8897050000000064073901739902794361114501953125,
                        44.58613299999999668443706468679010868072509765625,
                        6165.6999999999998181010596454143524169921875
                    ],
                    [
                        -71.8900569999999987658156896941363811492919921875,
                        44.58634599999999892361302045173943042755126953125,
                        6169.899999999999636202119290828704833984375
                    ],
                    [
                        -71.8901440000000064856067183427512645721435546875,
                        44.5863829999999978781488607637584209442138671875,
                        6165.6999999999998181010596454143524169921875
                    ],
                    [
                        -71.8903700000000043246473069302737712860107421875,
                        44.5865050000000024965629563666880130767822265625,
                        6169.899999999999636202119290828704833984375
                    ],
                    [
                        -71.890499000000005480615072883665561676025390625,
                        44.5865629999999981691871653310954570770263671875,
                        6178.5
                    ],
                    [
                        -71.89060200000000122599885798990726470947265625,
                        44.5865950000000026420821086503565311431884765625,
                        6191.3000000000001818989403545856475830078125
                    ],
                    [
                        -71.8910359999999997171471477486193180084228515625,
                        44.58668999999999726924215792678296566009521484375,
                        6217.1999999999998181010596454143524169921875
                    ],
                    [
                        -71.89125500000000101863406598567962646484375,
                        44.5867879999999985329850460402667522430419921875,
                        6225.6999999999998181010596454143524169921875
                    ],
                    [
                        -71.8913500000000027512214728631079196929931640625,
                        44.58682300000000253703547059558331966400146484375,
                        6228
                    ],
                    [
                        -71.8914170000000041227394831366837024688720703125,
                        44.58682900000000159934643306769430637359619140625,
                        6238.8000000000001818989403545856475830078125
                    ],
                    [
                        -71.8914809999999988576746545732021331787109375,
                        44.58681200000000188765625352971255779266357421875,
                        6249.6999999999998181010596454143524169921875
                    ],
                    [
                        -71.8915750000000031150193535722792148590087890625,
                        44.5868090000000023565007722936570644378662109375,
                        6255.899999999999636202119290828704833984375
                    ],
                    [
                        -71.8916550000000000864019966684281826019287109375,
                        44.58682999999999907458914094604551792144775390625,
                        6260.1999999999998181010596454143524169921875
                    ],
                    [
                        -71.89172700000000304498826153576374053955078125,
                        44.58690599999999903957359492778778076171875,
                        6262.5
                    ],
                    [
                        -71.8917679999999990059222909621894359588623046875,
                        44.5869799999999969486452755518257617950439453125,
                        6264.399999999999636202119290828704833984375
                    ],
                    [
                        -71.8917670000000015306795830838382244110107421875,
                        44.58701700000000300860847346484661102294921875,
                        6269
                    ],
                    [
                        -71.8917529999999942447175271809101104736328125,
                        44.587029000000001133230398409068584442138671875,
                        6269
                    ],
                    [
                        -71.8917320000000046320565161295235157012939453125,
                        44.58708800000000138652467285282909870147705078125,
                        6275.3000000000001818989403545856475830078125
                    ],
                    [
                        -71.89177100000000564250512979924678802490234375,
                        44.5871319999999968786141835153102874755859375,
                        6284.100000000000363797880709171295166015625
                    ],
                    [
                        -71.89181999999999561623553745448589324951171875,
                        44.58715600000000023328539100475609302520751953125,
                        6288.399999999999636202119290828704833984375
                    ],
                    [
                        -71.8919039999999966994437272660434246063232421875,
                        44.5871700000000004138200893066823482513427734375,
                        6294.600000000000363797880709171295166015625
                    ],
                    [
                        -71.8920839999999969904820318333804607391357421875,
                        44.58715399999999817737261764705181121826171875,
                        6290.399999999999636202119290828704833984375
                    ],
                    [
                        -71.8922960000000017544152797199785709381103515625,
                        44.5871700000000004138200893066823482513427734375,
                        6286.100000000000363797880709171295166015625
                    ],
                    [
                        -71.892416999999994686731952242553234100341796875,
                        44.58715300000000070212990976870059967041015625,
                        6275.3000000000001818989403545856475830078125
                    ],
                    [
                        -71.8924889999999976453182171098887920379638671875,
                        44.58712100000000333466232405044138431549072265625,
                        6269
                    ],
                    [
                        -71.8926040000000057261786423623561859130859375,
                        44.58708399999999727469912613742053508758544921875,
                        6255.899999999999636202119290828704833984375
                    ],
                    [
                        -71.89260899999999310239218175411224365234375,
                        44.58694700000000210593498195521533489227294921875,
                        6243.100000000000363797880709171295166015625
                    ],
                    [
                        -71.892650000000003274180926382541656494140625,
                        44.586893000000003439708962105214595794677734375,
                        6219.5
                    ],
                    [
                        -71.8927580000000006066329660825431346893310546875,
                        44.586894000000000914951669983565807342529296875,
                        6208.6999999999998181010596454143524169921875
                    ],
                    [
                        -71.892820000000000391082721762359142303466796875,
                        44.586939999999998462953954003751277923583984375,
                        6202.100000000000363797880709171295166015625
                    ],
                    [
                        -71.8928740000000061627360992133617401123046875,
                        44.58702199999999749024937045760452747344970703125,
                        6204.399999999999636202119290828704833984375
                    ],
                    [
                        -71.8929040000000014742909115739166736602783203125,
                        44.58702699999999907731762505136430263519287109375,
                        6197.8000000000001818989403545856475830078125
                    ],
                    [
                        -71.892978999999996858605300076305866241455078125,
                        44.58701400000000347745299222879111766815185546875,
                        6197.8000000000001818989403545856475830078125
                    ],
                    [
                        -71.8930160000000029185684979893267154693603515625,
                        44.58698700000000059162630350328981876373291015625,
                        6189.3000000000001818989403545856475830078125
                    ],
                    [
                        -71.8930280000000010431904229335486888885498046875,
                        44.5868770000000012032614904455840587615966796875,
                        6189.3000000000001818989403545856475830078125
                    ],
                    [
                        -71.8930600000000055160853662528097629547119140625,
                        44.586804000000000769432517699897289276123046875,
                        6187
                    ],
                    [
                        -71.89312200000000530053512193262577056884765625,
                        44.58670500000000203044692170806229114532470703125,
                        6178.5
                    ],
                    [
                        -71.89316800000000284853740595281124114990234375,
                        44.58651900000000267709765466861426830291748046875,
                        6159.100000000000363797880709171295166015625
                    ],
                    [
                        -71.8932439999999957080945023335516452789306640625,
                        44.58648099999999914189174887724220752716064453125,
                        6152.600000000000363797880709171295166015625
                    ],
                    [
                        -71.893293999999997367922333069145679473876953125,
                        44.58648500000000325371729559265077114105224609375,
                        6152.600000000000363797880709171295166015625
                    ],
                    [
                        -71.893315000000001191438059322535991668701171875,
                        44.5864990000000034342519938945770263671875,
                        6159.100000000000363797880709171295166015625
                    ],
                    [
                        -71.8933799999999934016159386374056339263916015625,
                        44.5866630000000014888428268022835254669189453125,
                        6169.899999999999636202119290828704833984375
                    ],
                    [
                        -71.893406999999996287442627362906932830810546875,
                        44.58682300000000253703547059558331966400146484375,
                        6174.1999999999998181010596454143524169921875
                    ],
                    [
                        -71.89348699999999325882527045905590057373046875,
                        44.58694700000000210593498195521533489227294921875,
                        6174.1999999999998181010596454143524169921875
                    ],
                    [
                        -71.8935019999999980200300342403352260589599609375,
                        44.58702699999999907731762505136430263519287109375,
                        6169.899999999999636202119290828704833984375
                    ],
                    [
                        -71.89348200000000588261173106729984283447265625,
                        44.58709300000000297359292744658887386322021484375,
                        6174.1999999999998181010596454143524169921875
                    ],
                    [
                        -71.8934249999999934743755147792398929595947265625,
                        44.587187999999997600752976723015308380126953125,
                        6163.399999999999636202119290828704833984375
                    ],
                    [
                        -71.8932779999999951314748614095151424407958984375,
                        44.5872710000000012087184586562216281890869140625,
                        6167.6999999999998181010596454143524169921875
                    ],
                    [
                        -71.893181999999995923644746653735637664794921875,
                        44.58731800000000333739080815576016902923583984375,
                        6169.899999999999636202119290828704833984375
                    ],
                    [
                        -71.893181999999995923644746653735637664794921875,
                        44.5873619999999988294803188182413578033447265625,
                        6161.399999999999636202119290828704833984375
                    ],
                    [
                        -71.893225000000001045918907038867473602294921875,
                        44.58737800000000106592779047787189483642578125,
                        6161.399999999999636202119290828704833984375
                    ],
                    [
                        -71.89332899999999426654540002346038818359375,
                        44.5873569999999972424120642244815826416015625,
                        6150.600000000000363797880709171295166015625
                    ],
                    [
                        -71.8935100000000062436811276711523532867431640625,
                        44.5872939999999999827196006663143634796142578125,
                        6139.8000000000001818989403545856475830078125
                    ],
                    [
                        -71.8938380000000023528627934865653514862060546875,
                        44.58720799999999684359863749705255031585693359375,
                        6144
                    ],
                    [
                        -71.8939079999999961501089273951947689056396484375,
                        44.58717999999999648252924089320003986358642578125,
                        6137.5
                    ],
                    [
                        -71.8939989999999937708707875572144985198974609375,
                        44.5871250000000003410605131648480892181396484375,
                        6133.1999999999998181010596454143524169921875
                    ],
                    [
                        -71.89406999999999925421434454619884490966796875,
                        44.58702199999999749024937045760452747344970703125,
                        6124.6999999999998181010596454143524169921875
                    ],
                    [
                        -71.8941429999999996880433172918856143951416015625,
                        44.58698100000000152931534103117883205413818359375,
                        6107.3000000000001818989403545856475830078125
                    ],
                    [
                        -71.89420599999999694773578085005283355712890625,
                        44.58702199999999749024937045760452747344970703125,
                        6103
                    ],
                    [
                        -71.8942219999999991841832525096833705902099609375,
                        44.587096000000002504748408682644367218017578125,
                        6109.600000000000363797880709171295166015625
                    ],
                    [
                        -71.8942090000000035843186196871101856231689453125,
                        44.5871589999999997644408722408115863800048828125,
                        6105.3000000000001818989403545856475830078125
                    ],
                    [
                        -71.8941399999999930514604784548282623291015625,
                        44.58720000000000283080225926823914051055908203125,
                        6111.899999999999636202119290828704833984375
                    ],
                    [
                        -71.8939629999999993970050127245485782623291015625,
                        44.58724000000000131649358081631362438201904296875,
                        6120.399999999999636202119290828704833984375
                    ],
                    [
                        -71.89388999999999896317603997886180877685546875,
                        44.587277999999997746272129006683826446533203125,
                        6128.899999999999636202119290828704833984375
                    ],
                    [
                        -71.8938820000000049503796617500483989715576171875,
                        44.587344999999999117790139280259609222412109375,
                        6118.100000000000363797880709171295166015625
                    ],
                    [
                        -71.8939409999999980982465785928070545196533203125,
                        44.58737800000000106592779047787189483642578125,
                        6096.8000000000001818989403545856475830078125
                    ],
                    [
                        -71.8940209999999950696292216889560222625732421875,
                        44.58738000000000312184056383557617664337158203125,
                        6086
                    ],
                    [
                        -71.894169000000005098627298139035701751708984375,
                        44.58732599999999735018718638457357883453369140625,
                        6092.5
                    ],
                    [
                        -71.8942729999999983192537911236286163330078125,
                        44.58725299999999691635821363888680934906005859375,
                        6096.8000000000001818989403545856475830078125
                    ],
                    [
                        -71.89438300000000481304596178233623504638671875,
                        44.58715200000000322688720189034938812255859375,
                        6079.399999999999636202119290828704833984375
                    ],
                    [
                        -71.8944259999999957244654069654643535614013671875,
                        44.587142999999997527993400581181049346923828125,
                        6079.399999999999636202119290828704833984375
                    ],
                    [
                        -71.8944670000000058962541515938937664031982421875,
                        44.58716600000000340742190019227564334869384765625,
                        6070.899999999999636202119290828704833984375
                    ],
                    [
                        -71.8944529999999986102920956909656524658203125,
                        44.5872609999999980345819494687020778656005859375,
                        6066.600000000000363797880709171295166015625
                    ],
                    [
                        -71.894485000000003083187039010226726531982421875,
                        44.58729000000000297632141155190765857696533203125,
                        6062.3000000000001818989403545856475830078125
                    ],
                    [
                        -71.8945360000000022182575776241719722747802734375,
                        44.58724000000000131649358081631362438201904296875,
                        6055.8000000000001818989403545856475830078125
                    ],
                    [
                        -71.8945899999999937790562398731708526611328125,
                        44.5871580000000022891981643624603748321533203125,
                        6062.3000000000001818989403545856475830078125
                    ],
                    [
                        -71.8946059999999960155037115328013896942138671875,
                        44.5871029999999990423020790331065654754638671875,
                        6060
                    ],
                    [
                        -71.89461099999999760257196612656116485595703125,
                        44.5870239999999995461621438153088092803955078125,
                        6051.5
                    ],
                    [
                        -71.8945470000000028676367946900427341461181640625,
                        44.58693099999999986948751029558479785919189453125,
                        6044.899999999999636202119290828704833984375
                    ],
                    [
                        -71.894554999999996880433172918856143951416015625,
                        44.58688500000000232148522627539932727813720703125,
                        6038.6999999999998181010596454143524169921875
                    ],
                    [
                        -71.8946169999999966648829285986721515655517578125,
                        44.58690200000000203317540581338107585906982421875,
                        6038.6999999999998181010596454143524169921875
                    ],
                    [
                        -71.894735999999994646714185364544391632080078125,
                        44.586984000000001060470822267234325408935546875,
                        6036.399999999999636202119290828704833984375
                    ],
                    [
                        -71.8948610000000059017111198045313358306884765625,
                        44.5869900000000001227817847393453121185302734375,
                        6029.899999999999636202119290828704833984375
                    ],
                    [
                        -71.8949070000000034497134038247168064117431640625,
                        44.58701599999999842793840798549354076385498046875,
                        6023.600000000000363797880709171295166015625
                    ],
                    [
                        -71.8949309999999996989572537131607532501220703125,
                        44.587096999999999979991116560995578765869140625,
                        6023.600000000000363797880709171295166015625
                    ],
                    [
                        -71.89492699999999558713170699775218963623046875,
                        44.58720799999999684359863749705255031585693359375,
                        6012.8000000000001818989403545856475830078125
                    ],
                    [
                        -71.89488199999999551437213085591793060302734375,
                        44.58729199999999792680682730861008167266845703125,
                        6002
                    ],
                    [
                        -71.894823000000002366505214013159275054931640625,
                        44.58737599999999901001501712016761302947998046875,
                        6008.5
                    ],
                    [
                        -71.894779999999997244231053628027439117431640625,
                        44.58744599999999991268850862979888916015625,
                        6008.5
                    ],
                    [
                        -71.8948050000000051795723265968263149261474609375,
                        44.5874749999999977490006131120026111602783203125,
                        5991.100000000000363797880709171295166015625
                    ],
                    [
                        -71.89488199999999551437213085591793060302734375,
                        44.5874290000000002009983290918171405792236328125,
                        5989.1999999999998181010596454143524169921875
                    ],
                    [
                        -71.8950679999999948677213978953659534454345703125,
                        44.5873169999999987567207426764070987701416015625,
                        5976.100000000000363797880709171295166015625
                    ],
                    [
                        -71.895161000000001649823389016091823577880859375,
                        44.58715000000000117097442853264510631561279296875,
                        5989.1999999999998181010596454143524169921875
                    ],
                    [
                        -71.8952230000000014342731446959078311920166015625,
                        44.5871039999999965175447869114577770233154296875,
                        5980.3000000000001818989403545856475830078125
                    ],
                    [
                        -71.8952689999999989822754287160933017730712890625,
                        44.587164000000001351509126834571361541748046875,
                        5980.3000000000001818989403545856475830078125
                    ],
                    [
                        -71.895207999999996673068380914628505706787109375,
                        44.58725100000000196587279788218438625335693359375,
                        5974.100000000000363797880709171295166015625
                    ],
                    [
                        -71.8951660000000032368916436098515987396240234375,
                        44.587321000000002868546289391815662384033203125,
                        5965.1999999999998181010596454143524169921875
                    ],
                    [
                        -71.8951650000000057616489357315003871917724609375,
                        44.5873720000000020036168280057609081268310546875,
                        5959
                    ],
                    [
                        -71.89519500000000107320374809205532073974609375,
                        44.58746599999999915553416940383613109588623046875,
                        5950.100000000000363797880709171295166015625
                    ],
                    [
                        -71.8952139999999957353793433867394924163818359375,
                        44.5874850000000009231371222995221614837646484375,
                        5941.600000000000363797880709171295166015625
                    ],
                    [
                        -71.8953240000000022291715140454471111297607421875,
                        44.58752299999999735291567048989236354827880859375,
                        5911.399999999999636202119290828704833984375
                    ],
                    [
                        -71.8954250000000030240698833949863910675048828125,
                        44.58760600000000096088115242309868335723876953125,
                        5881.600000000000363797880709171295166015625
                    ],
                    [
                        -71.895476000000002159140422008931636810302734375,
                        44.587591000000003305103746242821216583251953125,
                        5866.5
                    ],
                    [
                        -71.8955349999999953070073388516902923583984375,
                        44.58755000000000023874235921539366245269775390625,
                        5866.5
                    ],
                    [
                        -71.895611999999999852661858312785625457763671875,
                        44.58747100000000074260242399759590625762939453125,
                        5851.399999999999636202119290828704833984375
                    ],
                    [
                        -71.895656999999999925421434454619884490966796875,
                        44.58744899999999944384398986585438251495361328125,
                        5838.3000000000001818989403545856475830078125
                    ],
                    [
                        -71.8958070000000049049049266614019870758056640625,
                        44.58736300000000341015038429759442806243896484375,
                        5834
                    ],
                    [
                        -71.89589200000000346335582435131072998046875,
                        44.5873390000000000554791768081486225128173828125,
                        5829.6999999999998181010596454143524169921875
                    ],
                    [
                        -71.8959459999999950241544866003096103668212890625,
                        44.58735800000000182308212970383465290069580078125,
                        5810.399999999999636202119290828704833984375
                    ],
                    [
                        -71.8959300000000069985617301426827907562255859375,
                        44.58740999999999843339537619613111019134521484375,
                        5810.399999999999636202119290828704833984375
                    ],
                    [
                        -71.89578099999999949432094581425189971923828125,
                        44.58758499999999713736542616970837116241455078125,
                        5808.100000000000363797880709171295166015625
                    ],
                    [
                        -71.8957159999999930732883512973785400390625,
                        44.58770100000000269346855930052697658538818359375,
                        5812.6999999999998181010596454143524169921875
                    ],
                    [
                        -71.8957309999999978344931150786578655242919921875,
                        44.58775399999999677902451367117464542388916015625,
                        5806.100000000000363797880709171295166015625
                    ],
                    [
                        -71.8957630000000023073880583979189395904541015625,
                        44.5877780000000001336957211606204509735107421875,
                        5775.899999999999636202119290828704833984375
                    ],
                    [
                        -71.8958300000000036789060686714947223663330078125,
                        44.58775200000000182853909791447222232818603515625,
                        5763.100000000000363797880709171295166015625
                    ],
                    [
                        -71.895906999999994013705872930586338043212890625,
                        44.5876700000000028012436814606189727783203125,
                        5758.5
                    ],
                    [
                        -71.895972000000000434738467447459697723388671875,
                        44.58757899999999807505446369759738445281982421875,
                        5780.1999999999998181010596454143524169921875
                    ],
                    [
                        -71.8960320000000052687028073705732822418212890625,
                        44.58739700000000283353074337355792522430419921875,
                        5799.5
                    ],
                    [
                        -71.89609500000000252839527092874050140380859375,
                        44.58737099999999742294676252640783786773681640625,
                        5784.399999999999636202119290828704833984375
                    ],
                    [
                        -71.8961440000000067129803937859833240509033203125,
                        44.58742300000000113868736661970615386962890625,
                        5775.899999999999636202119290828704833984375
                    ],
                    [
                        -71.896152000000000725776772014796733856201171875,
                        44.5875180000000028712747734971344470977783203125,
                        5767.399999999999636202119290828704833984375
                    ],
                    [
                        -71.8961359999999984893293003551661968231201171875,
                        44.5876310000000017907950677908957004547119140625,
                        5748
                    ],
                    [
                        -71.8961359999999984893293003551661968231201171875,
                        44.5876310000000017907950677908957004547119140625,
                        5748
                    ],
                    [
                        -71.896130999999996902261045761406421661376953125,
                        44.5876650000000012141754268668591976165771484375,
                        5739.1999999999998181010596454143524169921875
                    ],
                    [
                        -71.8960990000000066402208176441490650177001953125,
                        44.587727000000000998625182546675205230712890625,
                        5728.6999999999998181010596454143524169921875
                    ],
                    [
                        -71.89589200000000346335582435131072998046875,
                        44.58798800000000284171619568951427936553955078125,
                        5711.3000000000001818989403545856475830078125
                    ],
                    [
                        -71.8958990000000000009094947017729282379150390625,
                        44.58800800000000208456185646355152130126953125,
                        5711.3000000000001818989403545856475830078125
                    ],
                    [
                        -71.89595900000000483487383462488651275634765625,
                        44.5880259999999992714947438798844814300537109375,
                        5687.6999999999998181010596454143524169921875
                    ],
                    [
                        -71.8961039999999940164343570359051227569580078125,
                        44.58805199999999757665136712603271007537841796875,
                        5668.3000000000001818989403545856475830078125
                    ],
                    [
                        -71.896253999999998995917849242687225341796875,
                        44.588042000000001507942215539515018463134765625,
                        5646.6999999999998181010596454143524169921875
                    ],
                    [
                        -71.8963470000000057780198403634130954742431640625,
                        44.58796000000000248064679908566176891326904296875,
                        5661.6999999999998181010596454143524169921875
                    ],
                    [
                        -71.896422000000001162334228865802288055419921875,
                        44.5879240000000010013536666519939899444580078125,
                        5653.1999999999998181010596454143524169921875
                    ],
                    [
                        -71.8964169999999995752659742720425128936767578125,
                        44.58797200000000060526872402988374233245849609375,
                        5646.6999999999998181010596454143524169921875
                    ],
                    [
                        -71.896265999999997120539774186909198760986328125,
                        44.5881270000000000663931132294237613677978515625,
                        5635.8000000000001818989403545856475830078125
                    ],
                    [
                        -71.896107999999998128259903751313686370849609375,
                        44.58827500000000298996383207850158214569091796875,
                        5623
                    ],
                    [
                        -71.896107000000000653017195872962474822998046875,
                        44.5883180000000010068106348626315593719482421875,
                        5623
                    ],
                    [
                        -71.8962570000000056325006880797445774078369140625,
                        44.588391000000001440639607608318328857421875,
                        5590.899999999999636202119290828704833984375
                    ],
                    [
                        -71.896310999999997193299350328743457794189453125,
                        44.58840500000000162117430591024458408355712890625,
                        5590.899999999999636202119290828704833984375
                    ],
                    [
                        -71.8963839999999976271283230744302272796630859375,
                        44.58840599999999909641701378859579563140869140625,
                        5584.3000000000001818989403545856475830078125
                    ],
                    [
                        -71.8964330000000018117134459316730499267578125,
                        44.58838800000000190948412637226283550262451171875,
                        5586.600000000000363797880709171295166015625
                    ],
                    [
                        -71.8965189999999978454070514999330043792724609375,
                        44.588334000000003243258106522262096405029296875,
                        5580.100000000000363797880709171295166015625
                    ],
                    [
                        -71.89663400000000592626747675240039825439453125,
                        44.58824700000000262889443547464907169342041015625,
                        5588.600000000000363797880709171295166015625
                    ],
                    [
                        -71.8968650000000053523763199336826801300048828125,
                        44.5880250000000017962520360015332698822021484375,
                        5597.100000000000363797880709171295166015625
                    ],
                    [
                        -71.8969560000000029731381800957024097442626953125,
                        44.5879400000000032378011383116245269775390625,
                        5610.1999999999998181010596454143524169921875
                    ],
                    [
                        -71.8972930000000047812136472202837467193603515625,
                        44.587705999999997175109456293284893035888671875,
                        5610.1999999999998181010596454143524169921875
                    ],
                    [
                        -71.89744600000000218642526306211948394775390625,
                        44.5876329999999967412804835475981235504150390625,
                        5607.899999999999636202119290828704833984375
                    ],
                    [
                        -71.897614000000004352841642685234546661376953125,
                        44.5875819999999976062099449336528778076171875,
                        5599.399999999999636202119290828704833984375
                    ],
                    [
                        -71.89771500000000514774001203477382659912109375,
                        44.58757299999999901274350122548639774322509765625,
                        5582
                    ],
                    [
                        -71.897749000000004571120371110737323760986328125,
                        44.58757800000000059981175581924617290496826171875,
                        5582
                    ],
                    [
                        -71.89776299999999764622771181166172027587890625,
                        44.58759599999999778674464323557913303375244140625,
                        5575.8000000000001818989403545856475830078125
                    ],
                    [
                        -71.89776200000000017098500393331050872802734375,
                        44.587636000000003377863322384655475616455078125,
                        5575.8000000000001818989403545856475830078125
                    ],
                    [
                        -71.8977450000000004592948243953287601470947265625,
                        44.58769199999999699457475799135863780975341796875,
                        5569.1999999999998181010596454143524169921875
                    ],
                    [
                        -71.897681000000005724359652958810329437255859375,
                        44.58786400000000327281668432988226413726806640625,
                        5558.399999999999636202119290828704833984375
                    ],
                    [
                        -71.8977019999999953370206640101969242095947265625,
                        44.58789399999999858437149669043719768524169921875,
                        5558.399999999999636202119290828704833984375
                    ],
                    [
                        -71.8977200000000067348082666285336017608642578125,
                        44.5879029999999971778379403986036777496337890625,
                        5541.3000000000001818989403545856475830078125
                    ],
                    [
                        -71.8979460000000045738488552160561084747314453125,
                        44.5878919999999965284587233327329158782958984375,
                        5532.8000000000001818989403545856475830078125
                    ],
                    [
                        -71.898022999999994908648659475147724151611328125,
                        44.58792799999999800775185576640069484710693359375,
                        5517.6999999999998181010596454143524169921875
                    ],
                    [
                        -71.8980609999999984438545652665197849273681640625,
                        44.5879699999999985493559506721794605255126953125,
                        5504.600000000000363797880709171295166015625
                    ],
                    [
                        -71.898066999999997506165527738630771636962890625,
                        44.5880590000000012196323950774967670440673828125,
                        5496.100000000000363797880709171295166015625
                    ],
                    [
                        -71.8980820000000022673702915199100971221923828125,
                        44.58809699999999764941094326786696910858154296875,
                        5487.5
                    ],
                    [
                        -71.898087000000003854438546113669872283935546875,
                        44.588155000000000427462509833276271820068359375,
                        5478.6999999999998181010596454143524169921875
                    ],
                    [
                        -71.898109000000005153196980245411396026611328125,
                        44.58816999999999808323991601355373859405517578125,
                        5478.6999999999998181010596454143524169921875
                    ],
                    [
                        -71.89816500000000587533577345311641693115234375,
                        44.58818000000000125737642520107328891754150390625,
                        5474.399999999999636202119290828704833984375
                    ],
                    [
                        -71.8983060000000051559254643507301807403564453125,
                        44.588177000000001726220943965017795562744140625,
                        5470.100000000000363797880709171295166015625
                    ],
                    [
                        -71.8984600000000000363797880709171295166015625,
                        44.5881260000000025911504053510725498199462890625,
                        5461.600000000000363797880709171295166015625
                    ],
                    [
                        -71.8985679999999973688318277709186077117919921875,
                        44.58804500000000103909769677557051181793212890625,
                        5424.899999999999636202119290828704833984375
                    ],
                    [
                        -71.8986850000000004001776687800884246826171875,
                        44.58798399999999872989064897410571575164794921875,
                        5412.100000000000363797880709171295166015625
                    ],
                    [
                        -71.8987470000000001846274244599044322967529296875,
                        44.5882119999999986248440109193325042724609375,
                        5386.1999999999998181010596454143524169921875
                    ],
                    [
                        -71.89879500000000689396983943879604339599609375,
                        44.58853599999999772762748762033879756927490234375,
                        5354
                    ],
                    [
                        -71.8988140000000015561454347334802150726318359375,
                        44.58857499999999873807610129006206989288330078125,
                        5347.399999999999636202119290828704833984375
                    ],
                    [
                        -71.898684000000002924934960901737213134765625,
                        44.58868100000000112004272523336112499237060546875,
                        5351.6999999999998181010596454143524169921875
                    ],
                    [
                        -71.898514000000005808033165521919727325439453125,
                        44.58887299999999953570295474492013454437255859375,
                        5341.1999999999998181010596454143524169921875
                    ],
                    [
                        -71.898269999999996571204974316060543060302734375,
                        44.58904799999999823967300471849739551544189453125,
                        5338.899999999999636202119290828704833984375
                    ],
                    [
                        -71.89812200000000075306161306798458099365234375,
                        44.58908999999999878127709962427616119384765625,
                        5343.1999999999998181010596454143524169921875
                    ],
                    [
                        -71.8978939999999937526808935217559337615966796875,
                        44.589123999999998204657458700239658355712890625,
                        5343.1999999999998181010596454143524169921875
                    ],
                    [
                        -71.8976909999999946876414469443261623382568359375,
                        44.5891749999999973397279973141849040985107421875,
                        5360.600000000000363797880709171295166015625
                    ],
                    [
                        -71.897560999999996056430973112583160400390625,
                        44.58922100000000199315763893537223339080810546875,
                        5351.6999999999998181010596454143524169921875
                    ],
                    [
                        -71.8974209999999942510839900933206081390380859375,
                        44.58931199999999961391949909739196300506591796875,
                        5336.600000000000363797880709171295166015625
                    ],
                    [
                        -71.89730900000000701766111887991428375244140625,
                        44.58941200000000293357516056858003139495849609375,
                        5332.3000000000001818989403545856475830078125
                    ],
                    [
                        -71.8971990000000005238689482212066650390625,
                        44.5894770000000022491803974844515323638916015625,
                        5328.100000000000363797880709171295166015625
                    ],
                    [
                        -71.896963999999996985934558324515819549560546875,
                        44.58958200000000005047695594839751720428466796875,
                        5317.3000000000001818989403545856475830078125
                    ],
                    [
                        -71.8968420000000065783751779235899448394775390625,
                        44.58964999999999889723767410032451152801513671875,
                        5332.3000000000001818989403545856475830078125
                    ],
                    [
                        -71.8967049999999971987563185393810272216796875,
                        44.58973999999999904275682638399302959442138671875,
                        5317.3000000000001818989403545856475830078125
                    ],
                    [
                        -71.89641100000000051295501179993152618408203125,
                        44.58985299999999796227712067775428295135498046875,
                        5343.1999999999998181010596454143524169921875
                    ],
                    [
                        -71.896107000000000653017195872962474822998046875,
                        44.589911000000000740328687243163585662841796875,
                        5351.6999999999998181010596454143524169921875
                    ],
                    [
                        -71.895992000000006783011485822498798370361328125,
                        44.58992599999999839610609342344105243682861328125,
                        5345.5
                    ],
                    [
                        -71.8957319999999953097358229570090770721435546875,
                        44.58999800000000135469235829077661037445068359375,
                        5354
                    ],
                    [
                        -71.8955150000000031695890356786549091339111328125,
                        44.59004800000000301452018902637064456939697265625,
                        5345.5
                    ],
                    [
                        -71.8953980000000001382431946694850921630859375,
                        44.5900859999999994442987372167408466339111328125,
                        5345.5
                    ],
                    [
                        -71.8951239999999955898601911030709743499755859375,
                        44.59014499999999969759301166050136089324951171875,
                        5338.899999999999636202119290828704833984375
                    ],
                    [
                        -71.8947820000000064055711845867335796356201171875,
                        44.59018999999999977035258780233561992645263671875,
                        5315.3000000000001818989403545856475830078125
                    ],
                    [
                        -71.894417000000004236426320858299732208251953125,
                        44.59022300000000171849023899994790554046630859375,
                        5308.6999999999998181010596454143524169921875
                    ],
                    [
                        -71.8940910000000030777300707995891571044921875,
                        44.59021700000000265617927652783691883087158203125,
                        5332.3000000000001818989403545856475830078125
                    ],
                    [
                        -71.893765999999999394276528619229793548583984375,
                        44.59017200000000258341970038600265979766845703125,
                        5330.399999999999636202119290828704833984375
                    ],
                    [
                        -71.8937039999999996098267729394137859344482421875,
                        44.59015500000000287172952084802091121673583984375,
                        5347.399999999999636202119290828704833984375
                    ],
                    [
                        -71.893381000000005087713361717760562896728515625,
                        44.59003899999999731562638771720230579376220703125,
                        5375.6999999999998181010596454143524169921875
                    ],
                    [
                        -71.8932510000000064565028878860175609588623046875,
                        44.59000400000000041700332076288759708404541015625,
                        5375.6999999999998181010596454143524169921875
                    ],
                    [
                        -71.8929389999999983729139785282313823699951171875,
                        44.58989900000000261570676229894161224365234375,
                        5384.1999999999998181010596454143524169921875
                    ],
                    [
                        -71.8928489999999982273948262445628643035888671875,
                        44.58985500000000001818989403545856475830078125,
                        5392.6999999999998181010596454143524169921875
                    ],
                    [
                        -71.89240599999999403735273517668247222900390625,
                        44.58982300000000265072230831719934940338134765625,
                        5373.399999999999636202119290828704833984375
                    ],
                    [
                        -71.89217999999999619831214658915996551513671875,
                        44.58976700000000192858351510949432849884033203125,
                        5373.399999999999636202119290828704833984375
                    ],
                    [
                        -71.892030000000005429683369584381580352783203125,
                        44.5897149999999982128429110161960124969482421875,
                        5377.600000000000363797880709171295166015625
                    ],
                    [
                        -71.8919570000000049958543968386948108673095703125,
                        44.58969499999999896999725024215877056121826171875,
                        5377.600000000000363797880709171295166015625
                    ],
                    [
                        -71.8919570000000049958543968386948108673095703125,
                        44.58969499999999896999725024215877056121826171875,
                        5377.600000000000363797880709171295166015625
                    ],
                    [
                        -71.8918850000000020372681319713592529296875,
                        44.58967599999999720239429734647274017333984375,
                        5375.6999999999998181010596454143524169921875
                    ],
                    [
                        -71.8916559999999975616447045467793941497802734375,
                        44.5896240000000005920810508541762828826904296875,
                        5373.399999999999636202119290828704833984375
                    ],
                    [
                        -71.8913859999999971250872476957738399505615234375,
                        44.589506999999997560735209845006465911865234375,
                        5373.399999999999636202119290828704833984375
                    ],
                    [
                        -71.8911489999999986366674420423805713653564453125,
                        44.5893760000000014542820281349122524261474609375,
                        5384.1999999999998181010596454143524169921875
                    ],
                    [
                        -71.8908469999999937272150418721139430999755859375,
                        44.589258999999998422936187125742435455322265625,
                        5390.399999999999636202119290828704833984375
                    ],
                    [
                        -71.890670000000000072759576141834259033203125,
                        44.58916500000000127101884572766721248626708984375,
                        5405.5
                    ],
                    [
                        -71.8904849999999981946530169807374477386474609375,
                        44.58909700000000242425812757574021816253662109375,
                        5403.5
                    ],
                    [
                        -71.89033399999999573992681689560413360595703125,
                        44.5890600000000034697222872637212276458740234375,
                        5414.399999999999636202119290828704833984375
                    ],
                    [
                        -71.8901440000000064856067183427512645721435546875,
                        44.5890380000000021709638531319797039031982421875,
                        5397
                    ],
                    [
                        -71.8899420000000048958099796436727046966552734375,
                        44.5890500000000002955857780762016773223876953125,
                        5397
                    ],
                    [
                        -71.889782999999994217432686127722263336181640625,
                        44.5890959999999978435880620963871479034423828125,
                        5381.899999999999636202119290828704833984375
                    ],
                    [
                        -71.8896850000000000591171556152403354644775390625,
                        44.58913700000000090994944912381470203399658203125,
                        5371.100000000000363797880709171295166015625
                    ],
                    [
                        -71.8895949999999999135980033315718173980712890625,
                        44.58916099999999715919329901225864887237548828125,
                        5371.100000000000363797880709171295166015625
                    ],
                    [
                        -71.8892290000000002692104317247867584228515625,
                        44.58917900000000145155354402959346771240234375,
                        5354
                    ],
                    [
                        -71.889081000000004451067070476710796356201171875,
                        44.58917799999999687088347855024039745330810546875,
                        5343.1999999999998181010596454143524169921875
                    ],
                    [
                        -71.888994999999994206518749706447124481201171875,
                        44.58918700000000256977727985940873622894287109375,
                        5328.100000000000363797880709171295166015625
                    ],
                    [
                        -71.8886260000000021364030544646084308624267578125,
                        44.58928300000000177760739461518824100494384765625,
                        5315.3000000000001818989403545856475830078125
                    ],
                    [
                        -71.888317999999998164639691822230815887451171875,
                        44.5893190000000032569005270488560199737548828125,
                        5270
                    ],
                    [
                        -71.888228999999995494363247416913509368896484375,
                        44.589348000000001093212631531059741973876953125,
                        5276.600000000000363797880709171295166015625
                    ],
                    [
                        -71.8881549999999975852915667928755283355712890625,
                        44.58940100000000228419594350270926952362060546875,
                        5274.3000000000001818989403545856475830078125
                    ],
                    [
                        -71.8881200000000006866684998385608196258544921875,
                        44.58944900000000188811100088059902191162109375,
                        5267.6999999999998181010596454143524169921875
                    ],
                    [
                        -71.8880999999999943383954814635217189788818359375,
                        44.5895160000000032596290111541748046875,
                        5259.1999999999998181010596454143524169921875
                    ],
                    [
                        -71.8880960000000044374246499501168727874755859375,
                        44.589596999999997706254362128674983978271484375,
                        5248.399999999999636202119290828704833984375
                    ],
                    [
                        -71.8880979999999993879100657068192958831787109375,
                        44.58970599999999961937646730802953243255615234375,
                        5229
                    ],
                    [
                        -71.888115999999996574842953123152256011962890625,
                        44.58975699999999875444700592197477817535400390625,
                        5218.5
                    ],
                    [
                        -71.8880159999999932551872916519641876220703125,
                        44.5898150000000015324985724873840808868408203125,
                        5207.6999999999998181010596454143524169921875
                    ],
                    [
                        -71.8878770000000031359377317130565643310546875,
                        44.58986399999999861165633774362504482269287109375,
                        5192.600000000000363797880709171295166015625
                    ],
                    [
                        -71.8877279999999956316969473846256732940673828125,
                        44.58987400000000178579284693114459514617919921875,
                        5184.100000000000363797880709171295166015625
                    ],
                    [
                        -71.88758500000000140062184073030948638916015625,
                        44.5898600000000016052581486292183399200439453125,
                        5179.5
                    ],
                    [
                        -71.8875100000000060163074522279202938079833984375,
                        44.589832999999998719431459903717041015625,
                        5170.899999999999636202119290828704833984375
                    ],
                    [
                        -71.8874359999999938963810564018785953521728515625,
                        44.58978400000000164027369464747607707977294921875,
                        5145
                    ],
                    [
                        -71.8873090000000019017534214071929454803466796875,
                        44.58964399999999983492671162821352481842041015625,
                        5100.100000000000363797880709171295166015625
                    ],
                    [
                        -71.887169999999997571649146266281604766845703125,
                        44.5894100000000008776623872108757495880126953125,
                        5093.5
                    ],
                    [
                        -71.8871050000000053614712669514119625091552734375,
                        44.58936200000000127374732983298599720001220703125,
                        5089.1999999999998181010596454143524169921875
                    ],
                    [
                        -71.8869940000000013924363884143531322479248046875,
                        44.58932300000000026329871616326272487640380859375,
                        5082.6999999999998181010596454143524169921875
                    ],
                    [
                        -71.8866009999999988622221280820667743682861328125,
                        44.58926100000000047884896048344671726226806640625,
                        5153.899999999999636202119290828704833984375
                    ],
                    [
                        -71.88627700000000686486600898206233978271484375,
                        44.58928399999999925285010249353945255279541015625,
                        5203.399999999999636202119290828704833984375
                    ],
                    [
                        -71.8858550000000064983396441675722599029541015625,
                        44.5892860000000013087628758512437343597412109375,
                        5239.8000000000001818989403545856475830078125
                    ],
                    [
                        -71.885637000000002672095433808863162994384765625,
                        44.5892630000000025347617338411509990692138671875,
                        5222.8000000000001818989403545856475830078125
                    ],
                    [
                        -71.885118000000005622496246360242366790771484375,
                        44.58914399999999744750311947427690029144287109375,
                        5224.6999999999998181010596454143524169921875
                    ],
                    [
                        -71.885118000000005622496246360242366790771484375,
                        44.58914399999999744750311947427690029144287109375,
                        5224.6999999999998181010596454143524169921875
                    ],
                    [
                        -71.884488000000004603862180374562740325927734375,
                        44.58899999999999863575794734060764312744140625,
                        5250.6999999999998181010596454143524169921875
                    ],
                    [
                        -71.8843059999999951514837448485195636749267578125,
                        44.588977999999997336999513208866119384765625,
                        5235.600000000000363797880709171295166015625
                    ],
                    [
                        -71.88411999999999579813447780907154083251953125,
                        44.588931000000002313754521310329437255859375,
                        5231.3000000000001818989403545856475830078125
                    ],
                    [
                        -71.8838420000000013487806427292525768280029296875,
                        44.58879600000000209547579288482666015625,
                        5235.600000000000363797880709171295166015625
                    ],
                    [
                        -71.883723000000003366949385963380336761474609375,
                        44.58875599999999650435711373575031757354736328125,
                        5231.3000000000001818989403545856475830078125
                    ],
                    [
                        -71.88357899999999744977685622870922088623046875,
                        44.588740999999998848579707555472850799560546875,
                        5235.600000000000363797880709171295166015625
                    ],
                    [
                        -71.8830169999999952779035083949565887451171875,
                        44.5887249999999966121322358958423137664794921875,
                        5209.600000000000363797880709171295166015625
                    ],
                    [
                        -71.8827849999999983765519573353230953216552734375,
                        44.58865999999999729652699897997081279754638671875,
                        5213.899999999999636202119290828704833984375
                    ],
                    [
                        -71.8825649999999995998223312199115753173828125,
                        44.58855899999999650162862963043153285980224609375,
                        5216.1999999999998181010596454143524169921875
                    ],
                    [
                        -71.88231500000000551153789274394512176513671875,
                        44.5884860000000031732270144857466220855712890625,
                        5213.899999999999636202119290828704833984375
                    ],
                    [
                        -71.882104999999995698090060614049434661865234375,
                        44.58845500000000328100213664583861827850341796875,
                        5207.6999999999998181010596454143524169921875
                    ],
                    [
                        -71.88198099999999612919054925441741943359375,
                        44.5884080000000011523297871463000774383544921875,
                        5211.899999999999636202119290828704833984375
                    ],
                    [
                        -71.8816649999999981446308083832263946533203125,
                        44.588211000000001149601303040981292724609375,
                        5244.100000000000363797880709171295166015625
                    ],
                    [
                        -71.8815819999999945366653264500200748443603515625,
                        44.588177000000001726220943965017795562744140625,
                        5252.600000000000363797880709171295166015625
                    ],
                    [
                        -71.8812139999999999417923390865325927734375,
                        44.58809899999999970532371662557125091552734375,
                        5220.5
                    ],
                    [
                        -71.880954000000002679371391423046588897705078125,
                        44.58801799999999815327100805006921291351318359375,
                        5209.600000000000363797880709171295166015625
                    ],
                    [
                        -71.8804080000000027439455152489244937896728515625,
                        44.58775899999999836609276826493442058563232421875,
                        5213.899999999999636202119290828704833984375
                    ],
                    [
                        -71.880315999999993437086232006549835205078125,
                        44.58773899999999912324710749089717864990234375,
                        5209.600000000000363797880709171295166015625
                    ],
                    [
                        -71.8801150000000035333869163878262042999267578125,
                        44.58773800000000164800439961254596710205078125,
                        5201.100000000000363797880709171295166015625
                    ],
                    [
                        -71.8799060000000054060365073382854461669921875,
                        44.58787300000000186628312803804874420166015625,
                        5179.5
                    ],
                    [
                        -71.8796219999999976835169945843517780303955078125,
                        44.58796600000000154295776155777275562286376953125,
                        5158.100000000000363797880709171295166015625
                    ],
                    [
                        -71.879548999999997249688021838665008544921875,
                        44.5880300000000033833202905952930450439453125,
                        5138.8000000000001818989403545856475830078125
                    ],
                    [
                        -71.8795479999999997744453139603137969970703125,
                        44.5881200000000035288394428789615631103515625,
                        5128
                    ],
                    [
                        -71.8795929999999998472048901021480560302734375,
                        44.5882500000000021600499167107045650482177734375,
                        5104.3000000000001818989403545856475830078125
                    ],
                    [
                        -71.8797210000000035279299481771886348724365234375,
                        44.58852600000000165891833603382110595703125,
                        5071.899999999999636202119290828704833984375
                    ],
                    [
                        -71.8797789999999992005541571415960788726806640625,
                        44.588707999999996900442056357860565185546875,
                        5052.5
                    ],
                    [
                        -71.880120000000005120455170981585979461669921875,
                        44.58919900000000069439920480363070964813232421875,
                        5009.5
                    ],
                    [
                        -71.8804630000000059908416005782783031463623046875,
                        44.58951400000000120371623779647052288055419921875,
                        4983.600000000000363797880709171295166015625
                    ],
                    [
                        -71.8807450000000045520209823735058307647705078125,
                        44.5897369999999995116013451479375362396240234375,
                        4958
                    ],
                    [
                        -71.8809959999999961155481287278234958648681640625,
                        44.5898600000000016052581486292183399200439453125,
                        4947.1999999999998181010596454143524169921875
                    ],
                    [
                        -71.8811089999999950350684230215847492218017578125,
                        44.589934999999996989572537131607532501220703125,
                        4942.899999999999636202119290828704833984375
                    ],
                    [
                        -71.88119000000000369254848919808864593505859375,
                        44.5900419999999968467818689532577991485595703125,
                        4934.100000000000363797880709171295166015625
                    ],
                    [
                        -71.881268000000005713445716537535190582275390625,
                        44.59018300000000323279891745187342166900634765625,
                        4934.100000000000363797880709171295166015625
                    ],
                    [
                        -71.881314000000003261448000557720661163330078125,
                        44.5903109999999998080966179259121417999267578125,
                        4917
                    ],
                    [
                        -71.8812750000000022509993868879973888397216796875,
                        44.59051199999999681722329114563763141632080078125,
                        4893.399999999999636202119290828704833984375
                    ],
                    [
                        -71.88128100000000131331034936010837554931640625,
                        44.59061799999999919918991508893668651580810546875,
                        4880.1999999999998181010596454143524169921875
                    ],
                    [
                        -71.8813190000000048485162551514804363250732421875,
                        44.59071000000000140062184073030948638916015625,
                        4865.1999999999998181010596454143524169921875
                    ],
                    [
                        -71.8814899999999994406607584096491336822509765625,
                        44.59089399999999869805833441205322742462158203125,
                        4865.1999999999998181010596454143524169921875
                    ],
                    [
                        -71.881564999999994824975146912038326263427734375,
                        44.591014999999998735802364535629749298095703125,
                        4869.8000000000001818989403545856475830078125
                    ],
                    [
                        -71.8815660000000065110725699923932552337646484375,
                        44.59106100000000338923200615681707859039306640625,
                        4876
                    ],
                    [
                        -71.8815660000000065110725699923932552337646484375,
                        44.59106100000000338923200615681707859039306640625,
                        4876
                    ],
                    [
                        -71.8815670000000039863152778707444667816162109375,
                        44.59108400000000216323314816690981388092041015625,
                        4891.100000000000363797880709171295166015625
                    ],
                    [
                        -71.8815220000000039135557017289102077484130859375,
                        44.59123699999999956844476400874555110931396484375,
                        4901.899999999999636202119290828704833984375
                    ],
                    [
                        -71.881540000000001100488589145243167877197265625,
                        44.59130499999999841520548216067254543304443359375,
                        4910.399999999999636202119290828704833984375
                    ],
                    [
                        -71.88173000000000456566340290009975433349609375,
                        44.59154099999999942838257993571460247039794921875,
                        4932.100000000000363797880709171295166015625
                    ],
                    [
                        -71.8817690000000055761120165698230266571044921875,
                        44.59163300000000162981450557708740234375,
                        4927.8000000000001818989403545856475830078125
                    ],
                    [
                        -71.8818019999999933133949525654315948486328125,
                        44.591915000000000190993887372314929962158203125,
                        4929.8000000000001818989403545856475830078125
                    ],
                    [
                        -71.881797000000005937181413173675537109375,
                        44.59197999999999950659912428818643093109130859375,
                        4929.8000000000001818989403545856475830078125
                    ],
                    [
                        -71.881755999999995765392668545246124267578125,
                        44.59202499999999957935870043002068996429443359375,
                        4929.8000000000001818989403545856475830078125
                    ],
                    [
                        -71.881651000000005069523467682301998138427734375,
                        44.59205800000000152749635162763297557830810546875,
                        4938.3000000000001818989403545856475830078125
                    ],
                    [
                        -71.8814870000000070149326347745954990386962890625,
                        44.5920569999999969468262861482799053192138671875,
                        4944.899999999999636202119290828704833984375
                    ],
                    [
                        -71.8812559999999933779690763913094997406005859375,
                        44.592027999999999110514181666076183319091796875,
                        4983.600000000000363797880709171295166015625
                    ],
                    [
                        -71.88114400000000614454620517790317535400390625,
                        44.5920449999999988222043612040579319000244140625,
                        4994.399999999999636202119290828704833984375
                    ],
                    [
                        -71.8809449999999969804775901138782501220703125,
                        44.59203000000000116642695502378046512603759765625,
                        5016.100000000000363797880709171295166015625
                    ],
                    [
                        -71.8808389999999945985109661705791950225830078125,
                        44.59204600000000340287442668341100215911865234375,
                        5020.3000000000001818989403545856475830078125
                    ],
                    [
                        -71.88078799999999546344042755663394927978515625,
                        44.59209800000000001318767317570745944976806640625,
                        5031.1999999999998181010596454143524169921875
                    ],
                    [
                        -71.8807780000000065001586335711181163787841796875,
                        44.59215100000000120417098514735698699951171875,
                        5028.899999999999636202119290828704833984375
                    ],
                    [
                        -71.88083000000000311047188006341457366943359375,
                        44.5923700000000025056579033844172954559326171875,
                        5056.8000000000001818989403545856475830078125
                    ],
                    [
                        -71.8808080000000018117134459316730499267578125,
                        44.5925730000000015706973499618470668792724609375,
                        5048.1999999999998181010596454143524169921875
                    ],
                    [
                        -71.880863000000005058609531261026859283447265625,
                        44.5927760000000006357367965392768383026123046875,
                        5097.8000000000001818989403545856475830078125
                    ],
                    [
                        -71.880865000000000009094947017729282379150390625,
                        44.5928449999999969577402225695550441741943359375,
                        5108.600000000000363797880709171295166015625
                    ],
                    [
                        -71.88083000000000311047188006341457366943359375,
                        44.59289600000000319823811878450214862823486328125,
                        5117.100000000000363797880709171295166015625
                    ],
                    [
                        -71.8807149999999950296114548109471797943115234375,
                        44.59290800000000132286004372872412204742431640625,
                        5132.1999999999998181010596454143524169921875
                    ],
                    [
                        -71.880392999999997982740751467645168304443359375,
                        44.59283400000000341378836310468614101409912109375,
                        5153.899999999999636202119290828704833984375
                    ],
                    [
                        -71.8802969999999987749106367118656635284423828125,
                        44.59284699999999901365299592725932598114013671875,
                        5164.399999999999636202119290828704833984375
                    ],
                    [
                        -71.880255000000005338733899407088756561279296875,
                        44.5928940000000011423253454267978668212890625,
                        5181.8000000000001818989403545856475830078125
                    ],
                    [
                        -71.880279000000001587977749295532703399658203125,
                        44.592950999999999339706846512854099273681640625,
                        5188.3000000000001818989403545856475830078125
                    ],
                    [
                        -71.880358999999998559360392391681671142578125,
                        44.5929780000000022255335352383553981781005859375,
                        5173.1999999999998181010596454143524169921875
                    ],
                    [
                        -71.88051400000000512591213919222354888916015625,
                        44.59299200000000240606823354028165340423583984375,
                        5153.899999999999636202119290828704833984375
                    ],
                    [
                        -71.880572000000000798536348156630992889404296875,
                        44.59302699999999930469130049459636211395263671875,
                        5149.600000000000363797880709171295166015625
                    ],
                    [
                        -71.8806569999999993569872458465397357940673828125,
                        44.59311999999999898136593401432037353515625,
                        5147.3000000000001818989403545856475830078125
                    ],
                    [
                        -71.8807829999999938763721729628741741180419921875,
                        44.59315699999999793590177432633936405181884765625,
                        5145
                    ],
                    [
                        -71.8809930000000036898200050927698612213134765625,
                        44.5931479999999993424353306181728839874267578125,
                        5117.100000000000363797880709171295166015625
                    ],
                    [
                        -71.8810780000000022482709027826786041259765625,
                        44.59316799999999858528099139221012592315673828125,
                        5102
                    ],
                    [
                        -71.8811429999999944584487820975482463836669921875,
                        44.5932159999999981891960487700998783111572265625,
                        5085
                    ],
                    [
                        -71.8812089999999983547240844927728176116943359375,
                        44.59331300000000197769622900523245334625244140625,
                        5091.1999999999998181010596454143524169921875
                    ],
                    [
                        -71.881272999999993089659255929291248321533203125,
                        44.5935079999999999245119397528469562530517578125,
                        5067.600000000000363797880709171295166015625
                    ],
                    [
                        -71.8813449999999960482455207966268062591552734375,
                        44.59360199999999707642928115092217922210693359375,
                        5089.1999999999998181010596454143524169921875
                    ],
                    [
                        -71.88150500000000420186552219092845916748046875,
                        44.59366399999999686087903683073818683624267578125,
                        5067.600000000000363797880709171295166015625
                    ],
                    [
                        -71.8817509999999941783244139514863491058349609375,
                        44.5937219999999996389306033961474895477294921875,
                        5024.600000000000363797880709171295166015625
                    ],
                    [
                        -71.882080000000001973603502847254276275634765625,
                        44.5939120000000031041054171510040760040283203125,
                        4953.399999999999636202119290828704833984375
                    ],
                    [
                        -71.882127999999994472091202624142169952392578125,
                        44.59397899999999737019606982357800006866455078125,
                        4934.100000000000363797880709171295166015625
                    ],
                    [
                        -71.88213899999999512147041969001293182373046875,
                        44.594031999999998561179381795227527618408203125,
                        4927.8000000000001818989403545856475830078125
                    ],
                    [
                        -71.88213799999999764622771181166172027587890625,
                        44.59424700000000285626811091788113117218017578125,
                        4921.3000000000001818989403545856475830078125
                    ],
                    [
                        -71.8821659999999980072971084155142307281494140625,
                        44.59434300000000206409822567366063594818115234375,
                        4925.5
                    ],
                    [
                        -71.8821789999999936071617412380874156951904296875,
                        44.5943860000000000809450284577906131744384765625,
                        4919
                    ],
                    [
                        -71.882645999999994046447682194411754608154296875,
                        44.59527200000000135560185299254953861236572265625,
                        5007.1999999999998181010596454143524169921875
                    ],
                    [
                        -71.882710000000002992237568832933902740478515625,
                        44.595337000000000671207089908421039581298828125,
                        5003
                    ],
                    [
                        -71.8827399999999983037923811934888362884521484375,
                        44.5953540000000003828972694464027881622314453125,
                        5003
                    ],
                    [
                        -71.8827399999999983037923811934888362884521484375,
                        44.5953540000000003828972694464027881622314453125,
                        5003
                    ],
                    [
                        -71.8828079999999971505530993454158306121826171875,
                        44.59539099999999933743310975842177867889404296875,
                        4992.5
                    ],
                    [
                        -71.8831200000000052341420087032020092010498046875,
                        44.59548399999999901410774327814579010009765625,
                        4936.399999999999636202119290828704833984375
                    ],
                    [
                        -71.8830860000000058107616496272385120391845703125,
                        44.59552099999999796864358359016478061676025390625,
                        4951.399999999999636202119290828704833984375
                    ],
                    [
                        -71.8830770000000001118678483180701732635498046875,
                        44.5955560000000019726940081454813480377197265625,
                        4953.399999999999636202119290828704833984375
                    ],
                    [
                        -71.8830430000000006884874892421066761016845703125,
                        44.5955960000000004583853296935558319091796875,
                        4953.399999999999636202119290828704833984375
                    ],
                    [
                        -71.8830310000000025638655642978847026824951171875,
                        44.59563800000000099998942459933459758758544921875,
                        4953.399999999999636202119290828704833984375
                    ],
                    [
                        -71.882957000000004654793883673846721649169921875,
                        44.5957360000000022637323127128183841705322265625,
                        4964.1999999999998181010596454143524169921875
                    ],
                    [
                        -71.88294600000000400541466660797595977783203125,
                        44.5957829999999972869773046113550662994384765625,
                        4964.1999999999998181010596454143524169921875
                    ],
                    [
                        -71.882912000000004582034307532012462615966796875,
                        44.595832000000001471562427468597888946533203125,
                        4970.8000000000001818989403545856475830078125
                    ],
                    [
                        -71.8829060000000055197233450599014759063720703125,
                        44.595878999999996494807419367134571075439453125,
                        4975.100000000000363797880709171295166015625
                    ],
                    [
                        -71.88290399999999635838321410119533538818359375,
                        44.59598299999999682086126995272934436798095703125,
                        4985.899999999999636202119290828704833984375
                    ],
                    [
                        -71.882914999999997007762431167066097259521484375,
                        44.59604499999999660531102563254535198211669921875,
                        4992.5
                    ],
                    [
                        -71.8829439999999948440745356492698192596435546875,
                        44.59606699999999790406945976428687572479248046875,
                        4992.5
                    ],
                    [
                        -71.882957000000004654793883673846721649169921875,
                        44.59609999999999985220711096189916133880615234375,
                        5005.1999999999998181010596454143524169921875
                    ],
                    [
                        -71.8829869999999999663486960344016551971435546875,
                        44.5961209999999965702954796142876148223876953125,
                        5005.1999999999998181010596454143524169921875
                    ],
                    [
                        -71.8829989999999980909706209786236286163330078125,
                        44.59614499999999992496668710373342037200927734375,
                        5005.1999999999998181010596454143524169921875
                    ],
                    [
                        -71.88303600000000415093381889164447784423828125,
                        44.59617399999999776127879158593714237213134765625,
                        5016.100000000000363797880709171295166015625
                    ],
                    [
                        -71.8833369999999973742887959815561771392822265625,
                        44.5963629999999966457835398614406585693359375,
                        5022.3000000000001818989403545856475830078125
                    ],
                    [
                        -71.883477999999996654878486879169940948486328125,
                        44.5964340000000021291270968504250049591064453125,
                        5001
                    ],
                    [
                        -71.8841029999999960864442982710897922515869140625,
                        44.5967500000000001136868377216160297393798828125,
                        4962.3000000000001818989403545856475830078125
                    ],
                    [
                        -71.88483700000000453655957244336605072021484375,
                        44.59716999999999842430042917840182781219482421875,
                        4912.6999999999998181010596454143524169921875
                    ],
                    [
                        -71.8851049999999958117768983356654644012451171875,
                        44.597296000000000049112713895738124847412109375,
                        4917
                    ],
                    [
                        -71.8852650000000039653968997299671173095703125,
                        44.59735599999999777764969621784985065460205078125,
                        4910.399999999999636202119290828704833984375
                    ],
                    [
                        -71.8854769999999945184754324145615100860595703125,
                        44.59742399999999662441041436977684497833251953125,
                        4897.600000000000363797880709171295166015625
                    ],
                    [
                        -71.886166000000002895831130445003509521484375,
                        44.59759799999999785313775646500289440155029296875,
                        4869.8000000000001818989403545856475830078125
                    ],
                    [
                        -71.886382999999995035977917723357677459716796875,
                        44.59765300000000110003384179435670375823974609375,
                        4860.899999999999636202119290828704833984375
                    ],
                    [
                        -71.8867690000000010286385077051818370819091796875,
                        44.59778000000000020008883439004421234130859375,
                        4817.899999999999636202119290828704833984375
                    ],
                    [
                        -71.8871550000000070212990976870059967041015625,
                        44.5978929999999991196091286838054656982421875,
                        4753.3000000000001818989403545856475830078125
                    ],
                    [
                        -71.8872449999999929559635347686707973480224609375,
                        44.59791200000000088721208157949149608612060546875,
                        4749
                    ],
                    [
                        -71.8874359999999938963810564018785953521728515625,
                        44.59793700000000171712599694728851318359375,
                        4740.5
                    ],
                    [
                        -71.88771900000000414365786127746105194091796875,
                        44.59795299999999684814611100591719150543212890625,
                        4740.5
                    ],
                    [
                        -71.8881080000000025620465748943388462066650390625,
                        44.5979320000000001300577423535287380218505859375,
                        4725.399999999999636202119290828704833984375
                    ],
                    [
                        -71.8883799999999979490894475020468235015869140625,
                        44.59793499999999966121322358958423137664794921875,
                        4710.3000000000001818989403545856475830078125
                    ],
                    [
                        -71.8884690000000006193658919073641300201416015625,
                        44.5979439999999982546796672977507114410400390625,
                        4708
                    ],
                    [
                        -71.8885939999999976635081111453473567962646484375,
                        44.59796399999999749752532807178795337677001953125,
                        4708
                    ],
                    [
                        -71.888746999999995068719726987183094024658203125,
                        44.59800400000000308864400722086429595947265625,
                        4708
                    ],
                    [
                        -71.8889280000000070458554546348750591278076171875,
                        44.59808799999999706642483943141996860504150390625,
                        4716.899999999999636202119290828704833984375
                    ],
                    [
                        -71.8890909999999934143488644622266292572021484375,
                        44.59820500000000009777068044058978557586669921875,
                        4712.600000000000363797880709171295166015625
                    ],
                    [
                        -71.889219999999994570316630415618419647216796875,
                        44.598388999999997395207174122333526611328125,
                        4701.8000000000001818989403545856475830078125
                    ],
                    [
                        -71.8892290000000002692104317247867584228515625,
                        44.59843500000000204863681574352085590362548828125,
                        4706
                    ],
                    [
                        -71.8892570000000006302798283286392688751220703125,
                        44.598466000000001940861693583428859710693359375,
                        4706
                    ],
                    [
                        -71.889273000000002866727299988269805908203125,
                        44.59876899999999722012944403104484081268310546875,
                        4749
                    ],
                    [
                        -71.8893039999999956535248202271759510040283203125,
                        44.5988439999999997098711901344358921051025390625,
                        4764.100000000000363797880709171295166015625
                    ],
                    [
                        -71.8893139999999988276613294146955013275146484375,
                        44.598984000000001515218173153698444366455078125,
                        4779.1999999999998181010596454143524169921875
                    ],
                    [
                        -71.8894389999999958718035486526787281036376953125,
                        44.5992430000000013023964129388332366943359375,
                        4757.5
                    ],
                    [
                        -71.88951900000000705404090695083141326904296875,
                        44.5993330000000014479155652225017547607421875,
                        4727.399999999999636202119290828704833984375
                    ],
                    [
                        -71.8895820000000043137333705089986324310302734375,
                        44.59942199999999701276465202681720256805419921875,
                        4712.600000000000363797880709171295166015625
                    ],
                    [
                        -71.8896969999999981837390805594623088836669921875,
                        44.59951399999999921419657766819000244140625,
                        4697.5
                    ],
                    [
                        -71.8899109999999978981577442027628421783447265625,
                        44.59966200000000213776729651726782321929931640625,
                        4727.399999999999636202119290828704833984375
                    ],
                    [
                        -71.89042200000000093496055342257022857666015625,
                        44.59997800000000012232703738845884799957275390625,
                        4774.899999999999636202119290828704833984375
                    ],
                    [
                        -71.89046700000000100772012956440448760986328125,
                        44.6000159999999965521055855788290500640869140625,
                        4770.6999999999998181010596454143524169921875
                    ],
                    [
                        -71.89046999999999343344825319945812225341796875,
                        44.60003499999999831970853847451508045196533203125,
                        4770.6999999999998181010596454143524169921875
                    ],
                    [
                        -71.8904930000000064183041104115545749664306640625,
                        44.60002800000000178215486812405288219451904296875,
                        4770.6999999999998181010596454143524169921875
                    ],
                    [
                        -71.8903260000000017271304386667907238006591796875,
                        44.6001839999999987185219652019441127777099609375,
                        4764.100000000000363797880709171295166015625
                    ],
                    [
                        -71.8902279999999933579601929523050785064697265625,
                        44.6003979999999984329406288452446460723876953125,
                        4794.3000000000001818989403545856475830078125
                    ],
                    [
                        -71.890612000000004400135367177426815032958984375,
                        44.600628000000000383806764148175716400146484375,
                        4772.600000000000363797880709171295166015625
                    ],
                    [
                        -71.8913409999999970523276715539395809173583984375,
                        44.60092800000000323734639096073806285858154296875,
                        4845.8000000000001818989403545856475830078125
                    ],
                    [
                        -71.8914989999999960446075419895350933074951171875,
                        44.60119499999999703732100897468626499176025390625,
                        4841.5
                    ],
                    [
                        -71.892032999999997855411493219435214996337890625,
                        44.6015110000000021273081074468791484832763671875,
                        4884.5
                    ],
                    [
                        -71.89240100000000666113919578492641448974609375,
                        44.60160799999999881038093008100986480712890625,
                        4912.6999999999998181010596454143524169921875
                    ],
                    [
                        -71.8924690000000055078999139368534088134765625,
                        44.60176299999999827150531928054988384246826171875,
                        4932.100000000000363797880709171295166015625
                    ],
                    [
                        -71.8922730000000029804141377098858356475830078125,
                        44.60191300000000325098881148733198642730712890625,
                        4921.3000000000001818989403545856475830078125
                    ],
                    [
                        -71.8920350000000070167516241781413555145263671875,
                        44.60199300000000022237145458348095417022705078125,
                        4934.100000000000363797880709171295166015625
                    ],
                    [
                        -71.891716999999999870851752348244190216064453125,
                        44.6022320000000007667040335945785045623779296875,
                        4955.6999999999998181010596454143524169921875
                    ],
                    [
                        -71.891489000000007081325748004019260406494140625,
                        44.60244399999999842520992388017475605010986328125,
                        4972.8000000000001818989403545856475830078125
                    ],
                    [
                        -71.891489000000007081325748004019260406494140625,
                        44.60244399999999842520992388017475605010986328125,
                        4972.8000000000001818989403545856475830078125
                    ],
                    [
                        -71.8910670000000067147993831895291805267333984375,
                        44.60283600000000348018147633410990238189697265625,
                        5024.600000000000363797880709171295166015625
                    ],
                    [
                        -71.89069399999999632200342603027820587158203125,
                        44.60325399999999973488229443319141864776611328125,
                        5048.1999999999998181010596454143524169921875
                    ],
                    [
                        -71.8906980000000004338289727456867694854736328125,
                        44.603555999999997538907337002456188201904296875,
                        5013.8000000000001818989403545856475830078125
                    ],
                    [
                        -71.8908339999999981273504090495407581329345703125,
                        44.603690000000000281943357549607753753662109375,
                        5022.3000000000001818989403545856475830078125
                    ],
                    [
                        -71.8912090000000034706317819654941558837890625,
                        44.6043269999999978381310938857495784759521484375,
                        5082.6999999999998181010596454143524169921875
                    ],
                    [
                        -71.8915099999999966939867590554058551788330078125,
                        44.60457799999999650708559784106910228729248046875,
                        5069.899999999999636202119290828704833984375
                    ],
                    [
                        -71.89181800000000066575012169778347015380859375,
                        44.6047549999999972669684211723506450653076171875,
                        5082.6999999999998181010596454143524169921875
                    ],
                    [
                        -71.8922089999999940346242510713636875152587890625,
                        44.60504399999999947112883091904222965240478515625,
                        5136.5
                    ],
                    [
                        -71.8926979999999957726686261594295501708984375,
                        44.6052930000000031895979191176593303680419921875,
                        5192.600000000000363797880709171295166015625
                    ],
                    [
                        -71.89285599999999476494849659502506256103515625,
                        44.60535200000000344289219356141984462738037109375,
                        5188.3000000000001818989403545856475830078125
                    ],
                    [
                        -71.8932389999999941210262477397918701171875,
                        44.6054079999999970596036291681230068206787109375,
                        5149.600000000000363797880709171295166015625
                    ],
                    [
                        -71.8936489999999963629306876100599765777587890625,
                        44.6056540000000012469172361306846141815185546875,
                        5170.899999999999636202119290828704833984375
                    ],
                    [
                        -71.8942210000000017089405446313321590423583984375,
                        44.6059249999999991587174008600413799285888671875,
                        5177.5
                    ],
                    [
                        -71.8945939999999978908817865885794162750244140625,
                        44.60611399999999804322214913554489612579345703125,
                        5181.8000000000001818989403545856475830078125
                    ],
                    [
                        -71.8945360000000022182575776241719722747802734375,
                        44.60633399999999681995177525095641613006591796875,
                        5166.6999999999998181010596454143524169921875
                    ],
                    [
                        -71.894509999999996807673596777021884918212890625,
                        44.60637799999999941746864351443946361541748046875,
                        5162.399999999999636202119290828704833984375
                    ],
                    [
                        -71.8945049999999952206053421832621097564697265625,
                        44.6064209999999974343154462985694408416748046875,
                        5164.399999999999636202119290828704833984375
                    ],
                    [
                        -71.89451800000000503132469020783901214599609375,
                        44.6064640000000025565896066837012767791748046875,
                        5164.399999999999636202119290828704833984375
                    ],
                    [
                        -71.8945379999999971687429933808743953704833984375,
                        44.60650299999999646161086275242269039154052734375,
                        5173.1999999999998181010596454143524169921875
                    ],
                    [
                        -71.894555999999994355675880797207355499267578125,
                        44.6065219999999982292138156481087207794189453125,
                        5173.1999999999998181010596454143524169921875
                    ],
                    [
                        -71.8944529999999986102920956909656524658203125,
                        44.6066550000000034970071283169090747833251953125,
                        5166.6999999999998181010596454143524169921875
                    ],
                    [
                        -71.894330999999993991878000088036060333251953125,
                        44.60676500000000288537194137461483478546142578125,
                        5164.399999999999636202119290828704833984375
                    ],
                    [
                        -71.8941200000000009140421752817928791046142578125,
                        44.60696800000000195041138795204460620880126953125,
                        5162.399999999999636202119290828704833984375
                    ],
                    [
                        -71.894011000000006106347427703440189361572265625,
                        44.60708199999999834517439012415707111358642578125,
                        5164.399999999999636202119290828704833984375
                    ],
                    [
                        -71.894011000000006106347427703440189361572265625,
                        44.60708199999999834517439012415707111358642578125,
                        5164.399999999999636202119290828704833984375
                    ],
                    [
                        -71.8939179999999993242454365827143192291259765625,
                        44.607179000000002133674570359289646148681640625,
                        5166.6999999999998181010596454143524169921875
                    ],
                    [
                        -71.8937150000000002592059900052845478057861328125,
                        44.60739199999999726742316852323710918426513671875,
                        5162.399999999999636202119290828704833984375
                    ],
                    [
                        -71.8936139999999994643076206557452678680419921875,
                        44.60749899999999712463250034488737583160400390625,
                        5186
                    ],
                    [
                        -71.893506999999999607098288834095001220703125,
                        44.60764000000000351064954884350299835205078125,
                        5205.399999999999636202119290828704833984375
                    ],
                    [
                        -71.89341899999999441206455230712890625,
                        44.607765999999998030034475959837436676025390625,
                        5233.3000000000001818989403545856475830078125
                    ],
                    [
                        -71.8933119999999945548552204854786396026611328125,
                        44.6079059999999998353814589790999889373779296875,
                        5220.5
                    ],
                    [
                        -71.8931869999999975107130012474954128265380859375,
                        44.607989000000003443346940912306308746337890625,
                        5205.399999999999636202119290828704833984375
                    ],
                    [
                        -71.893157999999999674400896765291690826416015625,
                        44.60809499999999871988620725460350513458251953125,
                        5209.600000000000363797880709171295166015625
                    ],
                    [
                        -71.893201000000004796675057150423526763916015625,
                        44.6082320000000009940777090378105640411376953125,
                        5205.399999999999636202119290828704833984375
                    ],
                    [
                        -71.893227999999993471647030673921108245849609375,
                        44.6084800000000001318767317570745944976806640625,
                        5169
                    ],
                    [
                        -71.8932379999999966457835398614406585693359375,
                        44.6086140000000028749127523042261600494384765625,
                        5151.600000000000363797880709171295166015625
                    ],
                    [
                        -71.8932649999999995316102285869419574737548828125,
                        44.60872100000000273212208412587642669677734375,
                        5160.100000000000363797880709171295166015625
                    ],
                    [
                        -71.8932649999999995316102285869419574737548828125,
                        44.60876900000000233603714150376617908477783203125,
                        5155.8000000000001818989403545856475830078125
                    ],
                    [
                        -71.8932170000000070331225288100540637969970703125,
                        44.608913000000001147782313637435436248779296875,
                        5132.1999999999998181010596454143524169921875
                    ],
                    [
                        -71.8931659999999936871972749941051006317138671875,
                        44.60906200000000154659574036486446857452392578125,
                        5140.6999999999998181010596454143524169921875
                    ],
                    [
                        -71.893178000000006022673915140330791473388671875,
                        44.609273999999999205101630650460720062255859375,
                        5158.100000000000363797880709171295166015625
                    ],
                    [
                        -71.8932870000000008303686627186834812164306640625,
                        44.60956800000000299633029499091207981109619140625,
                        5134.5
                    ],
                    [
                        -71.89334900000000061481841839849948883056640625,
                        44.60974499999999665078576072119176387786865234375,
                        5115.1999999999998181010596454143524169921875
                    ],
                    [
                        -71.89343900000000076033757068216800689697265625,
                        44.60985199999999650799509254284203052520751953125,
                        5102
                    ],
                    [
                        -71.8935479999999955680323182605206966400146484375,
                        44.60993400000000264071786659769713878631591796875,
                        5097.8000000000001818989403545856475830078125
                    ],
                    [
                        -71.89357300000000350337359122931957244873046875,
                        44.609971000000001595253706909716129302978515625,
                        5085
                    ],
                    [
                        -71.8936139999999994643076206557452678680419921875,
                        44.610084999999997990016709081828594207763671875,
                        5063.3000000000001818989403545856475830078125
                    ],
                    [
                        -71.89366300000000364889274351298809051513671875,
                        44.61011700000000246291165240108966827392578125,
                        5063.3000000000001818989403545856475830078125
                    ],
                    [
                        -71.8937130000000053087205742485821247100830078125,
                        44.61019300000000242789610638283193111419677734375,
                        5056.8000000000001818989403545856475830078125
                    ],
                    [
                        -71.893788999999998168277670629322528839111328125,
                        44.6102750000000014551915228366851806640625,
                        5031.1999999999998181010596454143524169921875
                    ],
                    [
                        -71.8939040000000062491380958817899227142333984375,
                        44.6103499999999968395059113390743732452392578125,
                        5020.3000000000001818989403545856475830078125
                    ],
                    [
                        -71.893945000000002210072125308215618133544921875,
                        44.61037300000000271893441095016896724700927734375,
                        5022.3000000000001818989403545856475830078125
                    ],
                    [
                        -71.89398199999999405918060801923274993896484375,
                        44.61041999999999774217940284870564937591552734375,
                        5005.1999999999998181010596454143524169921875
                    ],
                    [
                        -71.8939859999999981710061547346413135528564453125,
                        44.61045399999999716555976192466914653778076171875,
                        4992.5
                    ],
                    [
                        -71.8939409999999980982465785928070545196533203125,
                        44.61048100000000005138645065017044544219970703125,
                        4992.5
                    ],
                    [
                        -71.89388999999999896317603997886180877685546875,
                        44.61048699999999911369741312228143215179443359375,
                        4987.899999999999636202119290828704833984375
                    ],
                    [
                        -71.893810999999999467036104761064052581787109375,
                        44.6104839999999995825419318862259387969970703125,
                        4979.3000000000001818989403545856475830078125
                    ],
                    [
                        -71.893765999999999394276528619229793548583984375,
                        44.6105060000000008813003660179674625396728515625,
                        4979.3000000000001818989403545856475830078125
                    ],
                    [
                        -71.893777000000000043655745685100555419921875,
                        44.61053299999999666169969714246690273284912109375,
                        4964.1999999999998181010596454143524169921875
                    ],
                    [
                        -71.8938279999999991787262842990458011627197265625,
                        44.61053799999999824876795173622667789459228515625,
                        4964.1999999999998181010596454143524169921875
                    ],
                    [
                        -71.8939079999999961501089273951947689056396484375,
                        44.61052699999999759938873467035591602325439453125,
                        4972.8000000000001818989403545856475830078125
                    ],
                    [
                        -71.8939759999999949968696455471217632293701171875,
                        44.61051499999999947476680972613394260406494140625,
                        4979.3000000000001818989403545856475830078125
                    ],
                    [
                        -71.8940400000000039426595321856439113616943359375,
                        44.61052399999999806823325343430042266845703125,
                        4981.600000000000363797880709171295166015625
                    ],
                    [
                        -71.8941339999999939891495159827172756195068359375,
                        44.61056899999999814099282957613468170166015625,
                        4979.3000000000001818989403545856475830078125
                    ],
                    [
                        -71.8942119999999960100467433221638202667236328125,
                        44.6106410000000010995790944434702396392822265625,
                        4947.1999999999998181010596454143524169921875
                    ],
                    [
                        -71.894327000000004090907168574631214141845703125,
                        44.6106979999999992969605955295264720916748046875,
                        4932.100000000000363797880709171295166015625
                    ],
                    [
                        -71.8944450000000045974957174621522426605224609375,
                        44.6107200000000005957190296612679958343505859375,
                        4932.100000000000363797880709171295166015625
                    ],
                    [
                        -71.8945599999999984675014275126159191131591796875,
                        44.6107709999999997307895682752132415771484375,
                        4932.100000000000363797880709171295166015625
                    ],
                    [
                        -71.894677000000001498847268521785736083984375,
                        44.61077999999999832425601198337972164154052734375,
                        4934.100000000000363797880709171295166015625
                    ],
                    [
                        -71.8947490000000044574335333891212940216064453125,
                        44.61079600000000056070348364301025867462158203125,
                        4938.3000000000001818989403545856475830078125
                    ],
                    [
                        -71.8948209999999932051650830544531345367431640625,
                        44.6107870000000019672370399348437786102294921875,
                        4938.3000000000001818989403545856475830078125
                    ],
                    [
                        -71.894979000000006408299668692052364349365234375,
                        44.61077300000000178670234163291752338409423828125,
                        4938.3000000000001818989403545856475830078125
                    ],
                    [
                        -71.8950779999999980418579070828855037689208984375,
                        44.610816999999997278791852295398712158203125,
                        4934.100000000000363797880709171295166015625
                    ],
                    [
                        -71.8951229999999981146174832247197628021240234375,
                        44.6108150000000023283064365386962890625,
                        4934.100000000000363797880709171295166015625
                    ],
                    [
                        -71.8951449999999994133759173564612865447998046875,
                        44.6108540000000033387550502084195613861083984375,
                        4914.6999999999998181010596454143524169921875
                    ],
                    [
                        -71.8951210000000031641320674680173397064208984375,
                        44.61088500000000323097992804832756519317626953125,
                        4904.1999999999998181010596454143524169921875
                    ],
                    [
                        -71.89510400000000345244188793003559112548828125,
                        44.61093199999999825422491994686424732208251953125,
                        4904.1999999999998181010596454143524169921875
                    ],
                    [
                        -71.8950549999999992678567650727927684783935546875,
                        44.6109670000000022582753445021808147430419921875,
                        4886.8000000000001818989403545856475830078125
                    ],
                    [
                        -71.8949929999999994834070093929767608642578125,
                        44.61097600000000085174178821034729480743408203125,
                        4893.399999999999636202119290828704833984375
                    ],
                    [
                        -71.894958000000002584783942438662052154541015625,
                        44.610961000000003195964382030069828033447265625,
                        4897.600000000000363797880709171295166015625
                    ],
                    [
                        -71.8949420000000003483364707790315151214599609375,
                        44.61097600000000085174178821034729480743408203125,
                        4897.600000000000363797880709171295166015625
                    ],
                    [
                        -71.8949870000000004210960469208657741546630859375,
                        44.61100499999999868805389269255101680755615234375,
                        4878.3000000000001818989403545856475830078125
                    ],
                    [
                        -71.8950430000000011432348401285707950592041015625,
                        44.6110240000000004556568455882370471954345703125,
                        4878.3000000000001818989403545856475830078125
                    ],
                    [
                        -71.8951129999999949404809740372002124786376953125,
                        44.61107799999999912188286543823778629302978515625,
                        4854.6999999999998181010596454143524169921875
                    ],
                    [
                        -71.8951330000000012887539924122393131256103515625,
                        44.61113399999999984402165864594280719757080078125,
                        4826.399999999999636202119290828704833984375
                    ],
                    [
                        -71.895095999999995228790794499218463897705078125,
                        44.61116899999999674264472560025751590728759765625,
                        4835.3000000000001818989403545856475830078125
                    ],
                    [
                        -71.895005999999995083271642215549945831298828125,
                        44.61121700000000345198714057914912700653076171875,
                        4833
                    ],
                    [
                        -71.8949070000000034497134038247168064117431640625,
                        44.61122900000000157660906552337110042572021484375,
                        4843.8000000000001818989403545856475830078125
                    ],
                    [
                        -71.8947380000000038080543163232505321502685546875,
                        44.61123500000000063892002799548208713531494140625,
                        4854.6999999999998181010596454143524169921875
                    ],
                    [
                        -71.8946810000000056106728152371942996978759765625,
                        44.6112499999999982946974341757595539093017578125,
                        4845.8000000000001818989403545856475830078125
                    ],
                    [
                        -71.8945719999999965921233524568378925323486328125,
                        44.611322999999998728526406921446323394775390625,
                        4835.3000000000001818989403545856475830078125
                    ],
                    [
                        -71.8944709999999957972249831072986125946044921875,
                        44.61134899999999703368303016759455204010009765625,
                        4824.5
                    ],
                    [
                        -71.894373000000001638909452594816684722900390625,
                        44.61133399999999937790562398731708526611328125,
                        4815.600000000000363797880709171295166015625
                    ],
                    [
                        -71.894330999999993991878000088036060333251953125,
                        44.61136499999999927013050182722508907318115234375,
                        4809.399999999999636202119290828704833984375
                    ],
                    [
                        -71.8942449999999979581843945197761058807373046875,
                        44.6114060000000023364918888546526432037353515625,
                        4796.3000000000001818989403545856475830078125
                    ],
                    [
                        -71.8941899999999947112883091904222965240478515625,
                        44.61141400000000345471562468446791172027587890625,
                        4796.3000000000001818989403545856475830078125
                    ],
                    [
                        -71.894169000000005098627298139035701751708984375,
                        44.61139200000000215595719055272638797760009765625,
                        4796.3000000000001818989403545856475830078125
                    ],
                    [
                        -71.8941379999999981009750626981258392333984375,
                        44.61134799999999955844032228924334049224853515625,
                        4805.100000000000363797880709171295166015625
                    ],
                    [
                        -71.8940910000000030777300707995891571044921875,
                        44.6113289999999977908373693935573101043701171875,
                        4805.100000000000363797880709171295166015625
                    ],
                    [
                        -71.8940620000000052414179663173854351043701171875,
                        44.611345999999997502527548931539058685302734375,
                        4805.100000000000363797880709171295166015625
                    ],
                    [
                        -71.894082999999994854078977368772029876708984375,
                        44.61139399999999710644260630942881107330322265625,
                        4798.600000000000363797880709171295166015625
                    ],
                    [
                        -71.8941530000000028621798264794051647186279296875,
                        44.61142499999999699866748414933681488037109375,
                        4796.3000000000001818989403545856475830078125
                    ],
                    [
                        -71.894192000000003872628440149128437042236328125,
                        44.611457000000001471562427468597888946533203125,
                        4785.8000000000001818989403545856475830078125
                    ],
                    [
                        -71.894169000000005098627298139035701751708984375,
                        44.61146500000000258978616329841315746307373046875,
                        4787.6999999999998181010596454143524169921875
                    ],
                    [
                        -71.89411599999999680221662856638431549072265625,
                        44.61144399999999876627043704502284526824951171875,
                        4787.6999999999998181010596454143524169921875
                    ],
                    [
                        -71.8940970000000021400410332717001438140869140625,
                        44.61145900000000352747520082630217075347900390625,
                        4787.6999999999998181010596454143524169921875
                    ],
                    [
                        -71.894127999999994926838553510606288909912109375,
                        44.6114910000000008949427865445613861083984375,
                        4776.899999999999636202119290828704833984375
                    ],
                    [
                        -71.8942329999999998335624695755541324615478515625,
                        44.61153800000000302361513604409992694854736328125,
                        4774.899999999999636202119290828704833984375
                    ],
                    [
                        -71.8943540000000069767338573001325130462646484375,
                        44.61158499999999804686012794263660907745361328125,
                        4768.399999999999636202119290828704833984375
                    ],
                    [
                        -71.8944900000000046702552936039865016937255859375,
                        44.61164600000000035606717574410140514373779296875,
                        4774.899999999999636202119290828704833984375
                    ],
                    [
                        -71.8946130000000067639120970852673053741455078125,
                        44.6116880000000008976712706498801708221435546875,
                        4770.6999999999998181010596454143524169921875
                    ],
                    [
                        -71.8947610000000025820554583333432674407958984375,
                        44.6116870000000034224285627715289592742919921875,
                        4768.399999999999636202119290828704833984375
                    ],
                    [
                        -71.89488000000000056388671509921550750732421875,
                        44.61169000000000295358404400758445262908935546875,
                        4744.8000000000001818989403545856475830078125
                    ],
                    [
                        -71.8949559999999934234438114799559116363525390625,
                        44.6117320000000034951881389133632183074951171875,
                        4744.8000000000001818989403545856475830078125
                    ],
                    [
                        -71.894846000000001140506356023252010345458984375,
                        44.6117569999999972196746966801583766937255859375,
                        4747
                    ],
                    [
                        -71.8947249999999939973349682986736297607421875,
                        44.61177599999999898727764957584440708160400390625,
                        4757.5
                    ],
                    [
                        -71.8946329999999989013304002583026885986328125,
                        44.61178000000000309910319629125297069549560546875,
                        4764.100000000000363797880709171295166015625
                    ],
                    [
                        -71.894553999999999405190465040504932403564453125,
                        44.61178600000000216141415876336395740509033203125,
                        4764.100000000000363797880709171295166015625
                    ],
                    [
                        -71.8944690000000008467395673505961894989013671875,
                        44.6117610000000013315002433955669403076171875,
                        4761.8000000000001818989403545856475830078125
                    ],
                    [
                        -71.8941190000000034387994674034416675567626953125,
                        44.61162300000000158206603373400866985321044921875,
                        4757.5
                    ],
                    [
                        -71.8937399999999939836925477720797061920166015625,
                        44.6114519999999998844941728748381137847900390625,
                        4768.399999999999636202119290828704833984375
                    ],
                    [
                        -71.8935900000000032150637707673013210296630859375,
                        44.61135300000000114550857688300311565399169921875,
                        4781.1999999999998181010596454143524169921875
                    ],
                    [
                        -71.893271999999996069163898937404155731201171875,
                        44.61127400000000164936864166520535945892333984375,
                        4768.399999999999636202119290828704833984375
                    ],
                    [
                        -71.8930990000000065265339799225330352783203125,
                        44.6112380000000001700755092315375804901123046875,
                        4768.399999999999636202119290828704833984375
                    ],
                    [
                        -71.8928760000000011132215149700641632080078125,
                        44.6111580000000031986928661353886127471923828125,
                        4772.600000000000363797880709171295166015625
                    ],
                    [
                        -71.8925469999999933179424260742962360382080078125,
                        44.61102799999999746205503470264375209808349609375,
                        4770.6999999999998181010596454143524169921875
                    ],
                    [
                        -71.8922290000000003828972694464027881622314453125,
                        44.61093600000000236605046666227281093597412109375,
                        4792
                    ],
                    [
                        -71.89195599999999330975697375833988189697265625,
                        44.61083699999999652163751306943595409393310546875,
                        4802.8000000000001818989403545856475830078125
                    ],
                    [
                        -71.8918440000000060763341025449335575103759765625,
                        44.61072200000000265163180301897227764129638671875,
                        4781.1999999999998181010596454143524169921875
                    ],
                    [
                        -71.8917550000000034060576581396162509918212890625,
                        44.61069400000000229056240641511976718902587890625,
                        4772.600000000000363797880709171295166015625
                    ],
                    [
                        -71.891649000000001024091034196317195892333984375,
                        44.61075000000000301270119962282478809356689453125,
                        4772.600000000000363797880709171295166015625
                    ],
                    [
                        -71.891649000000001024091034196317195892333984375,
                        44.61089299999999724377630627714097499847412109375,
                        4798.600000000000363797880709171295166015625
                    ],
                    [
                        -71.8916660000000007357812137342989444732666015625,
                        44.6110469999999992296579875983297824859619140625,
                        4792
                    ],
                    [
                        -71.89172700000000304498826153576374053955078125,
                        44.61107899999999659712557331658899784088134765625,
                        4783.5
                    ],
                    [
                        -71.891883000000007086782716214656829833984375,
                        44.61112700000000330646798829548060894012451171875,
                        4772.600000000000363797880709171295166015625
                    ],
                    [
                        -71.89211199999999735155142843723297119140625,
                        44.61120600000000280260792351327836513519287109375,
                        4755.600000000000363797880709171295166015625
                    ],
                    [
                        -71.89208899999999857755028642714023590087890625,
                        44.6112930000000034169715945608913898468017578125,
                        4744.8000000000001818989403545856475830078125
                    ],
                    [
                        -71.8920059999999949695848044939339160919189453125,
                        44.6113610000000022637323127128183841705322265625,
                        4733.899999999999636202119290828704833984375
                    ],
                    [
                        -71.89181600000000571526470594108104705810546875,
                        44.61139299999999963119989843107759952545166015625,
                        4716.899999999999636202119290828704833984375
                    ],
                    [
                        -71.89163800000000037471181713044643402099609375,
                        44.611300999999997429767972789704799652099609375,
                        4740.5
                    ],
                    [
                        -71.8914539999999959718479658477008342742919921875,
                        44.61124199999999717647369834594428539276123046875,
                        4751.3000000000001818989403545856475830078125
                    ],
                    [
                        -71.891380999999995538018993102014064788818359375,
                        44.61128599999999977399056660942733287811279296875,
                        4729.6999999999998181010596454143524169921875
                    ],
                    [
                        -71.891447999999996909537003375589847564697265625,
                        44.6113730000000003883542376570403575897216796875,
                        4703.6999999999998181010596454143524169921875
                    ],
                    [
                        -71.891581999999999652573023922741413116455078125,
                        44.611480000000000245563569478690624237060546875,
                        4688.600000000000363797880709171295166015625
                    ],
                    [
                        -71.8916660000000007357812137342989444732666015625,
                        44.61156299999999674810169381089508533477783203125,
                        4656.5
                    ],
                    [
                        -71.89181600000000571526470594108104705810546875,
                        44.61161899999999747024048701860010623931884765625,
                        4652.1999999999998181010596454143524169921875
                    ],
                    [
                        -71.891872000000006437403499148786067962646484375,
                        44.6116710000000011859810911118984222412109375,
                        4660.8000000000001818989403545856475830078125
                    ],
                    [
                        -71.891760000000004993125912733376026153564453125,
                        44.61172599999999732744981884025037288665771484375,
                        4628.600000000000363797880709171295166015625
                    ],
                    [
                        -71.8916320000000013124008546583354473114013671875,
                        44.61171399999999920282789389602839946746826171875,
                        4624
                    ],
                    [
                        -71.8915089999999992187440511770546436309814453125,
                        44.61167499999999819237928022630512714385986328125,
                        4622
                    ],
                    [
                        -71.891425999999995610778569243848323822021484375,
                        44.6116669999999970741555443964898586273193359375,
                        4634.8000000000001818989403545856475830078125
                    ],
                    [
                        -71.8913529999999951769495964981615543365478515625,
                        44.611682999999999310603016056120395660400390625,
                        4617.8000000000001818989403545856475830078125
                    ],
                    [
                        -71.8912859999999938054315862245857715606689453125,
                        44.6117459999999965702954796142876148223876953125,
                        4602.6999999999998181010596454143524169921875
                    ],
                    [
                        -71.891309000000006790287443436682224273681640625,
                        44.6118060000000014042598195374011993408203125,
                        4585.3000000000001818989403545856475830078125
                    ],
                    [
                        -71.89136999999999488863977603614330291748046875,
                        44.6118060000000014042598195374011993408203125,
                        4587.600000000000363797880709171295166015625
                    ],
                    [
                        -71.8914759999999972706063999794423580169677734375,
                        44.611794000000003279637894593179225921630859375,
                        4604.6999999999998181010596454143524169921875
                    ],
                    [
                        -71.8915709999999990031938068568706512451171875,
                        44.61180999999999841065800865180790424346923828125,
                        4587.600000000000363797880709171295166015625
                    ],
                    [
                        -71.891649000000001024091034196317195892333984375,
                        44.61187300000000277577782981097698211669921875,
                        4579.100000000000363797880709171295166015625
                    ],
                    [
                        -71.891379999999998062776285223662853240966796875,
                        44.61194400000000115369402919895946979522705078125,
                        4555.399999999999636202119290828704833984375
                    ],
                    [
                        -71.8909689999999983456291374750435352325439453125,
                        44.61174199999999956389729049988090991973876953125,
                        4572.5
                    ],
                    [
                        -71.8909689999999983456291374750435352325439453125,
                        44.61167900000000230420482694171369075775146484375,
                        4581
                    ],
                    [
                        -71.8910020000000002937667886726558208465576171875,
                        44.61162300000000158206603373400866985321044921875,
                        4591.899999999999636202119290828704833984375
                    ],
                    [
                        -71.8906280000000066365828388370573520660400390625,
                        44.61140499999999775582182337529957294464111328125,
                        4594.1999999999998181010596454143524169921875
                    ],
                    [
                        -71.8904890000000023064785636961460113525390625,
                        44.61131300000000265981725533492863178253173828125,
                        4585.3000000000001818989403545856475830078125
                    ],
                    [
                        -71.8902159999999952333382680080831050872802734375,
                        44.611300999999997429767972789704799652099609375,
                        4587.600000000000363797880709171295166015625
                    ],
                    [
                        -71.8898089999999996280166669748723506927490234375,
                        44.6111470000000025493136490695178508758544921875,
                        4619.8000000000001818989403545856475830078125
                    ],
                    [
                        -71.8895629999999954407030600123107433319091796875,
                        44.61097600000000085174178821034729480743408203125,
                        4643.6999999999998181010596454143524169921875
                    ],
                    [
                        -71.8893120000000038771759136579930782318115234375,
                        44.61088099999999911915438133291900157928466796875,
                        4641.399999999999636202119290828704833984375
                    ],
                    [
                        -71.8891390000000001236912794411182403564453125,
                        44.61082900000000250884113484062254428863525390625,
                        4643.6999999999998181010596454143524169921875
                    ],
                    [
                        -71.8887600000000048794390750117599964141845703125,
                        44.61072999999999666442818124778568744659423828125,
                        4637.100000000000363797880709171295166015625
                    ],
                    [
                        -71.88862100000000054933479987084865570068359375,
                        44.61069400000000229056240641511976718902587890625,
                        4648
                    ],
                    [
                        -71.887979000000001406078808940947055816650390625,
                        44.61064999999999969304553815163671970367431640625,
                        4598.399999999999636202119290828704833984375
                    ],
                    [
                        -71.8878950000000003228706191293895244598388671875,
                        44.61062799999999839428710401989519596099853515625,
                        4600.399999999999636202119290828704833984375
                    ],
                    [
                        -71.8878950000000003228706191293895244598388671875,
                        44.61062799999999839428710401989519596099853515625,
                        4600.399999999999636202119290828704833984375
                    ],
                    [
                        -71.88756100000000515137799084186553955078125,
                        44.6105390000000028294380172155797481536865234375,
                        4594.1999999999998181010596454143524169921875
                    ],
                    [
                        -71.8871429999999946858224575407803058624267578125,
                        44.61039600000000149293555296026170253753662109375,
                        4609.3000000000001818989403545856475830078125
                    ],
                    [
                        -71.8868810000000024729160941205918788909912109375,
                        44.6101900000000028967406251467764377593994140625,
                        4628.600000000000363797880709171295166015625
                    ],
                    [
                        -71.886290000000002464730641804635524749755859375,
                        44.609836999999998852217686362564563751220703125,
                        4632.899999999999636202119290828704833984375
                    ],
                    [
                        -71.885615000000001373336999677121639251708984375,
                        44.609475000000003319655661471188068389892578125,
                        4699.5
                    ],
                    [
                        -71.8850680000000039626684156246483325958251953125,
                        44.60908599999999779583959025330841541290283203125,
                        4736.1999999999998181010596454143524169921875
                    ],
                    [
                        -71.884940000000000281943357549607753753662109375,
                        44.60896699999999981400833348743617534637451171875,
                        4761.8000000000001818989403545856475830078125
                    ],
                    [
                        -71.884555000000005975380190648138523101806640625,
                        44.60874100000000197496774489991366863250732421875,
                        4785.8000000000001818989403545856475830078125
                    ],
                    [
                        -71.884242999999997891791281290352344512939453125,
                        44.60854199999999991632648743689060211181640625,
                        4807.100000000000363797880709171295166015625
                    ],
                    [
                        -71.8836179999999984602254698984324932098388671875,
                        44.608148999999997386112227104604244232177734375,
                        4742.5
                    ],
                    [
                        -71.8832670000000035770426620729267597198486328125,
                        44.60790300000000030422597774304449558258056640625,
                        4796.3000000000001818989403545856475830078125
                    ],
                    [
                        -71.883117999999996072801877744495868682861328125,
                        44.6077539999999999054125510156154632568359375,
                        4828.6999999999998181010596454143524169921875
                    ],
                    [
                        -71.8830099999999987403498380444943904876708984375,
                        44.6076690000000013469616533257067203521728515625,
                        4828.6999999999998181010596454143524169921875
                    ],
                    [
                        -71.8825690000000037116478779353201389312744140625,
                        44.6071850000000011959855328314006328582763671875,
                        4895.3000000000001818989403545856475830078125
                    ],
                    [
                        -71.8821319999999985839167493395507335662841796875,
                        44.60667099999999862802724237553775310516357421875,
                        4940.600000000000363797880709171295166015625
                    ],
                    [
                        -71.88162099999999554711394011974334716796875,
                        44.606234000000000605723471380770206451416015625,
                        5048.1999999999998181010596454143524169921875
                    ],
                    [
                        -71.8813880000000011705196811817586421966552734375,
                        44.606077999999996563929016701877117156982421875,
                        5048.1999999999998181010596454143524169921875
                    ],
                    [
                        -71.8812420000000003028617356903851032257080078125,
                        44.60594400000000092632035375572741031646728515625,
                        5065.600000000000363797880709171295166015625
                    ],
                    [
                        -71.880582000000003972672857344150543212890625,
                        44.6052049999999979945641825906932353973388671875,
                        5184.100000000000363797880709171295166015625
                    ],
                    [
                        -71.880370999999996683982317335903644561767578125,
                        44.60502799999999723468135925941169261932373046875,
                        5209.600000000000363797880709171295166015625
                    ],
                    [
                        -71.879358999999993784513208083808422088623046875,
                        44.60449799999999953570295474492013454437255859375,
                        5246.399999999999636202119290828704833984375
                    ],
                    [
                        -71.8792040000000014288161764852702617645263671875,
                        44.60454800000000119553078548051416873931884765625,
                        5201.100000000000363797880709171295166015625
                    ],
                    [
                        -71.879040000000003374225343577563762664794921875,
                        44.60448999999999841747921891510486602783203125,
                        5190.3000000000001818989403545856475830078125
                    ],
                    [
                        -71.878725000000002864908310584723949432373046875,
                        44.60444700000000040063241613097488880157470703125,
                        5147.3000000000001818989403545856475830078125
                    ],
                    [
                        -71.8786520000000024310793378390371799468994140625,
                        44.60443500000000227601049118675291538238525390625,
                        5132.1999999999998181010596454143524169921875
                    ],
                    [
                        -71.878615999999993846358847804367542266845703125,
                        44.60447599999999823694452061317861080169677734375,
                        5117.100000000000363797880709171295166015625
                    ],
                    [
                        -71.8786180000000030076989787630736827850341796875,
                        44.6045519999999982019289745949208736419677734375,
                        5102
                    ],
                    [
                        -71.878502999999994926838553510606288909912109375,
                        44.6045519999999982019289745949208736419677734375,
                        5089.1999999999998181010596454143524169921875
                    ],
                    [
                        -71.8784600000000040154191083274781703948974609375,
                        44.604501999999996542101143859326839447021484375,
                        5091.1999999999998181010596454143524169921875
                    ],
                    [
                        -71.8784169999999988931449479423463344573974609375,
                        44.60442400000000162663127412088215351104736328125,
                        5104.3000000000001818989403545856475830078125
                    ],
                    [
                        -71.87821900000000141517375595867633819580078125,
                        44.60435700000000025511326384730637073516845703125,
                        5086.899999999999636202119290828704833984375
                    ],
                    [
                        -71.87808200000000624640961177647113800048828125,
                        44.604343999999997549821273423731327056884765625,
                        5080.6999999999998181010596454143524169921875
                    ],
                    [
                        -71.877939999999995279722497798502445220947265625,
                        44.60427299999999917190507403574883937835693359375,
                        5104.3000000000001818989403545856475830078125
                    ],
                    [
                        -71.8777979999999985238900990225374698638916015625,
                        44.6042580000000015161276678554713726043701171875,
                        5100.100000000000363797880709171295166015625
                    ],
                    [
                        -71.877757000000002562956069596111774444580078125,
                        44.60431700000000176942194229923188686370849609375,
                        5076.100000000000363797880709171295166015625
                    ],
                    [
                        -71.87772499999999809006112627685070037841796875,
                        44.60437499999999744204615126363933086395263671875,
                        5059.100000000000363797880709171295166015625
                    ],
                    [
                        -71.87763400000000046929926611483097076416015625,
                        44.60435199999999866804500925354659557342529296875,
                        5050.5
                    ],
                    [
                        -71.8774350000000055160853662528097629547119140625,
                        44.6043269999999978381310938857495784759521484375,
                        5037.399999999999636202119290828704833984375
                    ],
                    [
                        -71.877285000000000536601874046027660369873046875,
                        44.60421199999999686269802623428404331207275390625,
                        5061.399999999999636202119290828704833984375
                    ],
                    [
                        -71.8771540000000044301486923359334468841552734375,
                        44.60417000000000342652128892950713634490966796875,
                        5037.399999999999636202119290828704833984375
                    ],
                    [
                        -71.87696099999999432839103974401950836181640625,
                        44.60417400000000043291947804391384124755859375,
                        5007.1999999999998181010596454143524169921875
                    ],
                    [
                        -71.8768749999999982946974341757595539093017578125,
                        44.6041910000000001446096575818955898284912109375,
                        4992.5
                    ],
                    [
                        -71.8767140000000068766894401051104068756103515625,
                        44.60413199999999989131538313813507556915283203125,
                        4975.100000000000363797880709171295166015625
                    ],
                    [
                        -71.8765829999999965593815431930124759674072265625,
                        44.6041359999999968977135722525417804718017578125,
                        4942.899999999999636202119290828704833984375
                    ],
                    [
                        -71.87655300000000124782673083245754241943359375,
                        44.60419499999999715100784669630229473114013671875,
                        4927.8000000000001818989403545856475830078125
                    ],
                    [
                        -71.8765800000000041336534195579588413238525390625,
                        44.6042350000000027421265258453786373138427734375,
                        4910.399999999999636202119290828704833984375
                    ],
                    [
                        -71.8767730000000000245563569478690624237060546875,
                        44.60428499999999729652699897997081279754638671875,
                        4942.899999999999636202119290828704833984375
                    ],
                    [
                        -71.876902000000001180524122901260852813720703125,
                        44.6043499999999966121322358958423137664794921875,
                        4940.600000000000363797880709171295166015625
                    ],
                    [
                        -71.8769850000000047884896048344671726226806640625,
                        44.60439699999999874080458539538085460662841796875,
                        4955.6999999999998181010596454143524169921875
                    ],
                    [
                        -71.8770710000000008221832104027271270751953125,
                        44.6044619999999980564098223112523555755615234375,
                        4953.399999999999636202119290828704833984375
                    ],
                    [
                        -71.877118999999993320670910179615020751953125,
                        44.60450399999999859801391721703112125396728515625,
                        4951.399999999999636202119290828704833984375
                    ],
                    [
                        -71.876990000000006375557859428226947784423828125,
                        44.60453100000000148384060594253242015838623046875,
                        4908.5
                    ],
                    [
                        -71.8768189999999975725586409680545330047607421875,
                        44.604455000000001518856151960790157318115234375,
                        4912.6999999999998181010596454143524169921875
                    ],
                    [
                        -71.8767380000000031259332899935543537139892578125,
                        44.604376000000002022716216742992401123046875,
                        4910.399999999999636202119290828704833984375
                    ],
                    [
                        -71.876607000000007019480108283460140228271484375,
                        44.60432300000000083173290477134287357330322265625,
                        4910.399999999999636202119290828704833984375
                    ],
                    [
                        -71.8764890000000065128915593959391117095947265625,
                        44.60426199999999852252585696987807750701904296875,
                        4897.600000000000363797880709171295166015625
                    ],
                    [
                        -71.8763679999999993697201716713607311248779296875,
                        44.60421800000000303043634630739688873291015625,
                        4897.600000000000363797880709171295166015625
                    ],
                    [
                        -71.8762899999999973488229443319141864776611328125,
                        44.604162999999999783540260978043079376220703125,
                        4880.1999999999998181010596454143524169921875
                    ],
                    [
                        -71.8762559999999979254425852559506893157958984375,
                        44.60410799999999653664417564868927001953125,
                        4895.3000000000001818989403545856475830078125
                    ],
                    [
                        -71.8761070000000046320565161295235157012939453125,
                        44.6040169999999989158823154866695404052734375,
                        4897.600000000000363797880709171295166015625
                    ],
                    [
                        -71.875935999999995829057297669351100921630859375,
                        44.60399300000000266663846559822559356689453125,
                        4869.8000000000001818989403545856475830078125
                    ],
                    [
                        -71.8758059999999971978468238376080989837646484375,
                        44.60396899999999931196725810877978801727294921875,
                        4854.6999999999998181010596454143524169921875
                    ],
                    [
                        -71.8757460000000065747371991164982318878173828125,
                        44.6039719999999988431227393448352813720703125,
                        4854.6999999999998181010596454143524169921875
                    ],
                    [
                        -71.8757039999999989277057466097176074981689453125,
                        44.6040229999999979781932779587805271148681640625,
                        4822.1999999999998181010596454143524169921875
                    ],
                    [
                        -71.875710999999995465259416960179805755615234375,
                        44.60409899999999794317773194052278995513916015625,
                        4785.8000000000001818989403545856475830078125
                    ],
                    [
                        -71.8756460000000032550815376453101634979248046875,
                        44.6041689999999988458512234501540660858154296875,
                        4755.600000000000363797880709171295166015625
                    ],
                    [
                        -71.875527000000005273250280879437923431396484375,
                        44.6041680000000013706085155718028545379638671875,
                        4738.1999999999998181010596454143524169921875
                    ],
                    [
                        -71.875418999999993729943525977432727813720703125,
                        44.60407599999999916917658993043005466461181640625,
                        4749
                    ],
                    [
                        -71.8753209999999995716279954649507999420166015625,
                        44.60397499999999837427822058089077472686767578125,
                        4744.8000000000001818989403545856475830078125
                    ],
                    [
                        -71.8752559999999931505954009480774402618408203125,
                        44.60390799999999700276021030731499195098876953125,
                        4753.3000000000001818989403545856475830078125
                    ],
                    [
                        -71.8751879999999943038346827961504459381103515625,
                        44.603848999999996749465935863554477691650390625,
                        4751.3000000000001818989403545856475830078125
                    ],
                    [
                        -71.8750629999999972596924635581672191619873046875,
                        44.60378899999999902092895354144275188446044921875,
                        4751.3000000000001818989403545856475830078125
                    ],
                    [
                        -71.8749540000000024519977159798145294189453125,
                        44.6037979999999976143953972496092319488525390625,
                        4703.6999999999998181010596454143524169921875
                    ],
                    [
                        -71.87488600000000360523699782788753509521484375,
                        44.6038199999999989131538313813507556915283203125,
                        4703.6999999999998181010596454143524169921875
                    ],
                    [
                        -71.874855999999994082827470265328884124755859375,
                        44.603848999999996749465935863554477691650390625,
                        4692.899999999999636202119290828704833984375
                    ],
                    [
                        -71.8748340000000069949237513355910778045654296875,
                        44.603893999999996822225512005388736724853515625,
                        4686.6999999999998181010596454143524169921875
                    ],
                    [
                        -71.87488600000000360523699782788753509521484375,
                        44.60396800000000183672455023042857646942138671875,
                        4684.399999999999636202119290828704833984375
                    ],
                    [
                        -71.874876999999997906343196518719196319580078125,
                        44.60402500000000003410605131648480892181396484375,
                        4673.600000000000363797880709171295166015625
                    ],
                    [
                        -71.874829000000005407855496741831302642822265625,
                        44.60417799999999743931766715832054615020751953125,
                        4654.1999999999998181010596454143524169921875
                    ],
                    [
                        -71.8748939999999976180333760567009449005126953125,
                        44.6042709999999971159923006780445575714111328125,
                        4652.1999999999998181010596454143524169921875
                    ],
                    [
                        -71.8749940000000009376890375278890132904052734375,
                        44.6043030000000015888872439973056316375732421875,
                        4652.1999999999998181010596454143524169921875
                    ],
                    [
                        -71.8751970000000000027284841053187847137451171875,
                        44.60435199999999866804500925354659557342529296875,
                        4658.5
                    ],
                    [
                        -71.8754059999999981300788931548595428466796875,
                        44.60444600000000292538970825262367725372314453125,
                        4684.399999999999636202119290828704833984375
                    ],
                    [
                        -71.8755409999999983483576215803623199462890625,
                        44.60452000000000083446138887666165828704833984375,
                        4690.899999999999636202119290828704833984375
                    ],
                    [
                        -71.875733999999994239260558970272541046142578125,
                        44.6046070000000014488250599242746829986572265625,
                        4697.5
                    ],
                    [
                        -71.8759199999999935926098260097205638885498046875,
                        44.60464900000000199042915483005344867706298828125,
                        4714.600000000000363797880709171295166015625
                    ],
                    [
                        -71.8760860000000008085407898761332035064697265625,
                        44.6047080000000022437234292738139629364013671875,
                        4727.399999999999636202119290828704833984375
                    ],
                    [
                        -71.8762679999999960500645102001726627349853515625,
                        44.60480799999999845795173314400017261505126953125,
                        4740.5
                    ],
                    [
                        -71.876339000000001533408067189157009124755859375,
                        44.604872999999997773556970059871673583984375,
                        4738.1999999999998181010596454143524169921875
                    ],
                    [
                        -71.876587000000000671207089908421039581298828125,
                        44.60489400000000159707269631326198577880859375,
                        4744.8000000000001818989403545856475830078125
                    ],
                    [
                        -71.8767859999999956244209897704422473907470703125,
                        44.604916000000002895831130445003509521484375,
                        4785.8000000000001818989403545856475830078125
                    ],
                    [
                        -71.8769190000000008922143024392426013946533203125,
                        44.60495999999999838792064110748469829559326171875,
                        4783.5
                    ],
                    [
                        -71.8769980000000003883542376570403575897216796875,
                        44.60494700000000278805600828491151332855224609375,
                        4811.399999999999636202119290828704833984375
                    ],
                    [
                        -71.8771980000000070276655605994164943695068359375,
                        44.604950000000002319211489520967006683349609375,
                        4852.399999999999636202119290828704833984375
                    ],
                    [
                        -71.8773020000000002482920535840094089508056640625,
                        44.6049900000000008049028110690414905548095703125,
                        4850.100000000000363797880709171295166015625
                    ],
                    [
                        -71.8775229999999965002643875777721405029296875,
                        44.605063999999998713974491693079471588134765625,
                        4856.600000000000363797880709171295166015625
                    ],
                    [
                        -71.877713999999997440681909210979938507080078125,
                        44.6051379999999966230461723171174526214599609375,
                        4852.399999999999636202119290828704833984375
                    ],
                    [
                        -71.8778960000000068930603447370231151580810546875,
                        44.6052379999999999427018337883055210113525390625,
                        4860.899999999999636202119290828704833984375
                    ],
                    [
                        -71.8780139999999931887941784225404262542724609375,
                        44.605310000000002901288098655641078948974609375,
                        4860.899999999999636202119290828704833984375
                    ],
                    [
                        -71.8781890000000061036189435981214046478271484375,
                        44.6054069999999995843609212897717952728271484375,
                        4860.899999999999636202119290828704833984375
                    ],
                    [
                        -71.8783169999999955734892864711582660675048828125,
                        44.60539399999999687906893086619675159454345703125,
                        4878.3000000000001818989403545856475830078125
                    ],
                    [
                        -71.8784660000000030777300707995891571044921875,
                        44.60534599999999727515387348830699920654296875,
                        4901.899999999999636202119290828704833984375
                    ],
                    [
                        -71.8786329999999935580490273423492908477783203125,
                        44.60541599999999817782736499793827533721923828125,
                        4910.399999999999636202119290828704833984375
                    ],
                    [
                        -71.8787740000000070494934334419667720794677734375,
                        44.605445000000003119566827081143856048583984375,
                        4917
                    ],
                    [
                        -71.878873999999996158294379711151123046875,
                        44.60548000000000001818989403545856475830078125,
                        4929.8000000000001818989403545856475830078125
                    ],
                    [
                        -71.87903199999999515057425014674663543701171875,
                        44.6055520000000029767761589027941226959228515625,
                        4932.100000000000363797880709171295166015625
                    ],
                    [
                        -71.8792020000000064783307607285678386688232421875,
                        44.60559500000000099362296168692409992218017578125,
                        4927.8000000000001818989403545856475830078125
                    ],
                    [
                        -71.879288000000002512024366296827793121337890625,
                        44.605648000000002184606273658573627471923828125,
                        4919
                    ],
                    [
                        -71.8793529999999947222022456116974353790283203125,
                        44.605693999999999732608557678759098052978515625,
                        4912.6999999999998181010596454143524169921875
                    ],
                    [
                        -71.879446000000001504304236732423305511474609375,
                        44.60571900000000056252247304655611515045166015625,
                        4919
                    ],
                    [
                        -71.879728999999997540726326406002044677734375,
                        44.60578000000000287172952084802091121673583984375,
                        4929.8000000000001818989403545856475830078125
                    ],
                    [
                        -71.879921999999993431629263795912265777587890625,
                        44.60601700000000136014932650141417980194091796875,
                        4917
                    ],
                    [
                        -71.8799810000000007903508958406746387481689453125,
                        44.606121999999999161445884965360164642333984375,
                        4904.1999999999998181010596454143524169921875
                    ],
                    [
                        -71.8800700000000034606273402459919452667236328125,
                        44.60624700000000331101546180434525012969970703125,
                        4882.5
                    ],
                    [
                        -71.8801610000000010813892004080116748809814453125,
                        44.6063860000000005356923793442547321319580078125,
                        4856.600000000000363797880709171295166015625
                    ],
                    [
                        -71.880257999999997764462023042142391204833984375,
                        44.6065219999999982292138156481087207794189453125,
                        4822.1999999999998181010596454143524169921875
                    ],
                    [
                        -71.8802869999999956007741275243461132049560546875,
                        44.6065889999999996007318259216845035552978515625,
                        4813.600000000000363797880709171295166015625
                    ],
                    [
                        -71.88033699999999726060195825994014739990234375,
                        44.606729999999998881321516819298267364501953125,
                        4761.8000000000001818989403545856475830078125
                    ],
                    [
                        -71.8803529999999994970494299195706844329833984375,
                        44.6068149999999974397724145092070102691650390625,
                        4753.3000000000001818989403545856475830078125
                    ],
                    [
                        -71.880482000000000653017195872962474822998046875,
                        44.6069590000000033569449442438781261444091796875,
                        4759.8000000000001818989403545856475830078125
                    ],
                    [
                        -71.8806229999999999336068867705762386322021484375,
                        44.6071409999999985984686645679175853729248046875,
                        4738.1999999999998181010596454143524169921875
                    ],
                    [
                        -71.8806560000000018817445379681885242462158203125,
                        44.60732900000000000773070496506989002227783203125,
                        4701.8000000000001818989403545856475830078125
                    ],
                    [
                        -71.8806239999999974088495946489274501800537109375,
                        44.60754200000000224690666073001921176910400390625,
                        4630.600000000000363797880709171295166015625
                    ],
                    [
                        -71.880596999999994523022905923426151275634765625,
                        44.60768300000000152749635162763297557830810546875,
                        4611.1999999999998181010596454143524169921875
                    ],
                    [
                        -71.8806000000000011596057447604835033416748046875,
                        44.6077700000000021418600226752460002899169921875,
                        4585.3000000000001818989403545856475830078125
                    ],
                    [
                        -71.8806249999999948840923025272786617279052734375,
                        44.6079059999999998353814589790999889373779296875,
                        4561.6999999999998181010596454143524169921875
                    ],
                    [
                        -71.8806459999999987076080287806689739227294921875,
                        44.60801500000000174850356415845453739166259765625,
                        4542.3000000000001818989403545856475830078125
                    ],
                    [
                        -71.8806809999999956062310957349836826324462890625,
                        44.60806500000000340833139489404857158660888671875,
                        4542.3000000000001818989403545856475830078125
                    ],
                    [
                        -71.880843999999996185579220764338970184326171875,
                        44.60813999999999879264578339643776416778564453125,
                        4538.100000000000363797880709171295166015625
                    ],
                    [
                        -71.880885000000006357367965392768383026123046875,
                        44.6082650000000029422153602354228496551513671875,
                        4516.399999999999636202119290828704833984375
                    ],
                    [
                        -71.8808999999999969077180139720439910888671875,
                        44.6083449999999999135980033315718173980712890625,
                        4499.3000000000001818989403545856475830078125
                    ],
                    [
                        -71.88091900000000578074832446873188018798828125,
                        44.60840900000000175396053236909210681915283203125,
                        4484.3000000000001818989403545856475830078125
                    ],
                    [
                        -71.880976000000003978129825554788112640380859375,
                        44.6084900000000033060132409445941448211669921875,
                        4482
                    ],
                    [
                        -71.8809729999999973415469867177307605743408203125,
                        44.60862399999999894362190389074385166168212890625,
                        4423.899999999999636202119290828704833984375
                    ],
                    [
                        -71.88096699999999827923602424561977386474609375,
                        44.60869600000000190220816875807940959930419921875,
                        4393.6999999999998181010596454143524169921875
                    ],
                    [
                        -71.88092399999999315696186386048793792724609375,
                        44.6087729999999993424353306181728839874267578125,
                        4378.600000000000363797880709171295166015625
                    ],
                    [
                        -71.88080700000000433647073805332183837890625,
                        44.60887100000000060617821873165667057037353515625,
                        4361.5
                    ],
                    [
                        -71.880707000000001016815076582133769989013671875,
                        44.60893999999999692818164476193487644195556640625,
                        4376.600000000000363797880709171295166015625
                    ],
                    [
                        -71.880707000000001016815076582133769989013671875,
                        44.60893999999999692818164476193487644195556640625,
                        4376.600000000000363797880709171295166015625
                    ],
                    [
                        -71.8806589999999943074726616032421588897705078125,
                        44.60897299999999887631929595954716205596923828125,
                        4376.600000000000363797880709171295166015625
                    ],
                    [
                        -71.8805660000000017362253856845200061798095703125,
                        44.60907999999999873352862778119742870330810546875,
                        4404.5
                    ],
                    [
                        -71.88051699999999755164026282727718353271484375,
                        44.6092000000000012960299500264227390289306640625,
                        4413.100000000000363797880709171295166015625
                    ],
                    [
                        -71.880438999999995530743035487830638885498046875,
                        44.60931599999999974670572555623948574066162109375,
                        4404.5
                    ],
                    [
                        -71.8804310000000015179466572590172290802001953125,
                        44.6094039999999978363121044822037220001220703125,
                        4396
                    ],
                    [
                        -71.8803999999999945202944218181073665618896484375,
                        44.6095499999999987039700499735772609710693359375,
                        4370.100000000000363797880709171295166015625
                    ],
                    [
                        -71.8803520000000020218067220412194728851318359375,
                        44.609690000000000509317032992839813232421875,
                        4342.1999999999998181010596454143524169921875
                    ],
                    [
                        -71.88024699999999711508280597627162933349609375,
                        44.60983300000000184581949724815785884857177734375,
                        4309.6999999999998181010596454143524169921875
                    ],
                    [
                        -71.880144999999998844941728748381137847900390625,
                        44.60993500000000011596057447604835033416748046875,
                        4284.100000000000363797880709171295166015625
                    ],
                    [
                        -71.8800020000000046138666220940649509429931640625,
                        44.610017999999996618498698808252811431884765625,
                        4271
                    ],
                    [
                        -71.8798139999999960991772240959107875823974609375,
                        44.61008000000000350837581208907067775726318359375,
                        4288.399999999999636202119290828704833984375
                    ],
                    [
                        -71.87965800000000626823748461902141571044921875,
                        44.61016300000000001091393642127513885498046875,
                        4316.3000000000001818989403545856475830078125
                    ],
                    [
                        -71.879559000000000423824531026184558868408203125,
                        44.61022799999999932651917333714663982391357421875,
                        4320.5
                    ],
                    [
                        -71.87943599999999833016772754490375518798828125,
                        44.61029800000000022919266484677791595458984375,
                        4314.3000000000001818989403545856475830078125
                    ],
                    [
                        -71.8793399999999991223376127891242504119873046875,
                        44.6103600000000000136424205265939235687255859375,
                        4303.5
                    ],
                    [
                        -71.8792179999999945039235171861946582794189453125,
                        44.61040899999999709280018578283488750457763671875,
                        4299.1999999999998181010596454143524169921875
                    ],
                    [
                        -71.8790719999999936362655716948211193084716796875,
                        44.6103590000000025383997126482427120208740234375,
                        4307.6999999999998181010596454143524169921875
                    ],
                    [
                        -71.8789660000000054651536629535257816314697265625,
                        44.61041800000000279169398709200322628021240234375,
                        4318.600000000000363797880709171295166015625
                    ],
                    [
                        -71.878794999999996662154444493353366851806640625,
                        44.61044600000000315276338369585573673248291015625,
                        4339.899999999999636202119290828704833984375
                    ],
                    [
                        -71.87858199999999442297848872840404510498046875,
                        44.610467999999997346094460226595401763916015625,
                        4368.100000000000363797880709171295166015625
                    ],
                    [
                        -71.8784140000000064674168243072926998138427734375,
                        44.61045800000000127738530864007771015167236328125,
                        4380.899999999999636202119290828704833984375
                    ],
                    [
                        -71.878240000000005238689482212066650390625,
                        44.610489999999998644852894358336925506591796875,
                        4380.899999999999636202119290828704833984375
                    ],
                    [
                        -71.878072000000003072273102588951587677001953125,
                        44.61052699999999759938873467035591602325439453125,
                        4380.899999999999636202119290828704833984375
                    ],
                    [
                        -71.877848000000000183717929758131504058837890625,
                        44.61056700000000319050741381943225860595703125,
                        4372.399999999999636202119290828704833984375
                    ],
                    [
                        -71.8775749999999931105776340700685977935791015625,
                        44.61061600000000026966517907567322254180908203125,
                        4389.399999999999636202119290828704833984375
                    ],
                    [
                        -71.87749999999999772626324556767940521240234375,
                        44.6105629999999990786818671040236949920654296875,
                        4398.3000000000001818989403545856475830078125
                    ],
                    [
                        -71.8773220000000065965650719590485095977783203125,
                        44.61050399999999882538759266026318073272705078125,
                        4417.6999999999998181010596454143524169921875
                    ],
                    [
                        -71.8771569999999968558768159709870815277099609375,
                        44.6104619999999982837834977544844150543212890625,
                        4430.399999999999636202119290828704833984375
                    ],
                    [
                        -71.87704800000000204818206839263439178466796875,
                        44.6103930000000019617800717242062091827392578125,
                        4428.100000000000363797880709171295166015625
                    ],
                    [
                        -71.876947999999998728526406921446323394775390625,
                        44.610422999999997273334884084761142730712890625,
                        4432.399999999999636202119290828704833984375
                    ],
                    [
                        -71.87682300000000168438418768346309661865234375,
                        44.61048699999999911369741312228143215179443359375,
                        4449.8000000000001818989403545856475830078125
                    ],
                    [
                        -71.8766810000000049285517889074981212615966796875,
                        44.6104729999999989331627148203551769256591796875,
                        4456.399999999999636202119290828704833984375
                    ],
                    [
                        -71.876564999999999372448655776679515838623046875,
                        44.61042900000000344107320415787398815155029296875,
                        4462.600000000000363797880709171295166015625
                    ],
                    [
                        -71.876431999999994104655343107879161834716796875,
                        44.61038700000000289946910925209522247314453125,
                        4456.399999999999636202119290828704833984375
                    ],
                    [
                        -71.8762889999999998735802364535629749298095703125,
                        44.61033599999999665897121303714811801910400390625,
                        4449.8000000000001818989403545856475830078125
                    ],
                    [
                        -71.8762200000000035515768104232847690582275390625,
                        44.61031100000000293448465527035295963287353515625,
                        4443.1999999999998181010596454143524169921875
                    ],
                    [
                        -71.8761420000000015306795830838382244110107421875,
                        44.61033599999999665897121303714811801910400390625,
                        4447.5
                    ],
                    [
                        -71.8760160000000070112946559675037860870361328125,
                        44.6103719999999981382643454708158969879150390625,
                        4449.8000000000001818989403545856475830078125
                    ],
                    [
                        -71.875843000000003257810021750628948211669921875,
                        44.61037999999999925648808130063116550445556640625,
                        4460.600000000000363797880709171295166015625
                    ],
                    [
                        -71.8756910000000033278411137871444225311279296875,
                        44.610376000000002250089892186224460601806640625,
                        4480
                    ],
                    [
                        -71.8754789999999985639078659005463123321533203125,
                        44.6103590000000025383997126482427120208740234375,
                        4501.3000000000001818989403545856475830078125
                    ],
                    [
                        -71.875370000000003756213118322193622589111328125,
                        44.61041399999999867986844037659466266632080078125,
                        4533.8000000000001818989403545856475830078125
                    ],
                    [
                        -71.8752669999999937999746180139482021331787109375,
                        44.6104720000000014579200069420039653778076171875,
                        4553.100000000000363797880709171295166015625
                    ],
                    [
                        -71.8751089999999948076947475783526897430419921875,
                        44.61053100000000171121428138576447963714599609375,
                        4564
                    ],
                    [
                        -71.87502000000000634827301837503910064697265625,
                        44.61059999999999803321770741604268550872802734375,
                        4561.6999999999998181010596454143524169921875
                    ],
                    [
                        -71.874830000000002883098204620182514190673828125,
                        44.61067100000000351656126440502703189849853515625,
                        4546.600000000000363797880709171295166015625
                    ],
                    [
                        -71.874716000000006488335202448070049285888671875,
                        44.61067299999999846704668016172945499420166015625,
                        4550.899999999999636202119290828704833984375
                    ],
                    [
                        -71.8745339999999970359567669220268726348876953125,
                        44.61067299999999846704668016172945499420166015625,
                        4559.6999999999998181010596454143524169921875
                    ],
                    [
                        -71.874403000000000929503585211932659149169921875,
                        44.61064300000000315549186780117452144622802734375,
                        4568.1999999999998181010596454143524169921875
                    ],
                    [
                        -71.8741490000000027293936000205576419830322265625,
                        44.6106989999999967722033034078776836395263671875,
                        4570.1999999999998181010596454143524169921875
                    ],
                    [
                        -71.8740609999999975343598634935915470123291015625,
                        44.610760999999996556653059087693691253662109375,
                        4572.5
                    ],
                    [
                        -71.8739929999999986875991453416645526885986328125,
                        44.610849999999999226929503493010997772216796875,
                        4579.100000000000363797880709171295166015625
                    ],
                    [
                        -71.8738579999999984693204169161617755889892578125,
                        44.6109579999999965593815431930124759674072265625,
                        4587.600000000000363797880709171295166015625
                    ],
                    [
                        -71.8737699999999932742866803891956806182861328125,
                        44.61102600000000251156961894594132900238037109375,
                        4609.3000000000001818989403545856475830078125
                    ],
                    [
                        -71.8735549999999960846253088675439357757568359375,
                        44.61110099999999789588400744833052158355712890625,
                        4630.600000000000363797880709171295166015625
                    ],
                    [
                        -71.873369999999994206518749706447124481201171875,
                        44.6111310000000003128661774098873138427734375,
                        4634.8000000000001818989403545856475830078125
                    ],
                    [
                        -71.8732490000000012742020771838724613189697265625,
                        44.61112200000000171939973370172083377838134765625,
                        4652.1999999999998181010596454143524169921875
                    ],
                    [
                        -71.873095000000006393747753463685512542724609375,
                        44.61115300000000161162461154162883758544921875,
                        4663.100000000000363797880709171295166015625
                    ],
                    [
                        -71.8730029999999970868884702213108539581298828125,
                        44.6112269999999995206962921656668186187744140625,
                        4669.3000000000001818989403545856475830078125
                    ],
                    [
                        -71.87290500000000292857293970882892608642578125,
                        44.6113390000000009649738785810768604278564453125,
                        4678.100000000000363797880709171295166015625
                    ],
                    [
                        -71.8727530000000029986040317453444004058837890625,
                        44.61141500000000092995833256281912326812744140625,
                        4695.1999999999998181010596454143524169921875
                    ],
                    [
                        -71.8726570000000037907739169895648956298828125,
                        44.611480999999997720806277357041835784912109375,
                        4699.5
                    ],
                    [
                        -71.8725409999999982346707838587462902069091796875,
                        44.61159500000000122099663713015615940093994140625,
                        4714.600000000000363797880709171295166015625
                    ],
                    [
                        -71.872375000000005229594535194337368011474609375,
                        44.61166399999999754300006316043436527252197265625,
                        4744.8000000000001818989403545856475830078125
                    ],
                    [
                        -71.87222900000000436193658970296382904052734375,
                        44.61171999999999826513885636813938617706298828125,
                        4751.3000000000001818989403545856475830078125
                    ],
                    [
                        -71.8721019999999981564542395062744617462158203125,
                        44.61171399999999920282789389602839946746826171875,
                        4772.600000000000363797880709171295166015625
                    ],
                    [
                        -71.8718649999999996680344338528811931610107421875,
                        44.61173500000000302634362014941871166229248046875,
                        4772.600000000000363797880709171295166015625
                    ],
                    [
                        -71.8716720000000037771314964629709720611572265625,
                        44.6117610000000013315002433955669403076171875,
                        4781.1999999999998181010596454143524169921875
                    ],
                    [
                        -71.87146400000000312502379529178142547607421875,
                        44.61182099999999906003722571767866611480712890625,
                        4779.1999999999998181010596454143524169921875
                    ],
                    [
                        -71.87123800000000528598320670425891876220703125,
                        44.61189900000000108093445305712521076202392578125,
                        4776.899999999999636202119290828704833984375
                    ],
                    [
                        -71.8709549999999950387064018286764621734619140625,
                        44.61196600000000245245246333070099353790283203125,
                        4772.600000000000363797880709171295166015625
                    ],
                    [
                        -71.870733000000001311491359956562519073486328125,
                        44.61182500000000317186277243308722972869873046875,
                        4802.8000000000001818989403545856475830078125
                    ],
                    [
                        -71.87045299999999770079739391803741455078125,
                        44.6119699999999994588506524451076984405517578125,
                        4776.899999999999636202119290828704833984375
                    ],
                    [
                        -71.87034099999999625651980750262737274169921875,
                        44.61201299999999747569745522923767566680908203125,
                        4781.1999999999998181010596454143524169921875
                    ],
                    [
                        -71.870148000000000365616870112717151641845703125,
                        44.6120719999999977289917296729981899261474609375,
                        4792
                    ],
                    [
                        -71.8700500000000062073013396002352237701416015625,
                        44.612065000000001191438059322535991668701171875,
                        4798.600000000000363797880709171295166015625
                    ],
                    [
                        -71.8699040000000053396433941088616847991943359375,
                        44.61213099999999798228600411675870418548583984375,
                        4796.3000000000001818989403545856475830078125
                    ],
                    [
                        -71.869832000000002381057129241526126861572265625,
                        44.61225300000000260070009971968829631805419921875,
                        4783.5
                    ],
                    [
                        -71.8697810000000032459865906275808811187744140625,
                        44.6124200000000001864464138634502887725830078125,
                        4796.3000000000001818989403545856475830078125
                    ],
                    [
                        -71.8697149999999993497112882323563098907470703125,
                        44.612572000000000116415321826934814453125,
                        4800.899999999999636202119290828704833984375
                    ],
                    [
                        -71.8696269999999941546775517053902149200439453125,
                        44.612651999999997087797964923083782196044921875,
                        4802.8000000000001818989403545856475830078125
                    ],
                    [
                        -71.8695129999999977599145495332777500152587890625,
                        44.61272100000000051522874855436384677886962890625,
                        4805.100000000000363797880709171295166015625
                    ],
                    [
                        -71.8694430000000039626684156246483325958251953125,
                        44.61277100000000217505657928995788097381591796875,
                        4813.600000000000363797880709171295166015625
                    ],
                    [
                        -71.869383999999996603946783579885959625244140625,
                        44.61279900000000253612597589381039142608642578125,
                        4800.899999999999636202119290828704833984375
                    ],
                    [
                        -71.8693659999999994170138961635529994964599609375,
                        44.61287300000000044519765651784837245941162109375,
                        4792
                    ],
                    [
                        -71.8693530000000038171492633409798145294189453125,
                        44.61296899999999965302777127362787723541259765625,
                        4776.899999999999636202119290828704833984375
                    ],
                    [
                        -71.8693659999999994170138961635529994964599609375,
                        44.61304499999999961801222525537014007568359375,
                        4783.5
                    ],
                    [
                        -71.869247000000001435182639397680759429931640625,
                        44.61321600000000131558408611454069614410400390625,
                        4805.100000000000363797880709171295166015625
                    ],
                    [
                        -71.86908099999999421925167553126811981201171875,
                        44.61345800000000139107214636169373989105224609375,
                        4824.5
                    ],
                    [
                        -71.86903399999999919600668363273143768310546875,
                        44.613596000000001140506356023252010345458984375,
                        4826.399999999999636202119290828704833984375
                    ],
                    [
                        -71.8689260000000018635546439327299594879150390625,
                        44.61372800000000182762960321269929409027099609375,
                        4833
                    ],
                    [
                        -71.868798999999995658072293736040592193603515625,
                        44.61384699999999980946085997857153415679931640625,
                        4841.5
                    ],
                    [
                        -71.8687010000000014997567632235586643218994140625,
                        44.6139280000000013615135685540735721588134765625,
                        4850.100000000000363797880709171295166015625
                    ],
                    [
                        -71.868616000000002941305865533649921417236328125,
                        44.6140309999999971068973536603152751922607421875,
                        4845.8000000000001818989403545856475830078125
                    ],
                    [
                        -71.8685619999999971696524880826473236083984375,
                        44.61411799999999772126102470792829990386962890625,
                        4843.8000000000001818989403545856475830078125
                    ],
                    [
                        -71.8685430000000025074768927879631519317626953125,
                        44.61421200000000197860572370700538158416748046875,
                        4843.8000000000001818989403545856475830078125
                    ],
                    [
                        -71.8684400000000067620931076817214488983154296875,
                        44.61433000000000248519427259452641010284423828125,
                        4856.600000000000363797880709171295166015625
                    ],
                    [
                        -71.8682519999999982474037096835672855377197265625,
                        44.61446099999999859164745430462062358856201171875,
                        4878.3000000000001818989403545856475830078125
                    ],
                    [
                        -71.8680279999999953588485368527472019195556640625,
                        44.61456100000000191130311577580869197845458984375,
                        4891.100000000000363797880709171295166015625
                    ],
                    [
                        -71.8678850000000011277734301984310150146484375,
                        44.61462900000000075806383392773568630218505859375,
                        4908.5
                    ],
                    [
                        -71.8677239999999954989107209257781505584716796875,
                        44.614700999999996611222741194069385528564453125,
                        4919
                    ],
                    [
                        -71.86754999999999427018337883055210113525390625,
                        44.61473199999999650344761903397738933563232421875,
                        4934.100000000000363797880709171295166015625
                    ],
                    [
                        -71.86741299999999910141923464834690093994140625,
                        44.61476900000000256341081694699823856353759765625,
                        4942.899999999999636202119290828704833984375
                    ],
                    [
                        -71.8672169999999965739334584213793277740478515625,
                        44.61486599999999924648363958112895488739013671875,
                        4947.1999999999998181010596454143524169921875
                    ],
                    [
                        -71.867063000000001693479134701192378997802734375,
                        44.614947999999998273779056034982204437255859375,
                        4960
                    ],
                    [
                        -71.866950000000002773958840407431125640869140625,
                        44.61499400000000292720869765616953372955322265625,
                        4968.5
                    ],
                    [
                        -71.86678499999999303327058441936969757080078125,
                        44.61503900000000299996827379800379276275634765625,
                        4987.899999999999636202119290828704833984375
                    ],
                    [
                        -71.86669100000000298678060062229633331298828125,
                        44.61506899999999831152308615855872631072998046875,
                        4996.6999999999998181010596454143524169921875
                    ],
                    [
                        -71.866635999999999739884515292942523956298828125,
                        44.61513500000000220779838855378329753875732421875,
                        5005.1999999999998181010596454143524169921875
                    ],
                    [
                        -71.866837000000003854438546113669872283935546875,
                        44.61525999999999925194060779176652431488037109375,
                        4990.1999999999998181010596454143524169921875
                    ],
                    [
                        -71.866905000000002701199264265596866607666015625,
                        44.61535599999999845977072254754602909088134765625,
                        4985.899999999999636202119290828704833984375
                    ],
                    [
                        -71.8670319999999946958268992602825164794921875,
                        44.61546799999999990404830896295607089996337890625,
                        4985.899999999999636202119290828704833984375
                    ],
                    [
                        -71.867155999999994264726410619914531707763671875,
                        44.61555800000000004956746124662458896636962890625,
                        4979.3000000000001818989403545856475830078125
                    ],
                    [
                        -71.8673189999999948440745356492698192596435546875,
                        44.6155609999999995807229424826800823211669921875,
                        4985.899999999999636202119290828704833984375
                    ],
                    [
                        -71.86745899999999664942151866853237152099609375,
                        44.61549099999999867804945097304880619049072265625,
                        4983.600000000000363797880709171295166015625
                    ],
                    [
                        -71.8676789999999954261511447839438915252685546875,
                        44.615443999999996549377101473510265350341796875,
                        4977.399999999999636202119290828704833984375
                    ],
                    [
                        -71.8678340000000019927028915844857692718505859375,
                        44.6154379999999974870661390013992786407470703125,
                        4979.3000000000001818989403545856475830078125
                    ],
                    [
                        -71.8680350000000061072569224052131175994873046875,
                        44.61545199999999766760083730332553386688232421875,
                        4966.5
                    ],
                    [
                        -71.8682019999999965875758789479732513427734375,
                        44.6154489999999981364453560672700405120849609375,
                        4951.399999999999636202119290828704833984375
                    ],
                    [
                        -71.8684219999999953643055050633847713470458984375,
                        44.615420000000000300133251585066318511962890625,
                        4942.899999999999636202119290828704833984375
                    ],
                    [
                        -71.8686029999999931305865175090730190277099609375,
                        44.61545000000000271711542154662311077117919921875,
                        4932.100000000000363797880709171295166015625
                    ],
                    [
                        -71.8687560000000047466528485529124736785888671875,
                        44.61552199999999857027432881295680999755859375,
                        4932.100000000000363797880709171295166015625
                    ],
                    [
                        -71.868953000000004749381332658231258392333984375,
                        44.6155949999999990041033015586435794830322265625,
                        4936.399999999999636202119290828704833984375
                    ],
                    [
                        -71.869157000000001289663487114012241363525390625,
                        44.61563600000000207046468858607113361358642578125,
                        4925.5
                    ],
                    [
                        -71.8694239999999950896381051279604434967041015625,
                        44.6155959999999964793460094369947910308837890625,
                        4923.600000000000363797880709171295166015625
                    ],
                    [
                        -71.86943700000000490035745315253734588623046875,
                        44.6155889999999999417923390865325927734375,
                        4923.600000000000363797880709171295166015625
                    ],
                    [
                        -71.86943700000000490035745315253734588623046875,
                        44.6155889999999999417923390865325927734375,
                        4923.600000000000363797880709171295166015625
                    ],
                    [
                        -71.869560000000006994014256633818149566650390625,
                        44.61552499999999810142981004901230335235595703125,
                        4895.3000000000001818989403545856475830078125
                    ],
                    [
                        -71.86971099999999523788574151694774627685546875,
                        44.61547600000000102227204479277133941650390625,
                        4884.5
                    ],
                    [
                        -71.8700390000000055579221225343644618988037109375,
                        44.61547399999999896635927143506705760955810546875,
                        4871.6999999999998181010596454143524169921875
                    ],
                    [
                        -71.870239999999995461621438153088092803955078125,
                        44.61549500000000278987499768845736980438232421875,
                        4865.1999999999998181010596454143524169921875
                    ],
                    [
                        -71.870440999999999576175468973815441131591796875,
                        44.61549899999999979627318680286407470703125,
                        4852.399999999999636202119290828704833984375
                    ],
                    [
                        -71.870664000000004989487933926284313201904296875,
                        44.61547900000000055342752602882683277130126953125,
                        4843.8000000000001818989403545856475830078125
                    ],
                    [
                        -71.870991000000003623426891863346099853515625,
                        44.615465000000000372892827726900577545166015625,
                        4833
                    ],
                    [
                        -71.8712670000000031222953111864626407623291015625,
                        44.6154999999999972715158946812152862548828125,
                        4828.6999999999998181010596454143524169921875
                    ],
                    [
                        -71.8715710000000029822331271134316921234130859375,
                        44.615634000000000014551915228366851806640625,
                        4835.3000000000001818989403545856475830078125
                    ],
                    [
                        -71.8718429999999983692759997211396694183349609375,
                        44.6157529999999979963831719942390918731689453125,
                        4841.5
                    ],
                    [
                        -71.8720459999999974343154462985694408416748046875,
                        44.61583799999999655483406968414783477783203125,
                        4848.100000000000363797880709171295166015625
                    ],
                    [
                        -71.8722139999999996007318259216845035552978515625,
                        44.61590799999999745750756119377911090850830078125,
                        4858.899999999999636202119290828704833984375
                    ],
                    [
                        -71.8723600000000004683897714130580425262451171875,
                        44.61595200000000005502442945726215839385986328125,
                        4867.5
                    ],
                    [
                        -71.872534000000001697117113508284091949462890625,
                        44.6159990000000021836967789568006992340087890625,
                        4867.5
                    ],
                    [
                        -71.8727020000000038635334931313991546630859375,
                        44.61603699999999861347532714717090129852294921875,
                        4867.5
                    ],
                    [
                        -71.87290600000000040381564758718013763427734375,
                        44.6160789999999991550794220529496669769287109375,
                        4871.6999999999998181010596454143524169921875
                    ],
                    [
                        -71.873075000000000045474735088646411895751953125,
                        44.61610900000000157206159201450645923614501953125,
                        4880.1999999999998181010596454143524169921875
                    ],
                    [
                        -71.873288000000002284650690853595733642578125,
                        44.61615299999999706415110267698764801025390625,
                        4889.100000000000363797880709171295166015625
                    ],
                    [
                        -71.8733809999999948558979667723178863525390625,
                        44.61619600000000218642526306211948394775390625,
                        4895.3000000000001818989403545856475830078125
                    ],
                    [
                        -71.8734759999999965884853736497461795806884765625,
                        44.6163039999999995188773027621209621429443359375,
                        4904.1999999999998181010596454143524169921875
                    ],
                    [
                        -71.8735960000000062564140534959733486175537109375,
                        44.61642599999999703186404076404869556427001953125,
                        4921.3000000000001818989403545856475830078125
                    ],
                    [
                        -71.8737349999999963756636134348809719085693359375,
                        44.61655400000000071258909883908927440643310546875,
                        4932.100000000000363797880709171295166015625
                    ],
                    [
                        -71.8740049999999968122210702858865261077880859375,
                        44.616703000000001111402525566518306732177734375,
                        4934.100000000000363797880709171295166015625
                    ],
                    [
                        -71.8741600000000033787728170864284038543701171875,
                        44.61678500000000013869794202037155628204345703125,
                        4934.100000000000363797880709171295166015625
                    ],
                    [
                        -71.8743709999999964566086418926715850830078125,
                        44.61689299999999747114998172037303447723388671875,
                        4942.899999999999636202119290828704833984375
                    ],
                    [
                        -71.8746129999999965320967021398246288299560546875,
                        44.6170240000000006830305210314691066741943359375,
                        4953.399999999999636202119290828704833984375
                    ],
                    [
                        -71.8748360000000019454091670922935009002685546875,
                        44.61712399999999689725882490165531635284423828125,
                        4968.5
                    ],
                    [
                        -71.8749159999999989167918101884424686431884765625,
                        44.61708200000000346108208759687840938568115234375,
                        4955.6999999999998181010596454143524169921875
                    ],
                    [
                        -71.8760500000000064346750150434672832489013671875,
                        44.61664600000000291402102448046207427978515625,
                        4908.5
                    ],
                    [
                        -71.876362999999997782651917077600955963134765625,
                        44.6165390000000030568116926588118076324462890625,
                        4912.6999999999998181010596454143524169921875
                    ],
                    [
                        -71.8766710000000017544152797199785709381103515625,
                        44.61642299999999750070855952799320220947265625,
                        4904.1999999999998181010596454143524169921875
                    ],
                    [
                        -71.8766619999999960555214784108102321624755859375,
                        44.616624000000001615262590348720550537109375,
                        4962.3000000000001818989403545856475830078125
                    ],
                    [
                        -71.8769630000000034897311707027256488800048828125,
                        44.61668499999999681904228054918348789215087890625,
                        4983.600000000000363797880709171295166015625
                    ],
                    [
                        -71.8773599999999959209162625484168529510498046875,
                        44.61687599999999775945980218239128589630126953125,
                        4994.399999999999636202119290828704833984375
                    ],
                    [
                        -71.8776600000000058798832469619810581207275390625,
                        44.61725799999999964029484544880688190460205078125,
                        5035.399999999999636202119290828704833984375
                    ],
                    [
                        -71.878120999999993046003510244190692901611328125,
                        44.617434000000002924934960901737213134765625,
                        5041.6999999999998181010596454143524169921875
                    ],
                    [
                        -71.87817499999999881765688769519329071044921875,
                        44.61751000000000288991941488347947597503662109375,
                        5050.5
                    ],
                    [
                        -71.8777029999999967913026921451091766357421875,
                        44.61750200000000177169567905366420745849609375,
                        5102
                    ],
                    [
                        -71.8776380000000045811248128302395343780517578125,
                        44.61755600000000043792169890366494655609130859375,
                        5112.899999999999636202119290828704833984375
                    ],
                    [
                        -71.8782389999999935525920591317117214202880859375,
                        44.61781599999999770034264656715095043182373046875,
                        5125.6999999999998181010596454143524169921875
                    ],
                    [
                        -71.878163999999998168277670629322528839111328125,
                        44.61793800000000231875674217008054256439208984375,
                        5140.6999999999998181010596454143524169921875
                    ],
                    [
                        -71.8779710000000022773747332394123077392578125,
                        44.6180370000000010577423381619155406951904296875,
                        5153.899999999999636202119290828704833984375
                    ],
                    [
                        -71.87799300000000357613316737115383148193359375,
                        44.61817400000000333193383994512259960174560546875,
                        5170.899999999999636202119290828704833984375
                    ],
                    [
                        -71.878207000000003290551831014454364776611328125,
                        44.61822000000000087993612396530807018280029296875,
                        5179.5
                    ],
                    [
                        -71.87821800000000393993104808032512664794921875,
                        44.61831200000000308136804960668087005615234375,
                        5188.3000000000001818989403545856475830078125
                    ],
                    [
                        -71.877916999999996505721355788409709930419921875,
                        44.6185100000000005593392415903508663177490234375,
                        5218.5
                    ],
                    [
                        -71.8773269999999939727786113508045673370361328125,
                        44.6185559999999981073415256105363368988037109375,
                        5233.3000000000001818989403545856475830078125
                    ],
                    [
                        -71.877284000000003061359166167676448822021484375,
                        44.6186330000000026529960450716316699981689453125,
                        5237.899999999999636202119290828704833984375
                    ],
                    [
                        -71.87749900000000025102053768932819366455078125,
                        44.619044999999999845385900698602199554443359375,
                        5252.600000000000363797880709171295166015625
                    ],
                    [
                        -71.8776170000000007576090865768492221832275390625,
                        44.61909899999999851161192054860293865203857421875,
                        5254.899999999999636202119290828704833984375
                    ],
                    [
                        -71.8780349999999970123099046759307384490966796875,
                        44.6191519999999997025952325202524662017822265625,
                        5297.899999999999636202119290828704833984375
                    ],
                    [
                        -71.8782709999999980254870024509727954864501953125,
                        44.61916699999999735837263870052993297576904296875,
                        5313
                    ],
                    [
                        -71.8782609999999948513504932634532451629638671875,
                        44.6194119999999969650161801837384700775146484375,
                        5338.899999999999636202119290828704833984375
                    ],
                    [
                        -71.878142999999994344761944375932216644287109375,
                        44.6195570000000003574314177967607975006103515625,
                        5354
                    ],
                    [
                        -71.8779279999999971551005728542804718017578125,
                        44.6199160000000034642653190530836582183837890625,
                        5373.399999999999636202119290828704833984375
                    ],
                    [
                        -71.8776170000000007576090865768492221832275390625,
                        44.619945999999998775820131413638591766357421875,
                        5334.600000000000363797880709171295166015625
                    ],
                    [
                        -71.8774130000000042173269321210682392120361328125,
                        44.61989299999999758483681944198906421661376953125,
                        5306.8000000000001818989403545856475830078125
                    ],
                    [
                        -71.8772919999999970741555443964898586273193359375,
                        44.6198849999999964666130836121737957000732421875,
                        5291.6999999999998181010596454143524169921875
                    ],
                    [
                        -71.8772919999999970741555443964898586273193359375,
                        44.6198849999999964666130836121737957000732421875,
                        5291.6999999999998181010596454143524169921875
                    ],
                    [
                        -71.877059000000002697561285458505153656005859375,
                        44.61986999999999881083567743189632892608642578125,
                        5265.6999999999998181010596454143524169921875
                    ],
                    [
                        -71.87686600000000680665834806859493255615234375,
                        44.619832000000002381057129241526126861572265625,
                        5265.6999999999998181010596454143524169921875
                    ],
                    [
                        -71.8767160000000018271748558618128299713134765625,
                        44.6198619999999976926119416020810604095458984375,
                        5291.6999999999998181010596454143524169921875
                    ],
                    [
                        -71.8767050000000011777956387959420680999755859375,
                        44.6199840000000023110260372050106525421142578125,
                        5306.8000000000001818989403545856475830078125
                    ],
                    [
                        -71.877081000000003996319719590246677398681640625,
                        44.62087799999999759847923996858298778533935546875,
                        5323.8000000000001818989403545856475830078125
                    ],
                    [
                        -71.876855000000006157279131002724170684814453125,
                        44.62144299999999930150806903839111328125,
                        5373.399999999999636202119290828704833984375
                    ],
                    [
                        -71.8766619999999960555214784108102321624755859375,
                        44.62179400000000129011823446489870548248291015625,
                        5369.100000000000363797880709171295166015625
                    ],
                    [
                        -71.875846999999993158780853264033794403076171875,
                        44.62200800000000100453689810819923877716064453125,
                        5343.1999999999998181010596454143524169921875
                    ],
                    [
                        -71.87581000000000130967237055301666259765625,
                        44.62225600000000014233592082746326923370361328125,
                        5360.600000000000363797880709171295166015625
                    ],
                    [
                        -71.8757590000000021746018319390714168548583984375,
                        44.62220400000000353202267433516681194305419921875,
                        5358.3000000000001818989403545856475830078125
                    ],
                    [
                        -71.8757590000000021746018319390714168548583984375,
                        44.62217199999999905912773101590573787689208984375,
                        5356
                    ],
                    [
                        -71.875754000000000587533577345311641693115234375,
                        44.6220909999999975070750224404036998748779296875,
                        5354
                    ],
                    [
                        -71.8757849999999933743310975842177867889404296875,
                        44.622039000000000896761775948107242584228515625,
                        5354
                    ],
                    [
                        -71.8757609999999971250872476957738399505615234375,
                        44.6220009999999973615558701567351818084716796875,
                        5354
                    ],
                    [
                        -71.87569999999999481588019989430904388427734375,
                        44.62196099999999887586454860866069793701171875,
                        5369.100000000000363797880709171295166015625
                    ],
                    [
                        -71.87560600000000476939021609723567962646484375,
                        44.6219660000000004629328032024204730987548828125,
                        5381.899999999999636202119290828704833984375
                    ],
                    [
                        -71.8754760000000061381797422654926776885986328125,
                        44.622039000000000896761775948107242584228515625,
                        5407.8000000000001818989403545856475830078125
                    ],
                    [
                        -71.8753109999999963974914862774312496185302734375,
                        44.621972999999997000486473552882671356201171875,
                        5416.3000000000001818989403545856475830078125
                    ],
                    [
                        -71.875260999999994737663655541837215423583984375,
                        44.62191700000000338377503794617950916290283203125,
                        5424.899999999999636202119290828704833984375
                    ],
                    [
                        -71.875236000000001013177097775042057037353515625,
                        44.62185199999999696274244342930614948272705078125,
                        5424.899999999999636202119290828704833984375
                    ],
                    [
                        -71.8752630000000038990037865005433559417724609375,
                        44.62173599999999851206666789948940277099609375,
                        5427.1999999999998181010596454143524169921875
                    ],
                    [
                        -71.875169999999997116901795379817485809326171875,
                        44.62167699999999825877239345572888851165771484375,
                        5435.6999999999998181010596454143524169921875
                    ],
                    [
                        -71.875100000000003319655661471188068389892578125,
                        44.62156999999999840156306163407862186431884765625,
                        5435.6999999999998181010596454143524169921875
                    ],
                    [
                        -71.875033999999999423380359075963497161865234375,
                        44.62151099999999814826878719031810760498046875,
                        5442.3000000000001818989403545856475830078125
                    ],
                    [
                        -71.8749559999999974024831317365169525146484375,
                        44.6214269999999970650605973787605762481689453125,
                        5435.6999999999998181010596454143524169921875
                    ],
                    [
                        -71.87488700000000108047970570623874664306640625,
                        44.62134300000000308727976516820490360260009765625,
                        5431.399999999999636202119290828704833984375
                    ],
                    [
                        -71.8748230000000063455445342697203159332275390625,
                        44.62128599999999778447090648114681243896484375,
                        5433.6999999999998181010596454143524169921875
                    ],
                    [
                        -71.8748029999999999972715158946812152862548828125,
                        44.6211899999999985766407917253673076629638671875,
                        5427.1999999999998181010596454143524169921875
                    ],
                    [
                        -71.8747379999999935762389213778078556060791015625,
                        44.62109000000000236241248785518109798431396484375,
                        5429.5
                    ],
                    [
                        -71.8747479999999967503754305653274059295654296875,
                        44.6211720000000013897079043090343475341796875,
                        5433.6999999999998181010596454143524169921875
                    ],
                    [
                        -71.874831999999997833583620376884937286376953125,
                        44.62133800000000150021151057444512844085693359375,
                        5435.6999999999998181010596454143524169921875
                    ],
                    [
                        -71.8748609999999956698957248590886592864990234375,
                        44.6214360000000027639543986879289150238037109375,
                        5442.3000000000001818989403545856475830078125
                    ],
                    [
                        -71.8748700000000013687895261682569980621337890625,
                        44.62154000000000309000824927352368831634521484375,
                        5455.100000000000363797880709171295166015625
                    ],
                    [
                        -71.874875000000002955857780762016773223876953125,
                        44.621633000000002766682882793247699737548828125,
                        5459.3000000000001818989403545856475830078125
                    ],
                    [
                        -71.87484200000000100772012956440448760986328125,
                        44.62164700000000294721758109517395496368408203125,
                        5459.3000000000001818989403545856475830078125
                    ],
                    [
                        -71.8747919999999993478922988288104534149169921875,
                        44.62164200000000136014932650141417980194091796875,
                        5459.3000000000001818989403545856475830078125
                    ],
                    [
                        -71.87470700000000078944140113890171051025390625,
                        44.62163199999999818601281731389462947845458984375,
                        5463.899999999999636202119290828704833984375
                    ],
                    [
                        -71.8745880000000028076101443730294704437255859375,
                        44.6216050000000024056134861893951892852783203125,
                        5470.100000000000363797880709171295166015625
                    ],
                    [
                        -71.8744870000000020127117750234901905059814453125,
                        44.6215389999999985093381837941706180572509765625,
                        5468.1999999999998181010596454143524169921875
                    ],
                    [
                        -71.8743089999999966721588862128555774688720703125,
                        44.62148599999999731835487182252109050750732421875,
                        5468.1999999999998181010596454143524169921875
                    ],
                    [
                        -71.874245000000001937223714776337146759033203125,
                        44.6214149999999989404386724345386028289794921875,
                        5468.1999999999998181010596454143524169921875
                    ],
                    [
                        -71.874131000000005542460712604224681854248046875,
                        44.6213570000000032678144634701311588287353515625,
                        5468.1999999999998181010596454143524169921875
                    ],
                    [
                        -71.8739810000000005629772203974425792694091796875,
                        44.62141199999999940928319119848310947418212890625,
                        5481
                    ],
                    [
                        -71.873861000000005105903255753219127655029296875,
                        44.6214030000000008158167474903166294097900390625,
                        5485.1999999999998181010596454143524169921875
                    ],
                    [
                        -71.873752999999993562596500851213932037353515625,
                        44.62137899999999746114554000087082386016845703125,
                        5496.100000000000363797880709171295166015625
                    ],
                    [
                        -71.873592999999999619831214658915996551513671875,
                        44.62134999999999962483343551866710186004638671875,
                        5502.600000000000363797880709171295166015625
                    ],
                    [
                        -71.87340100000000120417098514735698699951171875,
                        44.621386000000001104126567952334880828857421875,
                        5519.6999999999998181010596454143524169921875
                    ],
                    [
                        -71.8732930000000038717189454473555088043212890625,
                        44.6213699999999988676790962927043437957763671875,
                        5526.1999999999998181010596454143524169921875
                    ],
                    [
                        -71.8732380000000006248228601180016994476318359375,
                        44.6213929999999976416802383027970790863037109375,
                        5537.100000000000363797880709171295166015625
                    ],
                    [
                        -71.8731729999999942037902656011283397674560546875,
                        44.62143400000000070804162533022463321685791015625,
                        5537.100000000000363797880709171295166015625
                    ],
                    [
                        -71.873165999999997666236595250666141510009765625,
                        44.62130599999999702731656725518405437469482421875,
                        5526.1999999999998181010596454143524169921875
                    ],
                    [
                        -71.8731499999999954297891235910356044769287109375,
                        44.62122000000000099362296168692409992218017578125,
                        5526.1999999999998181010596454143524169921875
                    ],
                    [
                        -71.873120999999997593477019108831882476806640625,
                        44.62116300000000279624146060086786746978759765625,
                        5524
                    ],
                    [
                        -71.873005000000006248228601180016994476318359375,
                        44.6211109999999990805008565075695514678955078125,
                        5524
                    ],
                    [
                        -71.87299799999999549982021562755107879638671875,
                        44.6210779999999971323632053099572658538818359375,
                        5519.6999999999998181010596454143524169921875
                    ],
                    [
                        -71.8728990000000038662619772367179393768310546875,
                        44.62102800000000257796273217536509037017822265625,
                        5530.5
                    ],
                    [
                        -71.8728119999999961464709485881030559539794921875,
                        44.62096799999999774399839225225150585174560546875,
                        5532.8000000000001818989403545856475830078125
                    ],
                    [
                        -71.8726779999999934034349280409514904022216796875,
                        44.6208979999999968413249007426202297210693359375,
                        5528.1999999999998181010596454143524169921875
                    ],
                    [
                        -71.87249900000000479849404655396938323974609375,
                        44.62083799999999911278791842050850391387939453125,
                        5545.600000000000363797880709171295166015625
                    ],
                    [
                        -71.8723930000000024165274226106703281402587890625,
                        44.62083100000000257523424807004630565643310546875,
                        5547.600000000000363797880709171295166015625
                    ],
                    [
                        -71.87232199999999693318386562168598175048828125,
                        44.62080900000000127647581393830478191375732421875,
                        5556.399999999999636202119290828704833984375
                    ],
                    [
                        -71.87214000000000169166014529764652252197265625,
                        44.620778000000001384250936098396778106689453125,
                        5575.8000000000001818989403545856475830078125
                    ],
                    [
                        -71.8721010000000006812115316279232501983642578125,
                        44.62074299999999738020051154308021068572998046875,
                        5575.8000000000001818989403545856475830078125
                    ],
                    [
                        -71.8720909999999975070750224404036998748779296875,
                        44.62071399999999954388840706087648868560791015625,
                        5569.1999999999998181010596454143524169921875
                    ],
                    [
                        -71.87209799999999404462869279086589813232421875,
                        44.62065700000000134650690597482025623321533203125,
                        5569.1999999999998181010596454143524169921875
                    ],
                    [
                        -71.8721010000000006812115316279232501983642578125,
                        44.6206040000000001555235940031707286834716796875,
                        5560.6999999999998181010596454143524169921875
                    ],
                    [
                        -71.871928999999994402969605289399623870849609375,
                        44.620486999999997124177752994000911712646484375,
                        5547.600000000000363797880709171295166015625
                    ],
                    [
                        -71.871759999999994761310517787933349609375,
                        44.62043700000000256977727985940873622894287109375,
                        5541.3000000000001818989403545856475830078125
                    ],
                    [
                        -71.8717319999999944002411211840808391571044921875,
                        44.620407999999997628037817776203155517578125,
                        5532.8000000000001818989403545856475830078125
                    ],
                    [
                        -71.87171299999999973806552588939666748046875,
                        44.620361000000002604792825877666473388671875,
                        5532.8000000000001818989403545856475830078125
                    ],
                    [
                        -71.8715150000000022600943339057266712188720703125,
                        44.62030200000000235149855143390595912933349609375,
                        5524
                    ],
                    [
                        -71.8713479999999975689206621609628200531005859375,
                        44.620317999999997482518665492534637451171875,
                        5524
                    ],
                    [
                        -71.8712220000000030495357350446283817291259765625,
                        44.6203220000000015943442122079432010650634765625,
                        5524
                    ],
                    [
                        -71.87110599999999749343260191380977630615234375,
                        44.62036400000000213594830711372196674346923828125,
                        5530.5
                    ],
                    [
                        -71.870981999999997924533090554177761077880859375,
                        44.620327000000003181412466801702976226806640625,
                        5522
                    ],
                    [
                        -71.870847999999995181497070007026195526123046875,
                        44.620328999999998131897882558405399322509765625,
                        5522
                    ],
                    [
                        -71.8707509999999984984242473728954792022705078125,
                        44.62034200000000083718987298198044300079345703125,
                        5519.6999999999998181010596454143524169921875
                    ],
                    [
                        -71.8706339999999954670784063637256622314453125,
                        44.62038799999999838519215700216591358184814453125,
                        5522
                    ],
                    [
                        -71.8704780000000056361386668868362903594970703125,
                        44.62042199999999780857251607812941074371337890625,
                        5524
                    ],
                    [
                        -71.8702980000000053451003623194992542266845703125,
                        44.62043200000000098270902526564896106719970703125,
                        5522
                    ],
                    [
                        -71.870124000000004116373020224273204803466796875,
                        44.62046500000000293084667646326124668121337890625,
                        5522
                    ],
                    [
                        -71.87002599999999574720277450978755950927734375,
                        44.62049900000000235422703553922474384307861328125,
                        5526.1999999999998181010596454143524169921875
                    ],
                    [
                        -71.86995600000000194995664060115814208984375,
                        44.62057800000000185036697075702250003814697265625,
                        5526.1999999999998181010596454143524169921875
                    ],
                    [
                        -71.8697820000000007212292985059320926666259765625,
                        44.62066399999999788406057632528245449066162109375,
                        5500.3000000000001818989403545856475830078125
                    ],
                    [
                        -71.8697300000000041109160520136356353759765625,
                        44.62072500000000019326762412674725055694580078125,
                        5502.600000000000363797880709171295166015625
                    ],
                    [
                        -71.8697159999999968249539961107075214385986328125,
                        44.62074100000000242971509578637778759002685546875,
                        5474.399999999999636202119290828704833984375
                    ],
                    [
                        -71.8697159999999968249539961107075214385986328125,
                        44.62074100000000242971509578637778759002685546875,
                        5474.399999999999636202119290828704833984375
                    ],
                    [
                        -71.8696829999999948768163449130952358245849609375,
                        44.620778000000001384250936098396778106689453125,
                        5481
                    ],
                    [
                        -71.8696570000000036770870792679488658905029296875,
                        44.62087799999999759847923996858298778533935546875,
                        5491.8000000000001818989403545856475830078125
                    ],
                    [
                        -71.869629000000003316017682664096355438232421875,
                        44.62095599999999961937646730802953243255615234375,
                        5487.5
                    ],
                    [
                        -71.869630999999998266503098420798778533935546875,
                        44.6210209999999989349817042239010334014892578125,
                        5506.899999999999636202119290828704833984375
                    ],
                    [
                        -71.869594000000006417394615709781646728515625,
                        44.6210880000000003064997144974768161773681640625,
                        5528.1999999999998181010596454143524169921875
                    ],
                    [
                        -71.8695479999999946585376164875924587249755859375,
                        44.6211780000000004520188667811453342437744140625,
                        5526.1999999999998181010596454143524169921875
                    ],
                    [
                        -71.8693999999999988403942552395164966583251953125,
                        44.62123100000000164300217875279486179351806640625,
                        5519.6999999999998181010596454143524169921875
                    ],
                    [
                        -71.8693300000000050431481213308870792388916015625,
                        44.62132900000000290674506686627864837646484375,
                        5511.1999999999998181010596454143524169921875
                    ],
                    [
                        -71.8693180000000069185261963866651058197021484375,
                        44.62138800000000316003934131003916263580322265625,
                        5519.6999999999998181010596454143524169921875
                    ],
                    [
                        -71.869315000000000281943357549607753753662109375,
                        44.62148499999999984311216394416987895965576171875,
                        5524
                    ],
                    [
                        -71.8692779999999942219801596365869045257568359375,
                        44.62158500000000316276782541535794734954833984375,
                        5496.100000000000363797880709171295166015625
                    ],
                    [
                        -71.8693070000000062691469793207943439483642578125,
                        44.6217309999999969249984133057296276092529296875,
                        5502.600000000000363797880709171295166015625
                    ],
                    [
                        -71.8692769999999967467374517582356929779052734375,
                        44.621802999999999883584678173065185546875,
                        5487.5
                    ],
                    [
                        -71.869245000000006484697223640978336334228515625,
                        44.6218760000000003174136509187519550323486328125,
                        5489.5
                    ],
                    [
                        -71.8691519999999997025952325202524662017822265625,
                        44.621949999999998226485331542789936065673828125,
                        5478.6999999999998181010596454143524169921875
                    ],
                    [
                        -71.86912200000000439104042015969753265380859375,
                        44.6220330000000018344508134759962558746337890625,
                        5472.399999999999636202119290828704833984375
                    ],
                    [
                        -71.869134000000002515662345103919506072998046875,
                        44.62212799999999646161086275242269039154052734375,
                        5476.6999999999998181010596454143524169921875
                    ],
                    [
                        -71.8691630000000003519744495861232280731201171875,
                        44.62218200000000223326424020342528820037841796875,
                        5474.399999999999636202119290828704833984375
                    ],
                    [
                        -71.869203999999996312908479012548923492431640625,
                        44.6222929999999990968717611394822597503662109375,
                        5472.399999999999636202119290828704833984375
                    ],
                    [
                        -71.86925999999999703504727222025394439697265625,
                        44.6223930000000024165274226106703281402587890625,
                        5483.3000000000001818989403545856475830078125
                    ],
                    [
                        -71.8692419999999998481143848039209842681884765625,
                        44.6224509999999980891516315750777721405029296875,
                        5487.5
                    ],
                    [
                        -71.8692669999999935726009425707161426544189453125,
                        44.62251400000000245427145273424685001373291015625,
                        5493.8000000000001818989403545856475830078125
                    ],
                    [
                        -71.8692829999999958090484142303466796875,
                        44.62261099999999913734427536837756633758544921875,
                        5500.3000000000001818989403545856475830078125
                    ],
                    [
                        -71.869281000000000858562998473644256591796875,
                        44.62269500000000022055246517993509769439697265625,
                        5500.3000000000001818989403545856475830078125
                    ],
                    [
                        -71.8692750000000017962520360015332698822021484375,
                        44.622827000000000907675712369382381439208984375,
                        5498.399999999999636202119290828704833984375
                    ],
                    [
                        -71.86925800000000208456185646355152130126953125,
                        44.62290800000000245972842094488441944122314453125,
                        5493.8000000000001818989403545856475830078125
                    ],
                    [
                        -71.869271999999995159669197164475917816162109375,
                        44.62297600000000130648913909681141376495361328125,
                        5483.3000000000001818989403545856475830078125
                    ],
                    [
                        -71.869315000000000281943357549607753753662109375,
                        44.62305099999999669080352759920060634613037109375,
                        5483.3000000000001818989403545856475830078125
                    ],
                    [
                        -71.869448000000005549736670218408107757568359375,
                        44.6230910000000022819222067482769489288330078125,
                        5489.5
                    ],
                    [
                        -71.8695660000000060563252191059291362762451171875,
                        44.6231470000000030040609999559819698333740234375,
                        5508.899999999999636202119290828704833984375
                    ],
                    [
                        -71.8696460000000030277078622020781040191650390625,
                        44.6231810000000024274413590319454669952392578125,
                        5511.1999999999998181010596454143524169921875
                    ],
                    [
                        -71.869719000000003461536834947764873504638671875,
                        44.6231930000000005520632839761674404144287109375,
                        5511.1999999999998181010596454143524169921875
                    ],
                    [
                        -71.8698160000000001446096575818955898284912109375,
                        44.6232279999999974506863509304821491241455078125,
                        5517.6999999999998181010596454143524169921875
                    ],
                    [
                        -71.8699550000000044747139327228069305419921875,
                        44.62324600000000174304659594781696796417236328125,
                        5526.1999999999998181010596454143524169921875
                    ],
                    [
                        -71.8700510000000036825440474785864353179931640625,
                        44.623209000000002788510755635797977447509765625,
                        5541.3000000000001818989403545856475830078125
                    ],
                    [
                        -71.87011699999999336796463467180728912353515625,
                        44.62316100000000318459569825790822505950927734375,
                        5543.3000000000001818989403545856475830078125
                    ],
                    [
                        -71.8700450000000046202330850064754486083984375,
                        44.62309599999999676356310374103486537933349609375,
                        5554.100000000000363797880709171295166015625
                    ],
                    [
                        -71.8699749999999966121322358958423137664794921875,
                        44.6230199999999967985786497592926025390625,
                        5558.399999999999636202119290828704833984375
                    ],
                    [
                        -71.869968000000000074578565545380115509033203125,
                        44.62297199999999719466359238140285015106201171875,
                        5569.1999999999998181010596454143524169921875
                    ],
                    [
                        -71.8700039999999944484443403780460357666015625,
                        44.62290399999999834790287422947585582733154296875,
                        5580.100000000000363797880709171295166015625
                    ],
                    [
                        -71.8700410000000005084075382910668849945068359375,
                        44.62297000000000224417817662470042705535888671875,
                        5571.5
                    ],
                    [
                        -71.8701080000000018799255485646426677703857421875,
                        44.62300400000000166755853570066392421722412109375,
                        5567.3000000000001818989403545856475830078125
                    ],
                    [
                        -71.870215000000001737134880386292934417724609375,
                        44.6230199999999967985786497592926025390625,
                        5571.5
                    ],
                    [
                        -71.8703670000000016671037883497774600982666015625,
                        44.6230460000000022091626306064426898956298828125,
                        5577.8000000000001818989403545856475830078125
                    ],
                    [
                        -71.8705420000000003710738383233547210693359375,
                        44.62306699999999892725099925883114337921142578125,
                        5590.899999999999636202119290828704833984375
                    ],
                    [
                        -71.870643999999998641214915551245212554931640625,
                        44.62306199999999734018274466507136821746826171875,
                        5595.100000000000363797880709171295166015625
                    ],
                    [
                        -71.8707079999999933761500869877636432647705078125,
                        44.62307100000000303907654597423970699310302734375,
                        5601.399999999999636202119290828704833984375
                    ],
                    [
                        -71.8708429999999935944288154132664203643798828125,
                        44.6230699999999984584064804948866367340087890625,
                        5610.1999999999998181010596454143524169921875
                    ],
                    [
                        -71.8709920000000010986695997416973114013671875,
                        44.62307200000000051431925385259091854095458984375,
                        5610.1999999999998181010596454143524169921875
                    ],
                    [
                        -71.871137000000004491084837354719638824462890625,
                        44.62308699999999817009666003286838531494140625,
                        5612.1999999999998181010596454143524169921875
                    ],
                    [
                        -71.87121600000000398722477257251739501953125,
                        44.6230680000000035079210647381842136383056640625,
                        5614.5
                    ],
                    [
                        -71.871318999999999732608557678759098052978515625,
                        44.62301599999999979218046064488589763641357421875,
                        5618.8000000000001818989403545856475830078125
                    ],
                    [
                        -71.8713580000000007430571713484823703765869140625,
                        44.62289100000000274803824140690267086029052734375,
                        5627.3000000000001818989403545856475830078125
                    ],
                    [
                        -71.87146699999999555075191892683506011962890625,
                        44.62283699999999697638486395590007305145263671875,
                        5631.600000000000363797880709171295166015625
                    ],
                    [
                        -71.87153299999999944702722132205963134765625,
                        44.6227889999999973724698065780103206634521484375,
                        5631.600000000000363797880709171295166015625
                    ],
                    [
                        -71.8716199999999929559635347686707973480224609375,
                        44.6227090000000004010871634818613529205322265625,
                        5633.899999999999636202119290828704833984375
                    ],
                    [
                        -71.871679000000000314685166813433170318603515625,
                        44.62263800000000202317096409387886524200439453125,
                        5638.100000000000363797880709171295166015625
                    ],
                    [
                        -71.8717309999999969249984133057296276092529296875,
                        44.622557000000000471118255518376827239990234375,
                        5642.399999999999636202119290828704833984375
                    ],
                    [
                        -71.8718199999999995952748577110469341278076171875,
                        44.6224770000000034997356124222278594970703125,
                        5644.6999999999998181010596454143524169921875
                    ],
                    [
                        -71.8719439999999991641743690706789493560791015625,
                        44.62242400000000230875230045057833194732666015625,
                        5649
                    ],
                    [
                        -71.872017999999997073246049694716930389404296875,
                        44.62243300000000090221874415874481201171875,
                        5650.899999999999636202119290828704833984375
                    ],
                    [
                        -71.8721139999999962810761644504964351654052734375,
                        44.6223600000000004683897714130580425262451171875,
                        5653.1999999999998181010596454143524169921875
                    ],
                    [
                        -71.872164999999995416146703064441680908203125,
                        44.6223030000000022710082703270018100738525390625,
                        5657.5
                    ],
                    [
                        -71.872151999999999816282070241868495941162109375,
                        44.62224599999999696819941163994371891021728515625,
                        5657.5
                    ],
                    [
                        -71.8720789999999993824530974961817264556884765625,
                        44.62219900000000194495441974140703678131103515625,
                        5653.1999999999998181010596454143524169921875
                    ],
                    [
                        -71.8720330000000018344508134759962558746337890625,
                        44.6221460000000007539711077697575092315673828125,
                        5649
                    ],
                    [
                        -71.871970000000004574758349917829036712646484375,
                        44.62210400000000021236701286397874355316162109375,
                        5646.6999999999998181010596454143524169921875
                    ],
                    [
                        -71.8719009999999940419002086855471134185791015625,
                        44.62206599999999667716110707260668277740478515625,
                        5646.6999999999998181010596454143524169921875
                    ],
                    [
                        -71.8719650000000029876900953240692615509033203125,
                        44.622084000000000969521352089941501617431640625,
                        5646.6999999999998181010596454143524169921875
                    ],
                    [
                        -71.87200400000000399813870899379253387451171875,
                        44.62207500000000237605490838177502155303955078125,
                        5646.6999999999998181010596454143524169921875
                    ],
                    [
                        -71.872040999999995847247191704809665679931640625,
                        44.62208199999999891360857873223721981048583984375,
                        5646.6999999999998181010596454143524169921875
                    ],
                    [
                        -71.8720689999999962083165883086621761322021484375,
                        44.622106000000002268279786221683025360107421875,
                        5650.899999999999636202119290828704833984375
                    ],
                    [
                        -71.8720880000000050813468988053500652313232421875,
                        44.6221189999999978681444190442562103271484375,
                        5650.899999999999636202119290828704833984375
                    ],
                    [
                        -71.8721149999999937563188723288476467132568359375,
                        44.62213700000000216050466406159102916717529296875,
                        5650.899999999999636202119290828704833984375
                    ],
                    [
                        -71.872153999999994766767485998570919036865234375,
                        44.622151000000002341039362363517284393310546875,
                        5655.5
                    ],
                    [
                        -71.87220999999999548890627920627593994140625,
                        44.62215499999999934743755147792398929595947265625,
                        5655.5
                    ],
                    [
                        -71.87222800000000688669388182461261749267578125,
                        44.6221570000000014033503248356282711029052734375,
                        5659.8000000000001818989403545856475830078125
                    ],
                    [
                        -71.8722460000000040736267692409455776214599609375,
                        44.62218399999999718374965596012771129608154296875,
                        5664
                    ],
                    [
                        -71.8722520000000031359377317130565643310546875,
                        44.6222240000000027748683351092040538787841796875,
                        5664
                    ],
                    [
                        -71.87227699999999686042428947985172271728515625,
                        44.6222700000000003228706191293895244598388671875,
                        5666
                    ],
                    [
                        -71.8722690000000028476279112510383129119873046875,
                        44.62230000000000273985278909094631671905517578125,
                        5666
                    ],
                    [
                        -71.87227699999999686042428947985172271728515625,
                        44.62233599999999711371856392361223697662353515625,
                        5668.3000000000001818989403545856475830078125
                    ],
                    [
                        -71.8722999999999956344254314899444580078125,
                        44.62236200000000252430254477076232433319091796875,
                        5668.3000000000001818989403545856475830078125
                    ],
                    [
                        -71.87232099999999945794115774333477020263671875,
                        44.6223939999999998917701304890215396881103515625,
                        5672.600000000000363797880709171295166015625
                    ],
                    [
                        -71.87232199999999693318386562168598175048828125,
                        44.62243000000000137106326292268931865692138671875,
                        5672.600000000000363797880709171295166015625
                    ],
                    [
                        -71.872263000000003785316948778927326202392578125,
                        44.62247500000000144382283906452357769012451171875,
                        5668.3000000000001818989403545856475830078125
                    ],
                    [
                        -71.8722029999999989513526088558137416839599609375,
                        44.62250499999999675537765142507851123809814453125,
                        5661.6999999999998181010596454143524169921875
                    ],
                    [
                        -71.8721350000000001045918907038867473602294921875,
                        44.6225290000000001100488589145243167877197265625,
                        5661.6999999999998181010596454143524169921875
                    ],
                    [
                        -71.8720660000000037825884646736085414886474609375,
                        44.6225239999999985229806043207645416259765625,
                        5655.5
                    ],
                    [
                        -71.8719839999999976498656906187534332275390625,
                        44.6225170000000019854269339703023433685302734375,
                        5650.899999999999636202119290828704833984375
                    ],
                    [
                        -71.871881999999999379724613390862941741943359375,
                        44.62251499999999992951416061259806156158447265625,
                        5644.6999999999998181010596454143524169921875
                    ],
                    [
                        -71.8718410000000034187905839644372463226318359375,
                        44.62252699999999805413608555682003498077392578125,
                        5644.6999999999998181010596454143524169921875
                    ],
                    [
                        -71.8717989999999957717591314576566219329833984375,
                        44.6225390000000032841853681020438671112060546875,
                        5644.6999999999998181010596454143524169921875
                    ],
                    [
                        -71.871768000000002984961611218750476837158203125,
                        44.6225689999999985957401804625988006591796875,
                        5642.399999999999636202119290828704833984375
                    ],
                    [
                        -71.871757999999999810825102031230926513671875,
                        44.62259300000000195041138795204460620880126953125,
                        5642.399999999999636202119290828704833984375
                    ],
                    [
                        -71.8717840000000052214090828783810138702392578125,
                        44.62269599999999769579517305828630924224853515625,
                        5635.8000000000001818989403545856475830078125
                    ],
                    [
                        -71.871816999999992958692018873989582061767578125,
                        44.62277000000000271029421128332614898681640625,
                        5633.899999999999636202119290828704833984375
                    ],
                    [
                        -71.8718740000000053669282351620495319366455078125,
                        44.622827000000000907675712369382381439208984375,
                        5635.8000000000001818989403545856475830078125
                    ],
                    [
                        -71.871894999999994979589246213436126708984375,
                        44.62286900000000144927980727516114711761474609375,
                        5633.899999999999636202119290828704833984375
                    ],
                    [
                        -71.871981000000005224137566983699798583984375,
                        44.6229289999999991778167895972728729248046875,
                        5633.899999999999636202119290828704833984375
                    ],
                    [
                        -71.8720679999999987330738804303109645843505859375,
                        44.6230130000000002610249794088304042816162109375,
                        5629.600000000000363797880709171295166015625
                    ],
                    [
                        -71.8721460000000007539711077697575092315673828125,
                        44.62304499999999762849256512708961963653564453125,
                        5621.100000000000363797880709171295166015625
                    ],
                    [
                        -71.8722000000000065256244852207601070404052734375,
                        44.62308399999999863894117879681289196014404296875,
                        5621.100000000000363797880709171295166015625
                    ],
                    [
                        -71.8723289999999934707375359721481800079345703125,
                        44.62313999999999936107997200451791286468505859375,
                        5614.5
                    ],
                    [
                        -71.8724270000000018399077816866338253021240234375,
                        44.623209000000002788510755635797977447509765625,
                        5606
                    ],
                    [
                        -71.8725290000000001100488589145243167877197265625,
                        44.623300999999997884515323676168918609619140625,
                        5588.600000000000363797880709171295166015625
                    ],
                    [
                        -71.872611000000006242771632969379425048828125,
                        44.62333000000000282625478575937449932098388671875,
                        5590.899999999999636202119290828704833984375
                    ],
                    [
                        -71.8727669999999960737113724462687969207763671875,
                        44.6233629999999976689650793559849262237548828125,
                        5586.600000000000363797880709171295166015625
                    ],
                    [
                        -71.8727669999999960737113724462687969207763671875,
                        44.6233629999999976689650793559849262237548828125,
                        5586.600000000000363797880709171295166015625
                    ],
                    [
                        -71.8727669999999960737113724462687969207763671875,
                        44.6233629999999976689650793559849262237548828125,
                        5586.600000000000363797880709171295166015625
                    ],
                    [
                        -71.8728660000000019181243260391056537628173828125,
                        44.62336400000000224963514483533799648284912109375,
                        5584.3000000000001818989403545856475830078125
                    ],
                    [
                        -71.8729809999999957881300360895693302154541015625,
                        44.62336400000000224963514483533799648284912109375,
                        5582
                    ],
                    [
                        -71.8730199999999967985786497592926025390625,
                        44.62335300000000160025592776946723461151123046875,
                        5580.100000000000363797880709171295166015625
                    ],
                    [
                        -71.8730450000000047339199227280914783477783203125,
                        44.6233339999999998326529748737812042236328125,
                        5586.600000000000363797880709171295166015625
                    ],
                    [
                        -71.8731729999999942037902656011283397674560546875,
                        44.62333600000000188856574823148548603057861328125,
                        5575.8000000000001818989403545856475830078125
                    ],
                    [
                        -71.873244999999997162376530468463897705078125,
                        44.62331300000000311456460622139275074005126953125,
                        5575.8000000000001818989403545856475830078125
                    ],
                    [
                        -71.873300999999997884515323676168918609619140625,
                        44.62326300000000145473677548579871654510498046875,
                        5571.5
                    ],
                    [
                        -71.873343000000005531546776182949542999267578125,
                        44.62322300000000296904545393772423267364501953125,
                        5562.6999999999998181010596454143524169921875
                    ],
                    [
                        -71.8733759999999932688297121785581111907958984375,
                        44.62320100000000167028701980598270893096923828125,
                        5565
                    ],
                    [
                        -71.8734309999999965157257975079119205474853515625,
                        44.6231819999999999026840669102966785430908203125,
                        5554.100000000000363797880709171295166015625
                    ],
                    [
                        -71.87349199999999882493284530937671661376953125,
                        44.62319699999999755846147309057414531707763671875,
                        5554.100000000000363797880709171295166015625
                    ],
                    [
                        -71.8735449999999929104887996800243854522705078125,
                        44.623232999999999037754605524241924285888671875,
                        5543.3000000000001818989403545856475830078125
                    ],
                    [
                        -71.8735769999999973833837429992854595184326171875,
                        44.6232710000000025729605113156139850616455078125,
                        5543.3000000000001818989403545856475830078125
                    ],
                    [
                        -71.873594999999994570316630415618419647216796875,
                        44.623322999999999183273757807910442352294921875,
                        5532.8000000000001818989403545856475830078125
                    ],
                    [
                        -71.87362600000000156796886585652828216552734375,
                        44.623367999999999256033333949744701385498046875,
                        5528.1999999999998181010596454143524169921875
                    ],
                    [
                        -71.8736349999999930560079519636929035186767578125,
                        44.62344699999999875217326916754245758056640625,
                        5526.1999999999998181010596454143524169921875
                    ],
                    [
                        -71.873694999999997889972291886806488037109375,
                        44.62350099999999741839928901754319667816162109375,
                        5515.399999999999636202119290828704833984375
                    ],
                    [
                        -71.8736970000000070513124228455126285552978515625,
                        44.623592000000002144588506780564785003662109375,
                        5508.899999999999636202119290828704833984375
                    ],
                    [
                        -71.8736329999999981055225362069904804229736328125,
                        44.62373600000000095633367891423404216766357421875,
                        5506.899999999999636202119290828704833984375
                    ],
                    [
                        -71.8735850000000056070348364301025867462158203125,
                        44.623818999999997458871803246438503265380859375,
                        5508.899999999999636202119290828704833984375
                    ],
                    [
                        -71.8735060000000061108949012123048305511474609375,
                        44.62389900000000153568180394358932971954345703125,
                        5500.3000000000001818989403545856475830078125
                    ],
                    [
                        -71.873456000000004451067070476710796356201171875,
                        44.62397800000000103182173916138708591461181640625,
                        5498.399999999999636202119290828704833984375
                    ],
                    [
                        -71.8733289999999982455847202800214290618896484375,
                        44.62402999999999764213498565368354320526123046875,
                        5498.399999999999636202119290828704833984375
                    ],
                    [
                        -71.8732389999999981000655679963529109954833984375,
                        44.62405799999999800320438225753605365753173828125,
                        5500.3000000000001818989403545856475830078125
                    ],
                    [
                        -71.87317400000000588988768868148326873779296875,
                        44.6241040000000026566340238787233829498291015625,
                        5493.8000000000001818989403545856475830078125
                    ],
                    [
                        -71.8730639999999993960955180227756500244140625,
                        44.62410100000000312547854264266788959503173828125,
                        5496.100000000000363797880709171295166015625
                    ],
                    [
                        -71.8730120000000027857822715304791927337646484375,
                        44.624111999999996669430402107536792755126953125,
                        5496.100000000000363797880709171295166015625
                    ],
                    [
                        -71.872962000000001125954440794885158538818359375,
                        44.6241509999999976798790157772600650787353515625,
                        5487.5
                    ],
                    [
                        -71.87295399999999290230334736406803131103515625,
                        44.62421499999999952024154481478035449981689453125,
                        5481
                    ],
                    [
                        -71.8730829999999940582711133174598217010498046875,
                        44.62427799999999677993400837294757366180419921875,
                        5472.399999999999636202119290828704833984375
                    ],
                    [
                        -71.8732470000000063237166614271700382232666015625,
                        44.62434400000000067620931076817214488983154296875,
                        5457.3000000000001818989403545856475830078125
                    ],
                    [
                        -71.8733620000000001937223714776337146759033203125,
                        44.62439599999999728652255726046860218048095703125,
                        5446.5
                    ],
                    [
                        -71.8734950000000054615156841464340686798095703125,
                        44.6244080000000025165718398056924343109130859375,
                        5442.3000000000001818989403545856475830078125
                    ],
                    [
                        -71.8735740000000049576556193642318248748779296875,
                        44.62440699999999793590177432633936405181884765625,
                        5442.3000000000001818989403545856475830078125
                    ],
                    [
                        -71.8736870000000038771759136579930782318115234375,
                        44.62440099999999887359081185422837734222412109375,
                        5435.6999999999998181010596454143524169921875
                    ],
                    [
                        -71.87376399999999421197571791708469390869140625,
                        44.62438900000000074896888691000640392303466796875,
                        5433.6999999999998181010596454143524169921875
                    ],
                    [
                        -71.8738220000000040954546420834958553314208984375,
                        44.62442200000000269710653810761868953704833984375,
                        5433.6999999999998181010596454143524169921875
                    ],
                    [
                        -71.8738100000000059708327171392738819122314453125,
                        44.6244640000000032387106330133974552154541015625,
                        5424.899999999999636202119290828704833984375
                    ],
                    [
                        -71.873750999999998612111085094511508941650390625,
                        44.62450700000000125555743579752743244171142578125,
                        5414.399999999999636202119290828704833984375
                    ],
                    [
                        -71.87369300000000293948687613010406494140625,
                        44.6245449999999976853359839878976345062255859375,
                        5414.399999999999636202119290828704833984375
                    ],
                    [
                        -71.87367000000000416548573412001132965087890625,
                        44.62456999999999851524989935569465160369873046875,
                        5405.5
                    ],
                    [
                        -71.8736970000000070513124228455126285552978515625,
                        44.62463799999999736201061750762164592742919921875,
                        5390.399999999999636202119290828704833984375
                    ],
                    [
                        -71.8737430000000045993147068656980991363525390625,
                        44.6246790000000004283720045350492000579833984375,
                        5390.399999999999636202119290828704833984375
                    ],
                    [
                        -71.8737760000000065474523580633103847503662109375,
                        44.62472600000000255704435403458774089813232421875,
                        5381.899999999999636202119290828704833984375
                    ],
                    [
                        -71.8737009999999969522832543589174747467041015625,
                        44.6250169999999997116901795379817485809326171875,
                        5358.3000000000001818989403545856475830078125
                    ],
                    [
                        -71.8735080000000010613803169690072536468505859375,
                        44.6252300000000019508661353029310703277587890625,
                        5345.5
                    ],
                    [
                        -71.8733040000000045210981625132262706756591796875,
                        44.62537499999999823785401531495153903961181640625,
                        5330.399999999999636202119290828704833984375
                    ],
                    [
                        -71.8733150000000051704773795790970325469970703125,
                        44.62558200000000141471900860778987407684326171875,
                        5308.6999999999998181010596454143524169921875
                    ],
                    [
                        -71.87344400000000632644514553248882293701171875,
                        44.62565099999999773672243463806807994842529296875,
                        5306.8000000000001818989403545856475830078125
                    ],
                    [
                        -71.8734979999999978872438077814877033233642578125,
                        44.6257810000000034733602660708129405975341796875,
                        5287.100000000000363797880709171295166015625
                    ],
                    [
                        -71.8735510000000061836544773541390895843505859375,
                        44.625911000000002104570739902555942535400390625,
                        5270
                    ],
                    [
                        -71.8735190000000017107595340348780155181884765625,
                        44.62601000000000084355633589439094066619873046875,
                        5261.5
                    ],
                    [
                        -71.8734979999999978872438077814877033233642578125,
                        44.62611700000000070076566771604120731353759765625,
                        5242.100000000000363797880709171295166015625
                    ],
                    [
                        -71.873604999999997744453139603137969970703125,
                        44.62623899999999821375240571796894073486328125,
                        5235.600000000000363797880709171295166015625
                    ],
                    [
                        -71.8737339999999989004209055565297603607177734375,
                        44.626361000000002832166501320898532867431640625,
                        5222.8000000000001818989403545856475830078125
                    ],
                    [
                        -71.873863999999997531631379388272762298583984375,
                        44.62644499999999680994733353145420551300048828125,
                        5222.8000000000001818989403545856475830078125
                    ],
                    [
                        -71.873863999999997531631379388272762298583984375,
                        44.62644499999999680994733353145420551300048828125,
                        5222.8000000000001818989403545856475830078125
                    ],
                    [
                        -71.873864999999995006874087266623973846435546875,
                        44.62644499999999680994733353145420551300048828125,
                        5222.8000000000001818989403545856475830078125
                    ],
                    [
                        -71.8739369999999979654603521339595317840576171875,
                        44.6264910000000014633769751526415348052978515625,
                        5216.1999999999998181010596454143524169921875
                    ],
                    [
                        -71.874065999999999121428118087351322174072265625,
                        44.6265819999999990841388353146612644195556640625,
                        5203.399999999999636202119290828704833984375
                    ],
                    [
                        -71.8741950000000002773958840407431125640869140625,
                        44.62665100000000251156961894594132900238037109375,
                        5194.600000000000363797880709171295166015625
                    ],
                    [
                        -71.8742490000000060490492614917457103729248046875,
                        44.62673499999999648935045115649700164794921875,
                        5188.3000000000001818989403545856475830078125
                    ],
                    [
                        -71.874131000000005542460712604224681854248046875,
                        44.62678100000000114278009277768433094024658203125,
                        5181.8000000000001818989403545856475830078125
                    ],
                    [
                        -71.8739699999999999135980033315718173980712890625,
                        44.62678100000000114278009277768433094024658203125,
                        5175.1999999999998181010596454143524169921875
                    ],
                    [
                        -71.87389500000000452928361482918262481689453125,
                        44.626812000000001035004970617592334747314453125,
                        5170.899999999999636202119290828704833984375
                    ],
                    [
                        -71.8740130000000050358721637167036533355712890625,
                        44.626879999999999881765688769519329071044921875,
                        5166.6999999999998181010596454143524169921875
                    ],
                    [
                        -71.87412000000000489308149553835391998291015625,
                        44.6269869999999997389750205911695957183837890625,
                        5155.8000000000001818989403545856475830078125
                    ],
                    [
                        -71.8742160000000041009116102941334247589111328125,
                        44.62705600000000316640580422244966030120849609375,
                        5145
                    ],
                    [
                        -71.874290999999999485225998796522617340087890625,
                        44.62710899999999725196175859309732913970947265625,
                        5134.5
                    ],
                    [
                        -71.874088000000000420186552219092845916748046875,
                        44.627239000000002988599590025842189788818359375,
                        5115.1999999999998181010596454143524169921875
                    ],
                    [
                        -71.874088000000000420186552219092845916748046875,
                        44.62733899999999920282789389602839946746826171875,
                        5100.100000000000363797880709171295166015625
                    ],
                    [
                        -71.8742160000000041009116102941334247589111328125,
                        44.62742200000000281079337582923471927642822265625,
                        5091.1999999999998181010596454143524169921875
                    ],
                    [
                        -71.8743879999999961682988214306533336639404296875,
                        44.62754499999999779902282170951366424560546875,
                        5069.899999999999636202119290828704833984375
                    ],
                    [
                        -71.874538000000001147782313637435436248779296875,
                        44.6277199999999965029928716830909252166748046875,
                        5046.3000000000001818989403545856475830078125
                    ],
                    [
                        -71.8745920000000069194356910884380340576171875,
                        44.62781199999999870442479732446372509002685546875,
                        5031.1999999999998181010596454143524169921875
                    ],
                    [
                        -71.8746880000000061272658058442175388336181640625,
                        44.62789599999999978763298713602125644683837890625,
                        5024.600000000000363797880709171295166015625
                    ],
                    [
                        -71.874741999999997688064468093216419219970703125,
                        44.62804100000000318004822474904358386993408203125,
                        5013.8000000000001818989403545856475830078125
                    ],
                    [
                        -71.8748389999999943711372907273471355438232421875,
                        44.62820099999999712281351094134151935577392578125,
                        4983.600000000000363797880709171295166015625
                    ],
                    [
                        -71.874988999999999350620782934129238128662109375,
                        44.62830100000000044246917241252958774566650390625,
                        4962.3000000000001818989403545856475830078125
                    ],
                    [
                        -71.875192999999995890902937389910221099853515625,
                        44.62841499999999683723217458464205265045166015625,
                        4951.399999999999636202119290828704833984375
                    ],
                    [
                        -71.8753320000000002210072125308215618133544921875,
                        44.6285069999999990386641002260148525238037109375,
                        4958
                    ],
                    [
                        -71.87549300000000584986992180347442626953125,
                        44.62860599999999777764969621784985065460205078125,
                        4940.600000000000363797880709171295166015625
                    ],
                    [
                        -71.8756220000000070058376877568662166595458984375,
                        44.62871299999999763485902803950011730194091796875,
                        4934.100000000000363797880709171295166015625
                    ],
                    [
                        -71.875729000000006863047019578516483306884765625,
                        44.62880499999999983629095368087291717529296875,
                        4923.600000000000363797880709171295166015625
                    ],
                    [
                        -71.87592200000000275394995696842670440673828125,
                        44.62892699999999734927769168280065059661865234375,
                        4893.399999999999636202119290828704833984375
                    ],
                    [
                        -71.876136999999999943611328490078449249267578125,
                        44.62894200000000211048245546407997608184814453125,
                        4884.5
                    ],
                    [
                        -71.8761899999999940291672828607261180877685546875,
                        44.629041000000000849468051455914974212646484375,
                        4871.6999999999998181010596454143524169921875
                    ],
                    [
                        -71.876247000000006437403499148786067962646484375,
                        44.62907400000000279760570265352725982666015625,
                        4871.6999999999998181010596454143524169921875
                    ],
                    [
                        -71.87637300000000095678842626512050628662109375,
                        44.6291480000000007066773832775652408599853515625,
                        4858.899999999999636202119290828704833984375
                    ],
                    [
                        -71.8765769999999974970705807209014892578125,
                        44.62915600000000182490111910738050937652587890625,
                        4852.399999999999636202119290828704833984375
                    ],
                    [
                        -71.87678099999999403735273517668247222900390625,
                        44.62915600000000182490111910738050937652587890625,
                        4837.3000000000001818989403545856475830078125
                    ],
                    [
                        -71.87707000000000334694050252437591552734375,
                        44.6291480000000007066773832775652408599853515625,
                        4811.399999999999636202119290828704833984375
                    ],
                    [
                        -71.877285000000000536601874046027660369873046875,
                        44.629086999999998397470335476100444793701171875,
                        4792
                    ],
                    [
                        -71.8774460000000061654645833186805248260498046875,
                        44.62907200000000074169292929582297801971435546875,
                        4794.3000000000001818989403545856475830078125
                    ],
                    [
                        -71.87754200000000537329469807446002960205078125,
                        44.62907899999999727924659964628517627716064453125,
                        4770.6999999999998181010596454143524169921875
                    ],
                    [
                        -71.8775640000000066720531322062015533447265625,
                        44.62916299999999836245478945784270763397216796875,
                        4768.399999999999636202119290828704833984375
                    ],
                    [
                        -71.8775959999999969340933603234589099884033203125,
                        44.62926300000000168211045092903077602386474609375,
                        4770.6999999999998181010596454143524169921875
                    ],
                    [
                        -71.87772499999999809006112627685070037841796875,
                        44.62932399999999688589014112949371337890625,
                        4792
                    ],
                    [
                        -71.877938999999997804479789920151233673095703125,
                        44.62932399999999688589014112949371337890625,
                        4792
                    ],
                    [
                        -71.878185999999999467036104761064052581787109375,
                        44.62926999999999821966412127949297428131103515625,
                        4785.8000000000001818989403545856475830078125
                    ],
                    [
                        -71.878410999999999830833985470235347747802734375,
                        44.62925500000000056388671509921550750732421875,
                        4779.1999999999998181010596454143524169921875
                    ],
                    [
                        -71.87860399999999572173692286014556884765625,
                        44.6292169999999970286808093078434467315673828125,
                        4774.899999999999636202119290828704833984375
                    ],
                    [
                        -71.8787549999999981764631229452788829803466796875,
                        44.62920900000000301588443107903003692626953125,
                        4766.399999999999636202119290828704833984375
                    ],
                    [
                        -71.87889400000000250656739808619022369384765625,
                        44.62917900000000059890226111747324466705322265625,
                        4766.399999999999636202119290828704833984375
                    ],
                    [
                        -71.8790549999999939245753921568393707275390625,
                        44.62915600000000182490111910738050937652587890625,
                        4749
                    ],
                    [
                        -71.8791709999999994806785252876579761505126953125,
                        44.6291810000000026548150344751775264739990234375,
                        4736.1999999999998181010596454143524169921875
                    ],
                    [
                        -71.8792270000000002028173184953629970550537109375,
                        44.6291939999999982546796672977507114410400390625,
                        4736.1999999999998181010596454143524169921875
                    ],
                    [
                        -71.879377000000005182300810702145099639892578125,
                        44.62924000000000290810930891893804073333740234375,
                        4718.8000000000001818989403545856475830078125
                    ],
                    [
                        -71.8794950000000056888893595896661281585693359375,
                        44.62928500000000298086888506077229976654052734375,
                        4703.6999999999998181010596454143524169921875
                    ],
                    [
                        -71.8796990000000022291715140454471111297607421875,
                        44.62928500000000298086888506077229976654052734375,
                        4669.3000000000001818989403545856475830078125
                    ],
                    [
                        -71.87983800000000655927578918635845184326171875,
                        44.6292779999999993378878571093082427978515625,
                        4663.100000000000363797880709171295166015625
                    ],
                    [
                        -71.87997799999999415376805700361728668212890625,
                        44.6292779999999993378878571093082427978515625,
                        4654.1999999999998181010596454143524169921875
                    ],
                    [
                        -71.8801169999999984838723321445286273956298828125,
                        44.62930099999999811188899911940097808837890625,
                        4641.399999999999636202119290828704833984375
                    ],
                    [
                        -71.88024599999999963984009809792041778564453125,
                        44.629368999999996958649717271327972412109375,
                        4630.600000000000363797880709171295166015625
                    ],
                    [
                        -71.8804070000000052687028073705732822418212890625,
                        44.62943800000000038608050090260803699493408203125,
                        4611.1999999999998181010596454143524169921875
                    ],
                    [
                        -71.8806220000000024583641788922250270843505859375,
                        44.62943800000000038608050090260803699493408203125,
                        4585.3000000000001818989403545856475830078125
                    ],
                    [
                        -71.8807719999999932269929558970034122467041015625,
                        44.629491999999999052306520752608776092529296875,
                        4574.8000000000001818989403545856475830078125
                    ],
                    [
                        -71.8807819999999964011294650845229625701904296875,
                        44.62961399999999656529325875453650951385498046875,
                        4570.1999999999998181010596454143524169921875
                    ],
                    [
                        -71.8808580000000034715412766672670841217041015625,
                        44.62971300000000240970621234737336635589599609375,
                        4564
                    ],
                    [
                        -71.8809859999999929414116195403039455413818359375,
                        44.6297739999999976134859025478363037109375,
                        4550.899999999999636202119290828704833984375
                    ],
                    [
                        -71.881135999999997920895111747086048126220703125,
                        44.62980499999999750571078038774430751800537109375,
                        4546.600000000000363797880709171295166015625
                    ],
                    [
                        -71.88135099999999511055648326873779296875,
                        44.62980499999999750571078038774430751800537109375,
                        4527.1999999999998181010596454143524169921875
                    ],
                    [
                        -71.8815440000000052123141358606517314910888671875,
                        44.62986599999999981491782818920910358428955078125,
                        4512.100000000000363797880709171295166015625
                    ],
                    [
                        -71.8817269999999979290805640630424022674560546875,
                        44.62995699999999743567968835122883319854736328125,
                        4492.8000000000001818989403545856475830078125
                    ],
                    [
                        -71.881833999999997786289895884692668914794921875,
                        44.6300949999999971851138980127871036529541015625,
                        4469.1999999999998181010596454143524169921875
                    ],
                    [
                        -71.8819199999999938199835014529526233673095703125,
                        44.6302400000000005775291356258094310760498046875,
                        4454.100000000000363797880709171295166015625
                    ],
                    [
                        -71.8819629999999989422576618380844593048095703125,
                        44.63033899999999931651473161764442920684814453125,
                        4445.5
                    ],
                    [
                        -71.8820269999999936771928332746028900146484375,
                        44.63048400000000270892996923066675662994384765625,
                        4437
                    ],
                    [
                        -71.882058999999998150087776593863964080810546875,
                        44.63060600000000022191670723259449005126953125,
                        4428.100000000000363797880709171295166015625
                    ],
                    [
                        -71.882058999999998150087776593863964080810546875,
                        44.6307359999999988531271810643374919891357421875,
                        4415.399999999999636202119290828704833984375
                    ],
                    [
                        -71.8821879999999993060555425472557544708251953125,
                        44.6308580000000034715412766672670841217041015625,
                        4404.5
                    ],
                    [
                        -71.8823699999999945475792628712952136993408203125,
                        44.63096500000000332875060848891735076904296875,
                        4393.6999999999998181010596454143524169921875
                    ],
                    [
                        -71.882395999999999958163243718445301055908203125,
                        44.63097499999999939745976007543504238128662109375,
                        4393.6999999999998181010596454143524169921875
                    ],
                    [
                        -71.882395999999999958163243718445301055908203125,
                        44.63097499999999939745976007543504238128662109375,
                        4393.6999999999998181010596454143524169921875
                    ],
                    [
                        -71.882553000000001475200406275689601898193359375,
                        44.631033999999999650754034519195556640625,
                        4378.600000000000363797880709171295166015625
                    ],
                    [
                        -71.882789000000002488377504050731658935546875,
                        44.63106499999999954297891235910356044769287109375,
                        4350.6999999999998181010596454143524169921875
                    ],
                    [
                        -71.882959999999997080522007308900356292724609375,
                        44.63106499999999954297891235910356044769287109375,
                        4337.899999999999636202119290828704833984375
                    ],
                    [
                        -71.8831320000000033587639336474239826202392578125,
                        44.63113299999999838973963051103055477142333984375,
                        4312
                    ],
                    [
                        -71.8833359999999998990460881032049655914306640625,
                        44.63121000000000293539414997212588787078857421875,
                        4294.899999999999636202119290828704833984375
                    ],
                    [
                        -71.883497000000005527908797375857830047607421875,
                        44.631270999999998139173840172588825225830078125,
                        4277.600000000000363797880709171295166015625
                    ],
                    [
                        -71.883635999999995647158357314765453338623046875,
                        44.6313320000000004483808879740536212921142578125,
                        4271
                    ],
                    [
                        -71.883658999999994421159499324858188629150390625,
                        44.63135299999999716646925662644207477569580078125,
                        4266.6999999999998181010596454143524169921875
                    ],
                    [
                        -71.8837759999999974525053403340280055999755859375,
                        44.63146199999999907959136180579662322998046875,
                        4266.6999999999998181010596454143524169921875
                    ],
                    [
                        -71.8838290000000057489160099066793918609619140625,
                        44.63153799999999904457581578753888607025146484375,
                        4253.899999999999636202119290828704833984375
                    ],
                    [
                        -71.88389399999999795909388922154903411865234375,
                        44.63162200000000012778400559909641742706298828125,
                        4255.899999999999636202119290828704833984375
                    ],
                    [
                        -71.8840440000000029385773814283311367034912109375,
                        44.63169099999999644978743162937462329864501953125,
                        4245.399999999999636202119290828704833984375
                    ],
                    [
                        -71.8842049999999943565853754989802837371826171875,
                        44.63172899999999998499333742074668407440185546875,
                        4228
                    ],
                    [
                        -71.884311999999994213794707320630550384521484375,
                        44.63169099999999644978743162937462329864501953125,
                        4230.3000000000001818989403545856475830078125
                    ],
                    [
                        -71.8844840000000004920366336591541767120361328125,
                        44.63166799999999767578628961928188800811767578125,
                        4202.100000000000363797880709171295166015625
                    ],
                    [
                        -71.8845160000000049649315769784152507781982421875,
                        44.63176700000000352019924321211874485015869140625,
                        4191.600000000000363797880709171295166015625
                    ],
                    [
                        -71.8844729999999998426574165932834148406982421875,
                        44.6318430000000034851836971938610076904296875,
                        4176.5
                    ],
                    [
                        -71.8844619999999991932781995274126529693603515625,
                        44.6319349999999985811882652342319488525390625,
                        4167.6999999999998181010596454143524169921875
                    ],
                    [
                        -71.8845050000000043155523599125444889068603515625,
                        44.63204900000000208137862500734627246856689453125,
                        4163.399999999999636202119290828704833984375
                    ],
                    [
                        -71.8846879999999970323187881149351596832275390625,
                        44.6321099999999972851583152078092098236083984375,
                        4154.899999999999636202119290828704833984375
                    ],
                    [
                        -71.8848919999999935726009425707161426544189453125,
                        44.632171999999997069608070887625217437744140625,
                        4144
                    ],
                    [
                        -71.8851379999999977599145495332777500152587890625,
                        44.6322559999999981528162606991827487945556640625,
                        4161.399999999999636202119290828704833984375
                    ],
                    [
                        -71.8853960000000000718500814400613307952880859375,
                        44.6323849999999993087840266525745391845703125,
                        4148.3000000000001818989403545856475830078125
                    ],
                    [
                        -71.8856530000000049085429054684937000274658203125,
                        44.6324919999999991659933584742248058319091796875,
                        4146.3000000000001818989403545856475830078125
                    ],
                    [
                        -71.8858570000000014488250599242746829986572265625,
                        44.632598999999999023202690295875072479248046875,
                        4127
                    ],
                    [
                        -71.8860820000000018126229406334459781646728515625,
                        44.63269799999999776218828628771007061004638671875,
                        4107.600000000000363797880709171295166015625
                    ],
                    [
                        -71.8863510000000047739376896061003208160400390625,
                        44.63279800000000108184394775889813899993896484375,
                        4094.5
                    ],
                    [
                        -71.8865330000000000154614099301397800445556640625,
                        44.63279800000000108184394775889813899993896484375,
                        4088.3000000000001818989403545856475830078125
                    ],
                    [
                        -71.8867690000000010286385077051818370819091796875,
                        44.6327289999999976544131641276180744171142578125,
                        4086
                    ],
                    [
                        -71.88690900000000283398549072444438934326171875,
                        44.6326830000000001064108801074326038360595703125,
                        4086
                    ],
                    [
                        -71.887069999999994251993484795093536376953125,
                        44.63261399999999667898009647615253925323486328125,
                        4077.40000000000009094947017729282379150390625
                    ],
                    [
                        -71.8872199999999992314769770018756389617919921875,
                        44.63252299999999905821823631413280963897705078125,
                        4070.90000000000009094947017729282379150390625
                    ],
                    [
                        -71.8872300000000024056134861893951892852783203125,
                        44.6326600000000013324097380973398685455322265625,
                        4051.5
                    ],
                    [
                        -71.8871120000000018990249373018741607666015625,
                        44.63275900000000007139533408917486667633056640625,
                        4034.40000000000009094947017729282379150390625
                    ],
                    [
                        -71.8870370000000065147105487994849681854248046875,
                        44.63285900000000339105099556036293506622314453125,
                        4027.90000000000009094947017729282379150390625
                    ],
                    [
                        -71.8869729999999975689206621609628200531005859375,
                        44.63292700000000223781171371228992938995361328125,
                        4023.59999999999990905052982270717620849609375
                    ],
                    [
                        -71.886919000000006008121999911963939666748046875,
                        44.63299599999999855981513974256813526153564453125,
                        4002
                    ],
                    [
                        -71.886832999999995763573679141700267791748046875,
                        44.63314100000000195223037735559046268463134765625,
                        3986.90000000000009094947017729282379150390625
                    ],
                    [
                        -71.8870270000000033405740396119654178619384765625,
                        44.633094999999997298800735734403133392333984375,
                        3980.59999999999990905052982270717620849609375
                    ],
                    [
                        -71.88713400000000319778337143361568450927734375,
                        44.6330420000000032132447813637554645538330078125,
                        3976
                    ],
                    [
                        -71.887326999999999088686308823525905609130859375,
                        44.632958000000002130036591552197933197021484375,
                        3954.6999999999998181010596454143524169921875
                    ],
                    [
                        -71.887348000000002912202035076916217803955078125,
                        44.633049999999997226041159592568874359130859375,
                        3946.1999999999998181010596454143524169921875
                    ],
                    [
                        -71.88729499999999461579136550426483154296875,
                        44.633149000000003070454113185405731201171875,
                        3926.8000000000001818989403545856475830078125
                    ],
                    [
                        -71.8872410000000030549927032552659511566162109375,
                        44.633285999999998239218257367610931396484375,
                        3916
                    ],
                    [
                        -71.8872089999999985820977599360048770904541015625,
                        44.633386000000001558873918838798999786376953125,
                        3913.6999999999998181010596454143524169921875
                    ],
                    [
                        -71.8871659999999934598235995508730411529541015625,
                        44.633454000000000405634636990725994110107421875,
                        3902.90000000000009094947017729282379150390625
                    ],
                    [
                        -71.88713400000000319778337143361568450927734375,
                        44.63357599999999791862137499265372753143310546875,
                        3898.59999999999990905052982270717620849609375
                    ],
                    [
                        -71.887283999999993966412148438394069671630859375,
                        44.6337520000000012032614904455840587615966796875,
                        3866.5
                    ],
                    [
                        -71.88738100000000486033968627452850341796875,
                        44.633859000000001060470822267234325408935546875,
                        3847.09999999999990905052982270717620849609375
                    ],
                    [
                        -71.8874770000000040681698010303080081939697265625,
                        44.63395799999999979945641825906932353973388671875,
                        3840.59999999999990905052982270717620849609375
                    ],
                    [
                        -71.887563000000000101863406598567962646484375,
                        44.634095999999999548890627920627593994140625,
                        3834
                    ],
                    [
                        -71.8877350000000063801053329370915889739990234375,
                        44.6342020000000019308572518639266490936279296875,
                        3808.40000000000009094947017729282379150390625
                    ],
                    [
                        -71.887842000000006237314664758741855621337890625,
                        44.634264000000001715307007543742656707763671875,
                        3775.90000000000009094947017729282379150390625
                    ],
                    [
                        -71.8879170000000016216290532611310482025146484375,
                        44.63434699999999821784513187594711780548095703125,
                        3778.1999999999998181010596454143524169921875
                    ],
                    [
                        -71.888002999999997655322658829391002655029296875,
                        44.63445399999999807505446369759738445281982421875,
                        3769.6999999999998181010596454143524169921875
                    ],
                    [
                        -71.8881319999999988112904247827827930450439453125,
                        44.63447699999999684905560570769011974334716796875,
                        3748
                    ],
                    [
                        -71.888227999999998019120539538562297821044921875,
                        44.63443199999999677629602956585586071014404296875,
                        3737.1999999999998181010596454143524169921875
                    ],
                    [
                        -71.8883459999999985257090884260833263397216796875,
                        44.634332000000000562067725695669651031494140625,
                        3735.1999999999998181010596454143524169921875
                    ],
                    [
                        -71.8884110000000049467416829429566860198974609375,
                        44.6342020000000019308572518639266490936279296875,
                        3728.6999999999998181010596454143524169921875
                    ],
                    [
                        -71.88852900000000545333023183047771453857421875,
                        44.6340799999999973124431562609970569610595703125,
                        3715.59999999999990905052982270717620849609375
                    ],
                    [
                        -71.8886140000000040117811295203864574432373046875,
                        44.63402700000000322688720189034938812255859375,
                        3711.3000000000001818989403545856475830078125
                    ],
                    [
                        -71.888733000000001993612386286258697509765625,
                        44.63400399999999734745870227925479412078857421875,
                        3696.1999999999998181010596454143524169921875
                    ],
                    [
                        -71.8887969999999967285475577227771282196044921875,
                        44.6340500000000020008883439004421234130859375,
                        3672.59999999999990905052982270717620849609375
                    ],
                    [
                        -71.888689999999996871338225901126861572265625,
                        44.63421799999999706187736592255532741546630859375,
                        3661.6999999999998181010596454143524169921875
                    ],
                    [
                        -71.8885819999999995388861862011253833770751953125,
                        44.634354999999999336068867705762386322021484375,
                        3670.59999999999990905052982270717620849609375
                    ],
                    [
                        -71.8885070000000041545717976987361907958984375,
                        44.63445399999999807505446369759738445281982421875,
                        3683.40000000000009094947017729282379150390625
                    ],
                    [
                        -71.88848600000000033105607144534587860107421875,
                        44.6345919999999978244886733591556549072265625,
                        3627.3000000000001818989403545856475830078125
                    ],
                    [
                        -71.888474999999999681676854379475116729736328125,
                        44.63472900000000009868017514236271381378173828125,
                        3614.5
                    ],
                    [
                        -71.888678999999996221959008835256099700927734375,
                        44.634850999999997611666913144290447235107421875,
                        3601.6999999999998181010596454143524169921875
                    ],
                    [
                        -71.8888610000000056743374443612992763519287109375,
                        44.63498899999999736110112280584871768951416015625,
                        3588.59999999999990905052982270717620849609375
                    ],
                    [
                        -71.888990000000006830305210314691066741943359375,
                        44.6351489999999984092937665991485118865966796875,
                        3573.5
                    ],
                    [
                        -71.8890970000000066875145421363413333892822265625,
                        44.6353399999999993497112882323563098907470703125,
                        3573.5
                    ],
                    [
                        -71.88916199999999889769242145121097564697265625,
                        44.63546999999999798092176206409931182861328125,
                        3569.1999999999998181010596454143524169921875
                    ],
                    [
                        -71.889216000000004669345798902213573455810546875,
                        44.6355300000000028148861019872128963470458984375,
                        3565
                    ],
                    [
                        -71.889216000000004669345798902213573455810546875,
                        44.6355300000000028148861019872128963470458984375,
                        3565
                    ],
                    [
                        -71.8892799999999994042809703387320041656494140625,
                        44.6355999999999966121322358958423137664794921875,
                        3563
                    ],
                    [
                        -71.88938699999999926149030216038227081298828125,
                        44.63571400000000011232259566895663738250732421875,
                        3545.59999999999990905052982270717620849609375
                    ],
                    [
                        -71.8895160000000004174580681137740612030029296875,
                        44.6358900000000033969627111218869686126708984375,
                        3513.5
                    ],
                    [
                        -71.8897840000000059035301092080771923065185546875,
                        44.635942999999997482518665492534637451171875,
                        3506.90000000000009094947017729282379150390625
                    ],
                    [
                        -71.890030999999993355231708846986293792724609375,
                        44.63601200000000090994944912381470203399658203125,
                        3491.8000000000001818989403545856475830078125
                    ],
                    [
                        -71.8902240000000034569893614389002323150634765625,
                        44.63610299999999853071130928583443164825439453125,
                        3479
                    ],
                    [
                        -71.890309999999999490682967007160186767578125,
                        44.63627100000000069712768890894949436187744140625,
                        3468.1999999999998181010596454143524169921875
                    ],
                    [
                        -71.8904600000000044701664592139422893524169921875,
                        44.63642399999999810233930475078523159027099609375,
                        3448.8000000000001818989403545856475830078125
                    ],
                    [
                        -71.8907070000000061327227740548551082611083984375,
                        44.63650799999999918554749456234276294708251953125,
                        3431.40000000000009094947017729282379150390625
                    ],
                    [
                        -71.8909859999999980573193170130252838134765625,
                        44.6364999999999980673237587325274944305419921875,
                        3416.3000000000001818989403545856475830078125
                    ],
                    [
                        -71.8913289999999989277057466097176074981689453125,
                        44.63648500000000041154635255225002765655517578125,
                        3403.5
                    ],
                    [
                        -71.8916080000000050631570047698915004730224609375,
                        44.6364319999999992205630405806005001068115234375,
                        3397
                    ],
                    [
                        -71.8917900000000003046807250939309597015380859375,
                        44.63633999999999701913111493922770023345947265625,
                        3390.6999999999998181010596454143524169921875
                    ],
                    [
                        -71.8919729999999930214471532963216304779052734375,
                        44.63610299999999853071130928583443164825439453125,
                        3373.40000000000009094947017729282379150390625
                    ],
                    [
                        -71.8920580000000057907527661882340908050537109375,
                        44.6358359999999976253093336708843708038330078125,
                        3371.40000000000009094947017729282379150390625
                    ],
                    [
                        -71.8922089999999940346242510713636875152587890625,
                        44.635706999999996469341567717492580413818359375,
                        3358.3000000000001818989403545856475830078125
                    ],
                    [
                        -71.892380000000002837623469531536102294921875,
                        44.63550000000000039790393202565610408782958984375,
                        3358.3000000000001818989403545856475830078125
                    ],
                    [
                        -71.8924549999999982219378580339252948760986328125,
                        44.6353859999999968977135722525417804718017578125,
                        3356.3000000000001818989403545856475830078125
                    ],
                    [
                        -71.8926809999999960609784466214478015899658203125,
                        44.63530999999999693272911827079951763153076171875,
                        3297.90000000000009094947017729282379150390625
                    ],
                    [
                        -71.8929920000000066693246481008827686309814453125,
                        44.635232999999999492501956410706043243408203125,
                        3257.1999999999998181010596454143524169921875
                    ],
                    [
                        -71.8932170000000070331225288100540637969970703125,
                        44.63515699999999952751750242896378040313720703125,
                        3248.6999999999998181010596454143524169921875
                    ],
                    [
                        -71.8934330000000016980266082100570201873779296875,
                        44.6351039999999983365341904573142528533935546875,
                        3227
                    ],
                    [
                        -71.8935139999999961446519591845571994781494140625,
                        44.63511700000000104182618088088929653167724609375,
                        3224.6999999999998181010596454143524169921875
                    ],
                    [
                        -71.8936360000000007630660547874867916107177734375,
                        44.63508499999999656893123756162822246551513671875,
                        3227
                    ],
                    [
                        -71.893744999999995570760802365839481353759765625,
                        44.63506399999999985084286890923976898193359375,
                        3239.8000000000001818989403545856475830078125
                    ],
                    [
                        -71.893812999999994417521520517766475677490234375,
                        44.6350249999999988403942552395164966583251953125,
                        3239.8000000000001818989403545856475830078125
                    ],
                    [
                        -71.8939720000000050958988140337169170379638671875,
                        44.63492699999999757665136712603271007537841796875,
                        3218.5
                    ],
                    [
                        -71.89398199999999405918060801923274993896484375,
                        44.63472300000000103636921267025172710418701171875,
                        3199.09999999999990905052982270717620849609375
                    ],
                    [
                        -71.894013999999998532075551338493824005126953125,
                        44.634624000000002297383616678416728973388671875,
                        3205.40000000000009094947017729282379150390625
                    ],
                    [
                        -71.8940910000000030777300707995891571044921875,
                        44.63450300000000225963958655484020709991455078125,
                        3205.40000000000009094947017729282379150390625
                    ],
                    [
                        -71.8940779999999932670107227750122547149658203125,
                        44.6344390000000004192770575173199176788330078125,
                        3207.6999999999998181010596454143524169921875
                    ],
                    [
                        -71.89413899999999557621777057647705078125,
                        44.63438000000000016598278307355940341949462890625,
                        3207.6999999999998181010596454143524169921875
                    ],
                    [
                        -71.8942129999999934852894512005150318145751953125,
                        44.63439199999999829060470801778137683868408203125,
                        3205.40000000000009094947017729282379150390625
                    ],
                    [
                        -71.8942129999999934852894512005150318145751953125,
                        44.63439199999999829060470801778137683868408203125,
                        3205.40000000000009094947017729282379150390625
                    ],
                    [
                        -71.89413899999999557621777057647705078125,
                        44.63438000000000016598278307355940341949462890625,
                        3207.6999999999998181010596454143524169921875
                    ],
                    [
                        -71.894000000000005456968210637569427490234375,
                        44.6343219999999973879312165081501007080078125,
                        3214.1999999999998181010596454143524169921875
                    ],
                    [
                        -71.8937480000000022073436412028968334197998046875,
                        44.63419499999999828787622391246259212493896484375,
                        3233.59999999999990905052982270717620849609375
                    ],
                    [
                        -71.8936130000000019890649127773940563201904296875,
                        44.634107999999997673512552864849567413330078125,
                        3246.40000000000009094947017729282379150390625
                    ],
                    [
                        -71.8934629999999970095814205706119537353515625,
                        44.63403199999999770852809888310730457305908203125,
                        3259.1999999999998181010596454143524169921875
                    ],
                    [
                        -71.8930990000000065265339799225330352783203125,
                        44.6338640000000026475390768609941005706787109375,
                        3300.1999999999998181010596454143524169921875
                    ],
                    [
                        -71.892776999999995268808561377227306365966796875,
                        44.63380300000000033833202905952930450439453125,
                        3347.40000000000009094947017729282379150390625
                    ],
                    [
                        -71.8924119999999930996636976487934589385986328125,
                        44.63381799999999799410943523980677127838134765625,
                        3364.8000000000001818989403545856475830078125
                    ],
                    [
                        -71.891853999999995039615896530449390411376953125,
                        44.6338640000000026475390768609941005706787109375,
                        3399.3000000000001818989403545856475830078125
                    ],
                    [
                        -71.891402999999996836777427233755588531494140625,
                        44.63383300000000275531419902108609676361083984375,
                        3427.1999999999998181010596454143524169921875
                    ],
                    [
                        -71.8910599999999959663909976370632648468017578125,
                        44.63372600000000289810486719943583011627197265625,
                        3465.90000000000009094947017729282379150390625
                    ],
                    [
                        -71.8906520000000028858266887255012989044189453125,
                        44.63371099999999813690010341815650463104248046875,
                        3522
                    ],
                    [
                        -71.89024499999999306965037249028682708740234375,
                        44.63372600000000289810486719943583011627197265625,
                        3567.3000000000001818989403545856475830078125
                    ],
                    [
                        -71.8897510000000039553924580104649066925048828125,
                        44.63372600000000289810486719943583011627197265625,
                        3618.8000000000001818989403545856475830078125
                    ],
                    [
                        -71.8893010000000032277966965921223163604736328125,
                        44.63362000000000051613824325613677501678466796875,
                        3651.1999999999998181010596454143524169921875
                    ],
                    [
                        -71.8890640000000047393768909387290477752685546875,
                        44.63340600000000080171957961283624172210693359375,
                        3690
                    ],
                    [
                        -71.8888280000000037261997931636869907379150390625,
                        44.6331770000000034315235097892582416534423828125,
                        3726.40000000000009094947017729282379150390625
                    ],
                    [
                        -71.8886140000000040117811295203864574432373046875,
                        44.6329319999999967194526107050478458404541015625,
                        3769.6999999999998181010596454143524169921875
                    ],
                    [
                        -71.8885070000000041545717976987361907958984375,
                        44.63255099999999941928763291798532009124755859375,
                        3795.3000000000001818989403545856475830078125
                    ],
                    [
                        -71.8883560000000016998455976136028766632080078125,
                        44.63222999999999984765963745303452014923095703125,
                        3827.8000000000001818989403545856475830078125
                    ],
                    [
                        -71.8881200000000006866684998385608196258544921875,
                        44.63197000000000258523868978954851627349853515625,
                        3898.59999999999990905052982270717620849609375
                    ],
                    [
                        -71.887798000000003639797796495258808135986328125,
                        44.6316649999999981446308083832263946533203125,
                        3943.90000000000009094947017729282379150390625
                    ],
                    [
                        -71.887304999999997789927874691784381866455078125,
                        44.6315579999999982874214765615761280059814453125,
                        3997.6999999999998181010596454143524169921875
                    ],
                    [
                        -71.886897000000004709363565780222415924072265625,
                        44.6315579999999982874214765615761280059814453125,
                        4047.1999999999998181010596454143524169921875
                    ],
                    [
                        -71.8862960000000015270416042767465114593505859375,
                        44.63163399999999825240593054331839084625244140625,
                        4103.3000000000001818989403545856475830078125
                    ],
                    [
                        -71.88573900000000094223651103675365447998046875,
                        44.6315579999999982874214765615761280059814453125,
                        4144
                    ],
                    [
                        -71.8854170000000038953658076934516429901123046875,
                        44.63148199999999832243702257983386516571044921875,
                        4165.6999999999998181010596454143524169921875
                    ],
                    [
                        -71.885073000000005549736670218408107757568359375,
                        44.63132900000000091722540673799812793731689453125,
                        4172.1999999999998181010596454143524169921875
                    ],
                    [
                        -71.8844940000000036661731428466737270355224609375,
                        44.63122200000000106001607491634786128997802734375,
                        4221.5
                    ],
                    [
                        -71.8840000000000003410605131648480892181396484375,
                        44.631068999999996549377101473510265350341796875,
                        4258.1999999999998181010596454143524169921875
                    ],
                    [
                        -71.8839080000000052450559451244771480560302734375,
                        44.6310390000000012378222891129553318023681640625,
                        4264.8000000000001818989403545856475830078125
                    ],
                    [
                        -71.8832709999999934780134935863316059112548828125,
                        44.63096300000000127283783513121306896209716796875,
                        4316.3000000000001818989403545856475830078125
                    ],
                    [
                        -71.8830130000000053769326768815517425537109375,
                        44.63085600000000141562850330956280231475830078125,
                        4346.5
                    ],
                    [
                        -71.882733999999999241481418721377849578857421875,
                        44.63077899999999686997398384846746921539306640625,
                        4372.399999999999636202119290828704833984375
                    ],
                    [
                        -71.8825199999999995270627550780773162841796875,
                        44.6305660000000017362253856845200061798095703125,
                        4406.8000000000001818989403545856475830078125
                    ],
                    [
                        -71.882305000000002337401383556425571441650390625,
                        44.6303979999999995698090060614049434661865234375,
                        4430.399999999999636202119290828704833984375
                    ],
                    [
                        -71.8821980000000024801920517347753047943115234375,
                        44.63015299999999996316546457819640636444091796875,
                        4449.8000000000001818989403545856475830078125
                    ],
                    [
                        -71.882025999999996201950125396251678466796875,
                        44.62995500000000248519427259452641010284423828125,
                        4471.5
                    ],
                    [
                        -71.881855000000001609805622138082981109619140625,
                        44.62974100000000277077560895122587680816650390625,
                        4501.3000000000001818989403545856475830078125
                    ],
                    [
                        -71.88164000000000442014425061643123626708984375,
                        44.62961899999999815236151334829628467559814453125,
                        4525.3000000000001818989403545856475830078125
                    ],
                    [
                        -71.881339999999994461177266202867031097412109375,
                        44.6294970000000006393747753463685512542724609375,
                        4559.6999999999998181010596454143524169921875
                    ],
                    [
                        -71.8810610000000025365807232446968555450439453125,
                        44.62934400000000323416315950453281402587890625,
                        4576.8000000000001818989403545856475830078125
                    ],
                    [
                        -71.88069600000000036743585951626300811767578125,
                        44.629176000000001067746779881417751312255859375,
                        4619.8000000000001818989403545856475830078125
                    ],
                    [
                        -71.8803099999999943747752695344388484954833984375,
                        44.62897699999999900910552241839468479156494140625,
                        4643.6999999999998181010596454143524169921875
                    ],
                    [
                        -71.880009000000001151420292444527149200439453125,
                        44.62893199999999893634594627656042575836181640625,
                        4658.5
                    ],
                    [
                        -71.8797730000000001382431946694850921630859375,
                        44.62887099999999662713889847509562969207763671875,
                        4678.100000000000363797880709171295166015625
                    ],
                    [
                        -71.8793229999999994106474332511425018310546875,
                        44.62888600000000138834366225637495517730712890625,
                        4733.899999999999636202119290828704833984375
                    ],
                    [
                        -71.878915000000006330083124339580535888671875,
                        44.62882499999999907913661445491015911102294921875,
                        4723.100000000000363797880709171295166015625
                    ],
                    [
                        -71.878679000000005316906026564538478851318359375,
                        44.62882499999999907913661445491015911102294921875,
                        4732
                    ],
                    [
                        -71.878523999999998750354279763996601104736328125,
                        44.62880899999999684268914279527962207794189453125,
                        4742.5
                    ],
                    [
                        -71.878523999999998750354279763996601104736328125,
                        44.62880899999999684268914279527962207794189453125,
                        4742.5
                    ],
                    [
                        -71.878378999999995357939042150974273681640625,
                        44.628793999999999186911736615002155303955078125,
                        4749
                    ],
                    [
                        -71.8780139999999931887941784225404262542724609375,
                        44.62877900000000153113433043472468852996826171875,
                        4790
                    ],
                    [
                        -71.8776060000000001082298695109784603118896484375,
                        44.628748000000001638909452594816684722900390625,
                        4824.5
                    ],
                    [
                        -71.8771980000000070276655605994164943695068359375,
                        44.628839999999996734914020635187625885009765625,
                        4841.5
                    ],
                    [
                        -71.8767409999999955516614136286079883575439453125,
                        44.6288890000000009194991434924304485321044921875,
                        4860.899999999999636202119290828704833984375
                    ],
                    [
                        -71.876856000000003632521838881075382232666015625,
                        44.6287319999999994024619809351861476898193359375,
                        4860.899999999999636202119290828704833984375
                    ],
                    [
                        -71.8768309999999956971805659122765064239501953125,
                        44.62863300000000066347638494335114955902099609375,
                        4867.5
                    ],
                    [
                        -71.87684699999999793362803757190704345703125,
                        44.6285390000000035115590435452759265899658203125,
                        4871.6999999999998181010596454143524169921875
                    ],
                    [
                        -71.876756999999997788108885288238525390625,
                        44.62841800000000347381501342169940471649169921875,
                        4895.3000000000001818989403545856475830078125
                    ],
                    [
                        -71.8767409999999955516614136286079883575439453125,
                        44.62830100000000044246917241252958774566650390625,
                        4906.1999999999998181010596454143524169921875
                    ],
                    [
                        -71.8767040000000037025529309175908565521240234375,
                        44.6281680000000022801032173447310924530029296875,
                        4921.3000000000001818989403545856475830078125
                    ],
                    [
                        -71.8765929999999997335180523805320262908935546875,
                        44.628162000000003217792254872620105743408203125,
                        4927.8000000000001818989403545856475830078125
                    ],
                    [
                        -71.876430999999996629412635229527950286865234375,
                        44.62813299999999827605279278941452503204345703125,
                        4936.399999999999636202119290828704833984375
                    ],
                    [
                        -71.876318999999995185135048814117908477783203125,
                        44.628186999999996942278812639415264129638671875,
                        4938.3000000000001818989403545856475830078125
                    ],
                    [
                        -71.8762909999999948240656522102653980255126953125,
                        44.62817299999999676174411433748900890350341796875,
                        4938.3000000000001818989403545856475830078125
                    ],
                    [
                        -71.87614700000000311774783767759799957275390625,
                        44.6282700000000005502442945726215839385986328125,
                        4944.899999999999636202119290828704833984375
                    ],
                    [
                        -71.875988000000006650225259363651275634765625,
                        44.62821600000000188401827472262084484100341796875,
                        4953.399999999999636202119290828704833984375
                    ],
                    [
                        -71.8758270000000010213625500909984111785888671875,
                        44.62810300000000296449798042885959148406982421875,
                        4958
                    ],
                    [
                        -71.875620999999995319740264676511287689208984375,
                        44.62803999999999859937815926969051361083984375,
                        4964.1999999999998181010596454143524169921875
                    ],
                    [
                        -71.875538000000005922629497945308685302734375,
                        44.627893000000000256477505899965763092041015625,
                        4972.8000000000001818989403545856475830078125
                    ],
                    [
                        -71.8755589999999955352905089966952800750732421875,
                        44.62782800000000094087226898409426212310791015625,
                        4981.600000000000363797880709171295166015625
                    ],
                    [
                        -71.8756379999999950314304442144930362701416015625,
                        44.62767699999999848614606889896094799041748046875,
                        5026.899999999999636202119290828704833984375
                    ],
                    [
                        -71.8757930000000015979821910150349140167236328125,
                        44.62764399999999653800841770134866237640380859375,
                        5020.3000000000001818989403545856475830078125
                    ],
                    [
                        -71.875945000000001527951098978519439697265625,
                        44.62754199999999826786734047345817089080810546875,
                        5033.100000000000363797880709171295166015625
                    ],
                    [
                        -71.876069999999998572093318216502666473388671875,
                        44.627487000000002126398612745106220245361328125,
                        5035.399999999999636202119290828704833984375
                    ],
                    [
                        -71.8762420000000048503352445550262928009033203125,
                        44.62749199999999660803950973786413669586181640625,
                        5024.600000000000363797880709171295166015625
                    ],
                    [
                        -71.8762420000000048503352445550262928009033203125,
                        44.62749199999999660803950973786413669586181640625,
                        5024.600000000000363797880709171295166015625
                    ],
                    [
                        -71.876317000000000234649633057415485382080078125,
                        44.6274939999999986639522830955684185028076171875,
                        5018
                    ],
                    [
                        -71.8764929999999964138623909093439579010009765625,
                        44.6274700000000024147084332071244716644287109375,
                        5007.1999999999998181010596454143524169921875
                    ],
                    [
                        -71.876608000000004494722816161811351776123046875,
                        44.6273589999999984456735546700656414031982421875,
                        5001
                    ],
                    [
                        -71.87664399999999886858859099447727203369140625,
                        44.6271899999999988040144671685993671417236328125,
                        5009.5
                    ],
                    [
                        -71.876566999999994322934071533381938934326171875,
                        44.62699400000000338195604854263365268707275390625,
                        5035.399999999999636202119290828704833984375
                    ],
                    [
                        -71.8764929999999964138623909093439579010009765625,
                        44.62677899999999908686731941998004913330078125,
                        5076.100000000000363797880709171295166015625
                    ],
                    [
                        -71.8762660000000010995790944434702396392822265625,
                        44.62660699999999991405275068245828151702880859375,
                        5108.600000000000363797880709171295166015625
                    ],
                    [
                        -71.8760649999999969850250636227428913116455078125,
                        44.6266260000000016816557035781443119049072265625,
                        5123.6999999999998181010596454143524169921875
                    ],
                    [
                        -71.8759850000000000136424205265939235687255859375,
                        44.626655999999996993210515938699245452880859375,
                        5125.6999999999998181010596454143524169921875
                    ],
                    [
                        -71.875867999999996982296579517424106597900390625,
                        44.626677999999998291968950070440769195556640625,
                        5129.899999999999636202119290828704833984375
                    ],
                    [
                        -71.8758360000000067202563514001667499542236328125,
                        44.62674899999999666988514945842325687408447265625,
                        5125.6999999999998181010596454143524169921875
                    ],
                    [
                        -71.875778999999994312020135112106800079345703125,
                        44.6267279999999999517967808060348033905029296875,
                        5134.5
                    ],
                    [
                        -71.8757849999999933743310975842177867889404296875,
                        44.62665799999999904912328929640352725982666015625,
                        5138.8000000000001818989403545856475830078125
                    ],
                    [
                        -71.875730000000004338289727456867694854736328125,
                        44.626609000000001969965524040162563323974609375,
                        5153.899999999999636202119290828704833984375
                    ],
                    [
                        -71.8757959999999940237103146500885486602783203125,
                        44.62643700000000279715095530264079570770263671875,
                        5158.100000000000363797880709171295166015625
                    ],
                    [
                        -71.8758030000000047721187002025544643402099609375,
                        44.626317000000000234649633057415485382080078125,
                        5170.899999999999636202119290828704833984375
                    ],
                    [
                        -71.8758289999999959718479658477008342742919921875,
                        44.6262109999999978526830091141164302825927734375,
                        5179.5
                    ],
                    [
                        -71.87583100000000513318809680640697479248046875,
                        44.62603399999999709280018578283488750457763671875,
                        5194.600000000000363797880709171295166015625
                    ],
                    [
                        -71.8757599999999996498445398174226284027099609375,
                        44.62587800000000015643308870494365692138671875,
                        5231.3000000000001818989403545856475830078125
                    ],
                    [
                        -71.8756680000000045538399717770516872406005859375,
                        44.62577300000000235513653024099767208099365234375,
                        5252.600000000000363797880709171295166015625
                    ],
                    [
                        -71.8756570000000039044607547111809253692626953125,
                        44.625642999999996618498698808252811431884765625,
                        5270
                    ],
                    [
                        -71.8756479999999982055669534020125865936279296875,
                        44.6255129999999979872882249765098094940185546875,
                        5295.899999999999636202119290828704833984375
                    ],
                    [
                        -71.8755790000000018835635273717343807220458984375,
                        44.625405000000000654836185276508331298828125,
                        5308.6999999999998181010596454143524169921875
                    ],
                    [
                        -71.8755019999999973379090079106390476226806640625,
                        44.62528900000000220416040974669158458709716796875,
                        5336.600000000000363797880709171295166015625
                    ],
                    [
                        -71.8754040000000031795934773981571197509765625,
                        44.6252649999999988494892022572457790374755859375,
                        5349.6999999999998181010596454143524169921875
                    ],
                    [
                        -71.875191999999998415660229511559009552001953125,
                        44.62536200000000263798938249237835407257080078125,
                        5293.600000000000363797880709171295166015625
                    ],
                    [
                        -71.8751160000000055561031331308186054229736328125,
                        44.625416000000001304215402342379093170166015625,
                        5289.399999999999636202119290828704833984375
                    ],
                    [
                        -71.8750419999999934361767373047769069671630859375,
                        44.625439000000000078216544352471828460693359375,
                        5287.100000000000363797880709171295166015625
                    ],
                    [
                        -71.874920000000003028617356903851032257080078125,
                        44.6254119999999971923898556269705295562744140625,
                        5295.899999999999636202119290828704833984375
                    ],
                    [
                        -71.8748590000000007194103091023862361907958984375,
                        44.62535799999999852616383577696979045867919921875,
                        5304.5
                    ],
                    [
                        -71.874876999999997906343196518719196319580078125,
                        44.62523999999999801957528688944876194000244140625,
                        5304.5
                    ],
                    [
                        -71.8749069999999932178980088792741298675537109375,
                        44.62511200000000144427758641541004180908203125,
                        5326.100000000000363797880709171295166015625
                    ],
                    [
                        -71.8750399999999984856913215480744838714599609375,
                        44.6249609999999989895513863302767276763916015625,
                        5373.399999999999636202119290828704833984375
                    ],
                    [
                        -71.8750440000000025975168682634830474853515625,
                        44.624831000000000358340912498533725738525390625,
                        5414.399999999999636202119290828704833984375
                    ],
                    [
                        -71.8750419999999934361767373047769069671630859375,
                        44.624741999999997688064468093216419219970703125,
                        5448.8000000000001818989403545856475830078125
                    ],
                    [
                        -71.8749849999999952387952362187206745147705078125,
                        44.62467099999999931014826870523393154144287109375,
                        5457.3000000000001818989403545856475830078125
                    ],
                    [
                        -71.8747129999999998517523636110126972198486328125,
                        44.62458500000000327645466313697397708892822265625,
                        5412.100000000000363797880709171295166015625
                    ],
                    [
                        -71.8745239999999938618202577345073223114013671875,
                        44.62448499999999995679900166578590869903564453125,
                        5403.5
                    ],
                    [
                        -71.8743850000000037425706977955996990203857421875,
                        44.62431099999999872807165957055985927581787109375,
                        5420.600000000000363797880709171295166015625
                    ],
                    [
                        -71.8748379999999968958945828489959239959716796875,
                        44.6239020000000010668372851796448230743408203125,
                        5435.6999999999998181010596454143524169921875
                    ],
                    [
                        -71.874945999999994228346622548997402191162109375,
                        44.6236650000000025784174795262515544891357421875,
                        5442.3000000000001818989403545856475830078125
                    ],
                    [
                        -71.875010000000003174136509187519550323486328125,
                        44.62335999999999813780959811992943286895751953125,
                        5453.100000000000363797880709171295166015625
                    ],
                    [
                        -71.8753099999999989222487783990800380706787109375,
                        44.62305400000000332738636643625795841217041015625,
                        5455.100000000000363797880709171295166015625
                    ],
                    [
                        -71.8757930000000015979821910150349140167236328125,
                        44.62236699999999700594344176352024078369140625,
                        5364.8000000000001818989403545856475830078125
                    ],
                    [
                        -71.87581000000000130967237055301666259765625,
                        44.62225600000000014233592082746326923370361328125,
                        5360.600000000000363797880709171295166015625
                    ],
                    [
                        -71.875846999999993158780853264033794403076171875,
                        44.62200800000000100453689810819923877716064453125,
                        5343.1999999999998181010596454143524169921875
                    ],
                    [
                        -71.8766619999999960555214784108102321624755859375,
                        44.62179400000000129011823446489870548248291015625,
                        5369.100000000000363797880709171295166015625
                    ],
                    [
                        -71.8767519999999962010406306944787502288818359375,
                        44.6217850000000026966517907567322254180908203125,
                        5371.100000000000363797880709171295166015625
                    ],
                    [
                        -71.87682200000000420914147980511188507080078125,
                        44.6217749999999995225152815692126750946044921875,
                        5371.100000000000363797880709171295166015625
                    ],
                    [
                        -71.87686600000000680665834806859493255615234375,
                        44.6217740000000020472725736908614635467529296875,
                        5369.100000000000363797880709171295166015625
                    ],
                    [
                        -71.87700399999999945066520012915134429931640625,
                        44.621746000000001686203177087008953094482421875,
                        5358.3000000000001818989403545856475830078125
                    ],
                    [
                        -71.8770679999999941856003715656697750091552734375,
                        44.62170400000000114459908218123018741607666015625,
                        5349.6999999999998181010596454143524169921875
                    ],
                    [
                        -71.877082000000001471562427468597888946533203125,
                        44.6216969999999975016180542297661304473876953125,
                        5349.6999999999998181010596454143524169921875
                    ],
                    [
                        -71.87709399999999959618435241281986236572265625,
                        44.62168100000000237059794017113745212554931640625,
                        5345.5
                    ],
                    [
                        -71.877105999999997720806277357041835784912109375,
                        44.62166599999999760939317638985812664031982421875,
                        5345.5
                    ],
                    [
                        -71.877115000000003419700078666210174560546875,
                        44.621657999999996491169440560042858123779296875,
                        5338.899999999999636202119290828704833984375
                    ],
                    [
                        -71.877193000000005440597306005656719207763671875,
                        44.6216220000000021173036657273769378662109375,
                        5336.600000000000363797880709171295166015625
                    ],
                    [
                        -71.8772259999999931778802420012652873992919921875,
                        44.62159700000000128738975035957992076873779296875,
                        5334.600000000000363797880709171295166015625
                    ],
                    [
                        -71.8772510000000011132215149700641632080078125,
                        44.62159299999999717556420364417135715484619140625,
                        5334.600000000000363797880709171295166015625
                    ],
                    [
                        -71.877287999999992962329997681081295013427734375,
                        44.62155700000000280169842881150543689727783203125,
                        5338.899999999999636202119290828704833984375
                    ],
                    [
                        -71.8772960000000011859810911118984222412109375,
                        44.62153699999999645342541043646633625030517578125,
                        5338.899999999999636202119290828704833984375
                    ],
                    [
                        -71.87731899999999995998223312199115753173828125,
                        44.62148400000000236786945606581866741180419921875,
                        5351.6999999999998181010596454143524169921875
                    ],
                    [
                        -71.8773369999999971469151205383241176605224609375,
                        44.62146500000000060026650317013263702392578125,
                        5351.6999999999998181010596454143524169921875
                    ],
                    [
                        -71.87736599999999498322722502052783966064453125,
                        44.62142399999999753390511614270508289337158203125,
                        5362.5
                    ],
                    [
                        -71.87736400000000003274180926382541656494140625,
                        44.62141199999999940928319119848310947418212890625,
                        5364.8000000000001818989403545856475830078125
                    ],
                    [
                        -71.8773809999999997444319888018071651458740234375,
                        44.62139599999999717283571953885257244110107421875,
                        5362.5
                    ],
                    [
                        -71.8773819999999972196746966801583766937255859375,
                        44.62138499999999652345650247298181056976318359375,
                        5373.399999999999636202119290828704833984375
                    ],
                    [
                        -71.877396000000004505636752583086490631103515625,
                        44.62136600000000186128090717829763889312744140625,
                        5373.399999999999636202119290828704833984375
                    ],
                    [
                        -71.8773920000000003938112058676779270172119140625,
                        44.6213470000000000936779542826116085052490234375,
                        5373.399999999999636202119290828704833984375
                    ],
                    [
                        -71.877398999999996931364876218140125274658203125,
                        44.62133999999999645069692633114755153656005859375,
                        5373.399999999999636202119290828704833984375
                    ],
                    [
                        -71.8774020000000035679477150551974773406982421875,
                        44.6213120000000031950548873282968997955322265625,
                        5375.6999999999998181010596454143524169921875
                    ],
                    [
                        -71.877465999999998302882886491715908050537109375,
                        44.62129999999999796500560478307306766510009765625,
                        5369.100000000000363797880709171295166015625
                    ],
                    [
                        -71.877488999999997076884028501808643341064453125,
                        44.62131600000000020145307644270360469818115234375,
                        5369.100000000000363797880709171295166015625
                    ],
                    [
                        -71.8775360000000063109837356023490428924560546875,
                        44.62132100000000178852133103646337985992431640625,
                        5369.100000000000363797880709171295166015625
                    ],
                    [
                        -71.8775600000000025602275854907929897308349609375,
                        44.62133999999999645069692633114755153656005859375,
                        5362.5
                    ],
                    [
                        -71.8776090000000067448127083480358123779296875,
                        44.621363000000002330125425942242145538330078125,
                        5362.5
                    ],
                    [
                        -71.8776299999999963574737193994224071502685546875,
                        44.62138900000000063528204918839037418365478515625,
                        5351.6999999999998181010596454143524169921875
                    ],
                    [
                        -71.877666000000004942194209434092044830322265625,
                        44.6214140000000014651959645561873912811279296875,
                        5351.6999999999998181010596454143524169921875
                    ],
                    [
                        -71.877691999999996141923475079238414764404296875,
                        44.62146700000000265617927652783691883087158203125,
                        5347.399999999999636202119290828704833984375
                    ],
                    [
                        -71.8777099999999933288563624955713748931884765625,
                        44.62148499999999984311216394416987895965576171875,
                        5345.5
                    ],
                    [
                        -71.8777099999999933288563624955713748931884765625,
                        44.62148499999999984311216394416987895965576171875,
                        5345.5
                    ],
                    [
                        -71.8777309999999971523720887489616870880126953125,
                        44.62150700000000114187059807591140270233154296875,
                        5345.5
                    ],
                    [
                        -71.877759999999994988684193231165409088134765625,
                        44.62152999999999991587174008600413799285888671875,
                        5345.5
                    ],
                    [
                        -71.87781400000000076033757068216800689697265625,
                        44.62156999999999840156306163407862186431884765625,
                        5341.1999999999998181010596454143524169921875
                    ],
                    [
                        -71.877848000000000183717929758131504058837890625,
                        44.62160200000000287445800495333969593048095703125,
                        5345.5
                    ],
                    [
                        -71.8778829999999970823409967124462127685546875,
                        44.621657999999996491169440560042858123779296875,
                        5341.1999999999998181010596454143524169921875
                    ],
                    [
                        -71.8779459999999943420334602706134319305419921875,
                        44.62170499999999861984179005958139896392822265625,
                        5347.399999999999636202119290828704833984375
                    ],
                    [
                        -71.877982000000002926753950305283069610595703125,
                        44.6217309999999969249984133057296276092529296875,
                        5336.600000000000363797880709171295166015625
                    ],
                    [
                        -71.878028000000000474756234325468540191650390625,
                        44.62177100000000251611709245480597019195556640625,
                        5341.1999999999998181010596454143524169921875
                    ],
                    [
                        -71.8780600000000049476511776447296142578125,
                        44.6218089999999989458956406451761722564697265625,
                        5328.100000000000363797880709171295166015625
                    ],
                    [
                        -71.87808300000000372165231965482234954833984375,
                        44.62182500000000118234311230480670928955078125,
                        5332.3000000000001818989403545856475830078125
                    ],
                    [
                        -71.878108999999994921381585299968719482421875,
                        44.62186799999999919918991508893668651580810546875,
                        5332.3000000000001818989403545856475830078125
                    ],
                    [
                        -71.878108999999994921381585299968719482421875,
                        44.62188900000000302270564134232699871063232421875,
                        5336.600000000000363797880709171295166015625
                    ],
                    [
                        -71.8781230000000022073436412028968334197998046875,
                        44.62188900000000302270564134232699871063232421875,
                        5336.600000000000363797880709171295166015625
                    ],
                    [
                        -71.87815000000000509317032992839813232421875,
                        44.6219099999999997407940099947154521942138671875,
                        5323.8000000000001818989403545856475830078125
                    ],
                    [
                        -71.87817300000000386717147193849086761474609375,
                        44.62191700000000338377503794617950916290283203125,
                        5323.8000000000001818989403545856475830078125
                    ],
                    [
                        -71.8782269999999954279701341874897480010986328125,
                        44.62188900000000302270564134232699871063232421875,
                        5308.6999999999998181010596454143524169921875
                    ],
                    [
                        -71.8782450000000068257577368058264255523681640625,
                        44.6218920000000025538611225783824920654296875,
                        5308.6999999999998181010596454143524169921875
                    ],
                    [
                        -71.8783020000000050231392378918826580047607421875,
                        44.62185600000000107456799014471471309661865234375,
                        5302.1999999999998181010596454143524169921875
                    ],
                    [
                        -71.87835300000000415820977650582790374755859375,
                        44.62182700000000323825588566251099109649658203125,
                        5289.399999999999636202119290828704833984375
                    ],
                    [
                        -71.8783739999999937708707875572144985198974609375,
                        44.62178800000000222780727199278771877288818359375,
                        5285.100000000000363797880709171295166015625
                    ],
                    [
                        -71.878387000000003581590135581791400909423828125,
                        44.62174900000000121735865832306444644927978515625,
                        5285.100000000000363797880709171295166015625
                    ],
                    [
                        -71.8783839999999969450072967447340488433837890625,
                        44.6217070000000006757545634172856807708740234375,
                        5285.100000000000363797880709171295166015625
                    ],
                    [
                        -71.87839900000000170621206052601337432861328125,
                        44.6216620000000006029949872754514217376708984375,
                        5280.8000000000001818989403545856475830078125
                    ],
                    [
                        -71.87839800000000423096935264766216278076171875,
                        44.62164700000000294721758109517395496368408203125,
                        5280.8000000000001818989403545856475830078125
                    ],
                    [
                        -71.878410000000002355591277591884136199951171875,
                        44.6216050000000024056134861893951892852783203125,
                        5282.8000000000001818989403545856475830078125
                    ],
                    [
                        -71.878390999999993482560967095196247100830078125,
                        44.621577999999999519786797463893890380859375,
                        5287.100000000000363797880709171295166015625
                    ],
                    [
                        -71.8783339999999952851794660091400146484375,
                        44.62152300000000337831806973554193973541259765625,
                        5291.6999999999998181010596454143524169921875
                    ],
                    [
                        -71.8783159999999980982465785928070545196533203125,
                        44.62147800000000330555849359370768070220947265625,
                        5295.899999999999636202119290828704833984375
                    ],
                    [
                        -71.8783039999999999736246536485850811004638671875,
                        44.62142300000000005866240826435387134552001953125,
                        5304.5
                    ],
                    [
                        -71.878298999999998386556399054825305938720703125,
                        44.62140600000000034697222872637212276458740234375,
                        5304.5
                    ],
                    [
                        -71.8783159999999980982465785928070545196533203125,
                        44.62138300000000157297108671627938747406005859375,
                        5308.6999999999998181010596454143524169921875
                    ],
                    [
                        -71.8783159999999980982465785928070545196533203125,
                        44.62133899999999897545421845279633998870849609375,
                        5308.6999999999998181010596454143524169921875
                    ],
                    [
                        -71.8782790000000062491380958817899227142333984375,
                        44.621307999999999083229340612888336181640625,
                        5313
                    ],
                    [
                        -71.8782709999999980254870024509727954864501953125,
                        44.6212799999999987221599440090358257293701171875,
                        5313
                    ],
                    [
                        -71.8782240000000030022420105524361133575439453125,
                        44.62120999999999781948645249940454959869384765625,
                        5313
                    ],
                    [
                        -71.8782120000000048776200856082141399383544921875,
                        44.62117500000000092086338554508984088897705078125,
                        5313
                    ],
                    [
                        -71.87817499999999881765688769519329071044921875,
                        44.62115099999999756619217805564403533935546875,
                        5313
                    ],
                    [
                        -71.878163000000000693034962750971317291259765625,
                        44.621115000000003192326403222978115081787109375,
                        5308.6999999999998181010596454143524169921875
                    ],
                    [
                        -71.87817200000000639192876406013965606689453125,
                        44.62109699999999889996615820564329624176025390625,
                        5308.6999999999998181010596454143524169921875
                    ],
                    [
                        -71.8781680000000022801032173447310924530029296875,
                        44.62106099999999742067302577197551727294921875,
                        5302.1999999999998181010596454143524169921875
                    ],
                    [
                        -71.878118999999998095518094487488269805908203125,
                        44.62105600000000293903212877921760082244873046875,
                        5311
                    ],
                    [
                        -71.8780469999999951369318296201527118682861328125,
                        44.62100699999999875444700592197477817535400390625,
                        5315.3000000000001818989403545856475830078125
                    ],
                    [
                        -71.8779980000000051632014219649136066436767578125,
                        44.6209539999999975634636939503252506256103515625,
                        5311
                    ],
                    [
                        -71.8779219999999980927896103821694850921630859375,
                        44.62092799999999925830707070417702198028564453125,
                        5321.5
                    ],
                    [
                        -71.8779009999999942692738841287791728973388671875,
                        44.62092599999999720239429734647274017333984375,
                        5321.5
                    ],
                    [
                        -71.877848999999997658960637636482715606689453125,
                        44.6209080000000000154614099301397800445556640625,
                        5332.3000000000001818989403545856475830078125
                    ],
                    [
                        -71.877825999999998884959495626389980316162109375,
                        44.62086099999999788678906043060123920440673828125,
                        5328.100000000000363797880709171295166015625
                    ],
                    [
                        -71.8778089999999991732693160884082317352294921875,
                        44.62084800000000228692442760802805423736572265625,
                        5328.100000000000363797880709171295166015625
                    ],
                    [
                        -71.8777529999999984511305228807032108306884765625,
                        44.62078799999999745296008768491446971893310546875,
                        5330.399999999999636202119290828704833984375
                    ],
                    [
                        -71.8777099999999933288563624955713748931884765625,
                        44.62075899999999961664798320271074771881103515625,
                        5326.100000000000363797880709171295166015625
                    ],
                    [
                        -71.877714999999994915924617089331150054931640625,
                        44.62075200000000307909431285224854946136474609375,
                        5326.100000000000363797880709171295166015625
                    ],
                    [
                        -71.877714999999994915924617089331150054931640625,
                        44.62073000000000178033587872050702571868896484375,
                        5326.100000000000363797880709171295166015625
                    ],
                    [
                        -71.8777299999999996771293808706104755401611328125,
                        44.62071399999999954388840706087648868560791015625,
                        5319.600000000000363797880709171295166015625
                    ],
                    [
                        -71.877736999999996214683051221072673797607421875,
                        44.620711000000000012732925824820995330810546875,
                        5319.600000000000363797880709171295166015625
                    ],
                    [
                        -71.8777659999999940509951557032763957977294921875,
                        44.62066300000000040881786844693124294281005859375,
                        5319.600000000000363797880709171295166015625
                    ],
                    [
                        -71.8777960000000035734046832658350467681884765625,
                        44.62060699999999968667907523922622203826904296875,
                        5308.6999999999998181010596454143524169921875
                    ],
                    [
                        -71.8778190000000023474058252759277820587158203125,
                        44.6205819999999988567651598714292049407958984375,
                        5306.8000000000001818989403545856475830078125
                    ],
                    [
                        -71.877825000000001409716787748038768768310546875,
                        44.62056499999999914507498033344745635986328125,
                        5306.8000000000001818989403545856475830078125
                    ],
                    [
                        -71.8778420000000011214069672860205173492431640625,
                        44.6205259999999981346263666637241840362548828125,
                        5306.8000000000001818989403545856475830078125
                    ],
                    [
                        -71.8778559999999941965143079869449138641357421875,
                        44.62051100000000047884896048344671726226806640625,
                        5306.8000000000001818989403545856475830078125
                    ],
                    [
                        -71.87785999999999830833985470235347747802734375,
                        44.62049300000000329191607306711375713348388671875,
                        5306.8000000000001818989403545856475830078125
                    ],
                    [
                        -71.8778669999999948458935250528156757354736328125,
                        44.6204800000000005866240826435387134552001953125,
                        5306.8000000000001818989403545856475830078125
                    ],
                    [
                        -71.87785999999999830833985470235347747802734375,
                        44.62047499999999899955582804977893829345703125,
                        5306.8000000000001818989403545856475830078125
                    ],
                    [
                        -71.877827999999993835444911383092403411865234375,
                        44.6204070000000001527951098978519439697265625,
                        5315.3000000000001818989403545856475830078125
                    ],
                    [
                        -71.8778429999999985966496751643717288970947265625,
                        44.62038700000000090994944912381470203399658203125,
                        5315.3000000000001818989403545856475830078125
                    ],
                    [
                        -71.8779099999999999681676854379475116729736328125,
                        44.620328000000000656655174680054187774658203125,
                        5328.100000000000363797880709171295166015625
                    ],
                    [
                        -71.8779459999999943420334602706134319305419921875,
                        44.62031900000000206318873097188770771026611328125,
                        5328.100000000000363797880709171295166015625
                    ],
                    [
                        -71.8779980000000051632014219649136066436767578125,
                        44.6203009999999977708284859545528888702392578125,
                        5334.600000000000363797880709171295166015625
                    ],
                    [
                        -71.878073999999998022758518345654010772705078125,
                        44.62029799999999823967300471849739551544189453125,
                        5336.600000000000363797880709171295166015625
                    ],
                    [
                        -71.87808200000000624640961177647113800048828125,
                        44.62030299999999982674125931225717067718505859375,
                        5336.600000000000363797880709171295166015625
                    ],
                    [
                        -71.8781440000000060308593674562871456146240234375,
                        44.620306999999996833139448426663875579833984375,
                        5338.899999999999636202119290828704833984375
                    ],
                    [
                        -71.8781960000000026411726139485836029052734375,
                        44.62031900000000206318873097188770771026611328125,
                        5338.899999999999636202119290828704833984375
                    ],
                    [
                        -71.8782049999999941292117000557482242584228515625,
                        44.620305000000001882654032669961452484130859375,
                        5338.899999999999636202119290828704833984375
                    ],
                    [
                        -71.8782130000000023528627934865653514862060546875,
                        44.620306999999996833139448426663875579833984375,
                        5338.899999999999636202119290828704833984375
                    ],
                    [
                        -71.878254999999995789039530791342258453369140625,
                        44.6202880000000021709638531319797039031982421875,
                        5336.600000000000363797880709171295166015625
                    ],
                    [
                        -71.87831099999999651117832399904727935791015625,
                        44.620261999999996760379872284829616546630859375,
                        5341.1999999999998181010596454143524169921875
                    ],
                    [
                        -71.8783339999999952851794660091400146484375,
                        44.6201870000000013760654837824404239654541015625,
                        5351.6999999999998181010596454143524169921875
                    ],
                    [
                        -71.878367999999994708559825085103511810302734375,
                        44.62015999999999849023879505693912506103515625,
                        5358.3000000000001818989403545856475830078125
                    ],
                    [
                        -71.8783370000000019217623048461973667144775390625,
                        44.620080999999998994098859839141368865966796875,
                        5364.8000000000001818989403545856475830078125
                    ],
                    [
                        -71.878341000000006033587851561605930328369140625,
                        44.62007100000000292538970825262367725372314453125,
                        5364.8000000000001818989403545856475830078125
                    ],
                    [
                        -71.8783339999999952851794660091400146484375,
                        44.62002700000000032787283998914062976837158203125,
                        5369.100000000000363797880709171295166015625
                    ],
                    [
                        -71.878320000000002210072125308215618133544921875,
                        44.62000299999999697320163249969482421875,
                        5369.100000000000363797880709171295166015625
                    ],
                    [
                        -71.8783260000000012723830877803266048431396484375,
                        44.61996599999999801866579218767583370208740234375,
                        5373.399999999999636202119290828704833984375
                    ],
                    [
                        -71.878343000000000984073267318308353424072265625,
                        44.61993499999999812644091434776782989501953125,
                        5373.399999999999636202119290828704833984375
                    ],
                    [
                        -71.878365000000002282831701450049877166748046875,
                        44.61990300000000075897332862950861454010009765625,
                        5371.100000000000363797880709171295166015625
                    ],
                    [
                        -71.8783770000000004074536263942718505859375,
                        44.61988600000000104728314909152686595916748046875,
                        5371.100000000000363797880709171295166015625
                    ],
                    [
                        -71.8784229999999979554559104144573211669921875,
                        44.61983599999999938745531835593283176422119140625,
                        5358.3000000000001818989403545856475830078125
                    ],
                    [
                        -71.8784679999999980282154865562915802001953125,
                        44.61979900000000043291947804391384124755859375,
                        5351.6999999999998181010596454143524169921875
                    ],
                    [
                        -71.878468999999995503458194434642791748046875,
                        44.61979000000000183945303433574736118316650390625,
                        5351.6999999999998181010596454143524169921875
                    ],
                    [
                        -71.878456999999997378836269490420818328857421875,
                        44.61977900000000119007381726987659931182861328125,
                        5351.6999999999998181010596454143524169921875
                    ],
                    [
                        -71.8784189999999938436303636990487575531005859375,
                        44.6197590000000019472281564958393573760986328125,
                        5351.6999999999998181010596454143524169921875
                    ],
                    [
                        -71.878366999999997233317117206752300262451171875,
                        44.61974500000000176669345819391310214996337890625,
                        5362.5
                    ],
                    [
                        -71.878320000000002210072125308215618133544921875,
                        44.61974699999999671717887395061552524566650390625,
                        5362.5
                    ],
                    [
                        -71.8783030000000024983819457702338695526123046875,
                        44.619742000000002235537976957857608795166015625,
                        5369.100000000000363797880709171295166015625
                    ],
                    [
                        -71.8782819999999986748662195168435573577880859375,
                        44.6197319999999990614014677703380584716796875,
                        5362.5
                    ],
                    [
                        -71.8782609999999948513504932634532451629638671875,
                        44.61970800000000281215761788189411163330078125,
                        5362.5
                    ],
                    [
                        -71.8782460000000043010004446841776371002197265625,
                        44.61967899999999787041815579868853092193603515625,
                        5362.5
                    ],
                    [
                        -71.8782049999999941292117000557482242584228515625,
                        44.61964300000000349655238096602261066436767578125,
                        5360.600000000000363797880709171295166015625
                    ],
                    [
                        -71.878142999999994344761944375932216644287109375,
                        44.6195570000000003574314177967607975006103515625,
                        5354
                    ],
                    [
                        -71.8782609999999948513504932634532451629638671875,
                        44.6194119999999969650161801837384700775146484375,
                        5338.899999999999636202119290828704833984375
                    ],
                    [
                        -71.8782709999999980254870024509727954864501953125,
                        44.61916699999999735837263870052993297576904296875,
                        5313
                    ],
                    [
                        -71.8780349999999970123099046759307384490966796875,
                        44.6191519999999997025952325202524662017822265625,
                        5297.899999999999636202119290828704833984375
                    ],
                    [
                        -71.8776170000000007576090865768492221832275390625,
                        44.61909899999999851161192054860293865203857421875,
                        5254.899999999999636202119290828704833984375
                    ],
                    [
                        -71.87749900000000025102053768932819366455078125,
                        44.619044999999999845385900698602199554443359375,
                        5252.600000000000363797880709171295166015625
                    ],
                    [
                        -71.877284000000003061359166167676448822021484375,
                        44.6186330000000026529960450716316699981689453125,
                        5237.899999999999636202119290828704833984375
                    ],
                    [
                        -71.8773269999999939727786113508045673370361328125,
                        44.6185559999999981073415256105363368988037109375,
                        5233.3000000000001818989403545856475830078125
                    ],
                    [
                        -71.877916999999996505721355788409709930419921875,
                        44.6185100000000005593392415903508663177490234375,
                        5218.5
                    ],
                    [
                        -71.87821800000000393993104808032512664794921875,
                        44.61831200000000308136804960668087005615234375,
                        5188.3000000000001818989403545856475830078125
                    ],
                    [
                        -71.878207000000003290551831014454364776611328125,
                        44.61822000000000087993612396530807018280029296875,
                        5179.5
                    ],
                    [
                        -71.87799300000000357613316737115383148193359375,
                        44.61817400000000333193383994512259960174560546875,
                        5170.899999999999636202119290828704833984375
                    ],
                    [
                        -71.8779710000000022773747332394123077392578125,
                        44.6180370000000010577423381619155406951904296875,
                        5153.899999999999636202119290828704833984375
                    ],
                    [
                        -71.878163999999998168277670629322528839111328125,
                        44.61793800000000231875674217008054256439208984375,
                        5140.6999999999998181010596454143524169921875
                    ],
                    [
                        -71.8782389999999935525920591317117214202880859375,
                        44.61781599999999770034264656715095043182373046875,
                        5125.6999999999998181010596454143524169921875
                    ],
                    [
                        -71.8776380000000045811248128302395343780517578125,
                        44.61755600000000043792169890366494655609130859375,
                        5112.899999999999636202119290828704833984375
                    ],
                    [
                        -71.8777029999999967913026921451091766357421875,
                        44.61750200000000177169567905366420745849609375,
                        5102
                    ],
                    [
                        -71.87817499999999881765688769519329071044921875,
                        44.61751000000000288991941488347947597503662109375,
                        5050.5
                    ],
                    [
                        -71.878120999999993046003510244190692901611328125,
                        44.617434000000002924934960901737213134765625,
                        5041.6999999999998181010596454143524169921875
                    ],
                    [
                        -71.8776600000000058798832469619810581207275390625,
                        44.61725799999999964029484544880688190460205078125,
                        5035.399999999999636202119290828704833984375
                    ],
                    [
                        -71.8773599999999959209162625484168529510498046875,
                        44.61687599999999775945980218239128589630126953125,
                        4994.399999999999636202119290828704833984375
                    ],
                    [
                        -71.8769630000000034897311707027256488800048828125,
                        44.61668499999999681904228054918348789215087890625,
                        4983.600000000000363797880709171295166015625
                    ],
                    [
                        -71.8766619999999960555214784108102321624755859375,
                        44.616624000000001615262590348720550537109375,
                        4962.3000000000001818989403545856475830078125
                    ],
                    [
                        -71.8766710000000017544152797199785709381103515625,
                        44.61642299999999750070855952799320220947265625,
                        4904.1999999999998181010596454143524169921875
                    ],
                    [
                        -71.8766710000000017544152797199785709381103515625,
                        44.61642299999999750070855952799320220947265625,
                        4904.1999999999998181010596454143524169921875
                    ],
                    [
                        -71.8767600000000044246917241252958774566650390625,
                        44.61639000000000265799826593138277530670166015625,
                        4904.1999999999998181010596454143524169921875
                    ],
                    [
                        -71.8779640000000057398210628889501094818115234375,
                        44.61585000000000178488335222937166690826416015625,
                        4813.600000000000363797880709171295166015625
                    ],
                    [
                        -71.8787530000000032259777071885764598846435546875,
                        44.61547699999999849751475267112255096435546875,
                        4725.399999999999636202119290828704833984375
                    ],
                    [
                        -71.8788880000000034442564356140792369842529296875,
                        44.61541600000000329373506247065961360931396484375,
                        4718.8000000000001818989403545856475830078125
                    ],
                    [
                        -71.879018999999999550709617324173450469970703125,
                        44.6153570000000030404407880268990993499755859375,
                        4695.1999999999998181010596454143524169921875
                    ],
                    [
                        -71.8792159999999995534381014294922351837158203125,
                        44.615262999999998783096089027822017669677734375,
                        4682.399999999999636202119290828704833984375
                    ],
                    [
                        -71.8795989999999989095158525742590427398681640625,
                        44.61505100000000112459019874222576618194580078125,
                        4645.6999999999998181010596454143524169921875
                    ],
                    [
                        -71.879785999999995738107827492058277130126953125,
                        44.61493600000000014915713109076023101806640625,
                        4628.600000000000363797880709171295166015625
                    ],
                    [
                        -71.8801519999999953824953990988433361053466796875,
                        44.61469699999999960482455207966268062591552734375,
                        4564
                    ],
                    [
                        -71.8805100000000010140865924768149852752685546875,
                        44.6144460000000009358700481243431568145751953125,
                        4469.1999999999998181010596454143524169921875
                    ],
                    [
                        -71.88069400000000541695044375956058502197265625,
                        44.61433099999999996043698047287762165069580078125,
                        4419.600000000000363797880709171295166015625
                    ],
                    [
                        -71.8810720000000031859599403105676174163818359375,
                        44.61411100000000118370735435746610164642333984375,
                        4346.5
                    ],
                    [
                        -71.881249999999994315658113919198513031005859375,
                        44.6139859999999970341377775184810161590576171875,
                        4318.600000000000363797880709171295166015625
                    ],
                    [
                        -71.881407999999993307937984354794025421142578125,
                        44.61384000000000327190718962810933589935302734375,
                        4305.399999999999636202119290828704833984375
                    ],
                    [
                        -71.8815460000000001627995516173541545867919921875,
                        44.61367400000000316140358336269855499267578125,
                        4318.600000000000363797880709171295166015625
                    ],
                    [
                        -71.8816690000000022564563550986349582672119140625,
                        44.61349899999999735200617578811943531036376953125,
                        4370.100000000000363797880709171295166015625
                    ],
                    [
                        -71.88195500000000492946128360927104949951171875,
                        44.61317799999999778037818032316863536834716796875,
                        4408.8000000000001818989403545856475830078125
                    ],
                    [
                        -71.8820950000000067348082666285336017608642578125,
                        44.61305300000000073623596108518540859222412109375,
                        4378.600000000000363797880709171295166015625
                    ],
                    [
                        -71.8821169999999938227119855582714080810546875,
                        44.613033000000001493390300311148166656494140625,
                        4378.600000000000363797880709171295166015625
                    ],
                    [
                        -71.8823000000000007503331289626657962799072265625,
                        44.61291099999999687497620470821857452392578125,
                        4329.399999999999636202119290828704833984375
                    ],
                    [
                        -71.88249700000000075306161306798458099365234375,
                        44.61281799999999719830157118849456310272216796875,
                        4271
                    ],
                    [
                        -71.8825259999999985893737175501883029937744140625,
                        44.6127469999999988203853718005120754241943359375,
                        4245.399999999999636202119290828704833984375
                    ],
                    [
                        -71.8825369999999992387529346160590648651123046875,
                        44.61267600000000044246917241252958774566650390625,
                        4234.600000000000363797880709171295166015625
                    ],
                    [
                        -71.88252099999999700230546295642852783203125,
                        44.61259299999999683450369047932326793670654296875,
                        4223.8000000000001818989403545856475830078125
                    ],
                    [
                        -71.8822760000000045010892790742218494415283203125,
                        44.6124640000000027839632821269333362579345703125,
                        4215.1999999999998181010596454143524169921875
                    ],
                    [
                        -71.88209399999999504871084354817867279052734375,
                        44.6123419999999981655491865240037441253662109375,
                        4221.5
                    ],
                    [
                        -71.8819299999999969941200106404721736907958984375,
                        44.61219799999999935380401439033448696136474609375,
                        4255.899999999999636202119290828704833984375
                    ],
                    [
                        -71.8817739999999929523255559615790843963623046875,
                        44.61204000000000036152414395473897457122802734375,
                        4303.5
                    ],
                    [
                        -71.881654999999994970494299195706844329833984375,
                        44.61185400000000100817487691529095172882080078125,
                        4281.8000000000001818989403545856475830078125
                    ],
                    [
                        -71.8814569999999974925231072120368480682373046875,
                        44.61146699999999754027157905511558055877685546875,
                        4212.899999999999636202119290828704833984375
                    ],
                    [
                        -71.8813459999999935234882286749780178070068359375,
                        44.61128500000000229874785873107612133026123046875,
                        4202.100000000000363797880709171295166015625
                    ],
                    [
                        -71.881200000000006866684998385608196258544921875,
                        44.611130000000002837623469531536102294921875,
                        4217.1999999999998181010596454143524169921875
                    ],
                    [
                        -71.8810289999999980636857799254357814788818359375,
                        44.611006000000003268723958171904087066650390625,
                        4241.100000000000363797880709171295166015625
                    ],
                    [
                        -71.88082900000000563522917218506336212158203125,
                        44.61090899999999948022377793677151203155517578125,
                        4238.8000000000001818989403545856475830078125
                    ],
                    [
                        -71.880619999999993297024047933518886566162109375,
                        44.6108449999999976398612488992512226104736328125,
                        4221.5
                    ],
                    [
                        -71.880212000000000216459739021956920623779296875,
                        44.61073999999999983856469043530523777008056640625,
                        4206.6999999999998181010596454143524169921875
                    ],
                    [
                        -71.88010900000000447107595391571521759033203125,
                        44.61070699999999789042703923769295215606689453125,
                        4219.5
                    ],
                    [
                        -71.8798029999999954497980070300400257110595703125,
                        44.61061000000000120735421660356223583221435546875,
                        4258.1999999999998181010596454143524169921875
                    ],
                    [
                        -71.8792179999999945039235171861946582794189453125,
                        44.61040899999999709280018578283488750457763671875,
                        4299.1999999999998181010596454143524169921875
                    ],
                    [
                        -71.8793399999999991223376127891242504119873046875,
                        44.6103600000000000136424205265939235687255859375,
                        4303.5
                    ],
                    [
                        -71.87943599999999833016772754490375518798828125,
                        44.61029800000000022919266484677791595458984375,
                        4314.3000000000001818989403545856475830078125
                    ],
                    [
                        -71.879559000000000423824531026184558868408203125,
                        44.61022799999999932651917333714663982391357421875,
                        4320.5
                    ],
                    [
                        -71.87965800000000626823748461902141571044921875,
                        44.61016300000000001091393642127513885498046875,
                        4316.3000000000001818989403545856475830078125
                    ],
                    [
                        -71.8798139999999960991772240959107875823974609375,
                        44.61008000000000350837581208907067775726318359375,
                        4288.399999999999636202119290828704833984375
                    ],
                    [
                        -71.8800020000000046138666220940649509429931640625,
                        44.610017999999996618498698808252811431884765625,
                        4271
                    ],
                    [
                        -71.880144999999998844941728748381137847900390625,
                        44.60993500000000011596057447604835033416748046875,
                        4284.100000000000363797880709171295166015625
                    ],
                    [
                        -71.88024699999999711508280597627162933349609375,
                        44.60983300000000184581949724815785884857177734375,
                        4309.6999999999998181010596454143524169921875
                    ],
                    [
                        -71.8803520000000020218067220412194728851318359375,
                        44.609690000000000509317032992839813232421875,
                        4342.1999999999998181010596454143524169921875
                    ],
                    [
                        -71.8803999999999945202944218181073665618896484375,
                        44.6095499999999987039700499735772609710693359375,
                        4370.100000000000363797880709171295166015625
                    ],
                    [
                        -71.8804310000000015179466572590172290802001953125,
                        44.6094039999999978363121044822037220001220703125,
                        4396
                    ],
                    [
                        -71.880438999999995530743035487830638885498046875,
                        44.60931599999999974670572555623948574066162109375,
                        4404.5
                    ],
                    [
                        -71.88051699999999755164026282727718353271484375,
                        44.6092000000000012960299500264227390289306640625,
                        4413.100000000000363797880709171295166015625
                    ],
                    [
                        -71.8805660000000017362253856845200061798095703125,
                        44.60907999999999873352862778119742870330810546875,
                        4404.5
                    ],
                    [
                        -71.8806589999999943074726616032421588897705078125,
                        44.60897299999999887631929595954716205596923828125,
                        4376.600000000000363797880709171295166015625
                    ],
                    [
                        -71.88080700000000433647073805332183837890625,
                        44.60887100000000060617821873165667057037353515625,
                        4361.5
                    ],
                    [
                        -71.88092399999999315696186386048793792724609375,
                        44.6087729999999993424353306181728839874267578125,
                        4378.600000000000363797880709171295166015625
                    ],
                    [
                        -71.88096699999999827923602424561977386474609375,
                        44.60869600000000190220816875807940959930419921875,
                        4393.6999999999998181010596454143524169921875
                    ],
                    [
                        -71.8809729999999973415469867177307605743408203125,
                        44.60862399999999894362190389074385166168212890625,
                        4423.899999999999636202119290828704833984375
                    ],
                    [
                        -71.880976000000003978129825554788112640380859375,
                        44.6084900000000033060132409445941448211669921875,
                        4482
                    ],
                    [
                        -71.88091900000000578074832446873188018798828125,
                        44.60840900000000175396053236909210681915283203125,
                        4484.3000000000001818989403545856475830078125
                    ],
                    [
                        -71.8808999999999969077180139720439910888671875,
                        44.6083449999999999135980033315718173980712890625,
                        4499.3000000000001818989403545856475830078125
                    ],
                    [
                        -71.880885000000006357367965392768383026123046875,
                        44.6082650000000029422153602354228496551513671875,
                        4516.399999999999636202119290828704833984375
                    ],
                    [
                        -71.880843999999996185579220764338970184326171875,
                        44.60813999999999879264578339643776416778564453125,
                        4538.100000000000363797880709171295166015625
                    ],
                    [
                        -71.8806809999999956062310957349836826324462890625,
                        44.60806500000000340833139489404857158660888671875,
                        4542.3000000000001818989403545856475830078125
                    ],
                    [
                        -71.8806459999999987076080287806689739227294921875,
                        44.60801500000000174850356415845453739166259765625,
                        4542.3000000000001818989403545856475830078125
                    ],
                    [
                        -71.8806249999999948840923025272786617279052734375,
                        44.6079059999999998353814589790999889373779296875,
                        4561.6999999999998181010596454143524169921875
                    ],
                    [
                        -71.8806000000000011596057447604835033416748046875,
                        44.6077700000000021418600226752460002899169921875,
                        4585.3000000000001818989403545856475830078125
                    ],
                    [
                        -71.880596999999994523022905923426151275634765625,
                        44.60768300000000152749635162763297557830810546875,
                        4611.1999999999998181010596454143524169921875
                    ],
                    [
                        -71.8806239999999974088495946489274501800537109375,
                        44.60754200000000224690666073001921176910400390625,
                        4630.600000000000363797880709171295166015625
                    ],
                    [
                        -71.8806560000000018817445379681885242462158203125,
                        44.60732900000000000773070496506989002227783203125,
                        4701.8000000000001818989403545856475830078125
                    ],
                    [
                        -71.8806229999999999336068867705762386322021484375,
                        44.6071409999999985984686645679175853729248046875,
                        4738.1999999999998181010596454143524169921875
                    ],
                    [
                        -71.880482000000000653017195872962474822998046875,
                        44.6069590000000033569449442438781261444091796875,
                        4759.8000000000001818989403545856475830078125
                    ],
                    [
                        -71.8803529999999994970494299195706844329833984375,
                        44.6068149999999974397724145092070102691650390625,
                        4753.3000000000001818989403545856475830078125
                    ],
                    [
                        -71.88033699999999726060195825994014739990234375,
                        44.606729999999998881321516819298267364501953125,
                        4761.8000000000001818989403545856475830078125
                    ],
                    [
                        -71.8802869999999956007741275243461132049560546875,
                        44.6065889999999996007318259216845035552978515625,
                        4813.600000000000363797880709171295166015625
                    ],
                    [
                        -71.880257999999997764462023042142391204833984375,
                        44.6065219999999982292138156481087207794189453125,
                        4822.1999999999998181010596454143524169921875
                    ],
                    [
                        -71.8801610000000010813892004080116748809814453125,
                        44.6063860000000005356923793442547321319580078125,
                        4856.600000000000363797880709171295166015625
                    ],
                    [
                        -71.8800700000000034606273402459919452667236328125,
                        44.60624700000000331101546180434525012969970703125,
                        4882.5
                    ],
                    [
                        -71.8799810000000007903508958406746387481689453125,
                        44.606121999999999161445884965360164642333984375,
                        4904.1999999999998181010596454143524169921875
                    ],
                    [
                        -71.879921999999993431629263795912265777587890625,
                        44.60601700000000136014932650141417980194091796875,
                        4917
                    ],
                    [
                        -71.8798450000000030968294595368206501007080078125,
                        44.60592199999999962756191962398588657379150390625,
                        4917
                    ],
                    [
                        -71.8798450000000030968294595368206501007080078125,
                        44.60592199999999962756191962398588657379150390625,
                        4917
                    ],
                    [
                        -71.879728999999997540726326406002044677734375,
                        44.60578000000000287172952084802091121673583984375,
                        4929.8000000000001818989403545856475830078125
                    ],
                    [
                        -71.879446000000001504304236732423305511474609375,
                        44.60571900000000056252247304655611515045166015625,
                        4919
                    ],
                    [
                        -71.8793529999999947222022456116974353790283203125,
                        44.605693999999999732608557678759098052978515625,
                        4912.6999999999998181010596454143524169921875
                    ],
                    [
                        -71.879288000000002512024366296827793121337890625,
                        44.605648000000002184606273658573627471923828125,
                        4919
                    ],
                    [
                        -71.8792020000000064783307607285678386688232421875,
                        44.60559500000000099362296168692409992218017578125,
                        4927.8000000000001818989403545856475830078125
                    ],
                    [
                        -71.87903199999999515057425014674663543701171875,
                        44.6055520000000029767761589027941226959228515625,
                        4932.100000000000363797880709171295166015625
                    ],
                    [
                        -71.878873999999996158294379711151123046875,
                        44.60548000000000001818989403545856475830078125,
                        4929.8000000000001818989403545856475830078125
                    ],
                    [
                        -71.8787740000000070494934334419667720794677734375,
                        44.605445000000003119566827081143856048583984375,
                        4917
                    ],
                    [
                        -71.8786329999999935580490273423492908477783203125,
                        44.60541599999999817782736499793827533721923828125,
                        4910.399999999999636202119290828704833984375
                    ],
                    [
                        -71.8784660000000030777300707995891571044921875,
                        44.60534599999999727515387348830699920654296875,
                        4901.899999999999636202119290828704833984375
                    ],
                    [
                        -71.8783169999999955734892864711582660675048828125,
                        44.60539399999999687906893086619675159454345703125,
                        4878.3000000000001818989403545856475830078125
                    ],
                    [
                        -71.8781890000000061036189435981214046478271484375,
                        44.6054069999999995843609212897717952728271484375,
                        4860.899999999999636202119290828704833984375
                    ],
                    [
                        -71.8780139999999931887941784225404262542724609375,
                        44.605310000000002901288098655641078948974609375,
                        4860.899999999999636202119290828704833984375
                    ],
                    [
                        -71.8778960000000068930603447370231151580810546875,
                        44.6052379999999999427018337883055210113525390625,
                        4860.899999999999636202119290828704833984375
                    ],
                    [
                        -71.877713999999997440681909210979938507080078125,
                        44.6051379999999966230461723171174526214599609375,
                        4852.399999999999636202119290828704833984375
                    ],
                    [
                        -71.8775229999999965002643875777721405029296875,
                        44.605063999999998713974491693079471588134765625,
                        4856.600000000000363797880709171295166015625
                    ],
                    [
                        -71.8773020000000002482920535840094089508056640625,
                        44.6049900000000008049028110690414905548095703125,
                        4850.100000000000363797880709171295166015625
                    ],
                    [
                        -71.8771980000000070276655605994164943695068359375,
                        44.604950000000002319211489520967006683349609375,
                        4852.399999999999636202119290828704833984375
                    ],
                    [
                        -71.8769980000000003883542376570403575897216796875,
                        44.60494700000000278805600828491151332855224609375,
                        4811.399999999999636202119290828704833984375
                    ],
                    [
                        -71.8769190000000008922143024392426013946533203125,
                        44.60495999999999838792064110748469829559326171875,
                        4783.5
                    ],
                    [
                        -71.8767859999999956244209897704422473907470703125,
                        44.604916000000002895831130445003509521484375,
                        4785.8000000000001818989403545856475830078125
                    ],
                    [
                        -71.876587000000000671207089908421039581298828125,
                        44.60489400000000159707269631326198577880859375,
                        4744.8000000000001818989403545856475830078125
                    ],
                    [
                        -71.876339000000001533408067189157009124755859375,
                        44.604872999999997773556970059871673583984375,
                        4738.1999999999998181010596454143524169921875
                    ],
                    [
                        -71.8762679999999960500645102001726627349853515625,
                        44.60480799999999845795173314400017261505126953125,
                        4740.5
                    ],
                    [
                        -71.8760860000000008085407898761332035064697265625,
                        44.6047080000000022437234292738139629364013671875,
                        4727.399999999999636202119290828704833984375
                    ],
                    [
                        -71.8759199999999935926098260097205638885498046875,
                        44.60464900000000199042915483005344867706298828125,
                        4714.600000000000363797880709171295166015625
                    ],
                    [
                        -71.875733999999994239260558970272541046142578125,
                        44.6046070000000014488250599242746829986572265625,
                        4697.5
                    ],
                    [
                        -71.8755409999999983483576215803623199462890625,
                        44.60452000000000083446138887666165828704833984375,
                        4690.899999999999636202119290828704833984375
                    ],
                    [
                        -71.8754059999999981300788931548595428466796875,
                        44.60444600000000292538970825262367725372314453125,
                        4684.399999999999636202119290828704833984375
                    ],
                    [
                        -71.8751970000000000027284841053187847137451171875,
                        44.60435199999999866804500925354659557342529296875,
                        4658.5
                    ],
                    [
                        -71.8749940000000009376890375278890132904052734375,
                        44.6043030000000015888872439973056316375732421875,
                        4652.1999999999998181010596454143524169921875
                    ],
                    [
                        -71.8748939999999976180333760567009449005126953125,
                        44.6042709999999971159923006780445575714111328125,
                        4652.1999999999998181010596454143524169921875
                    ],
                    [
                        -71.874829000000005407855496741831302642822265625,
                        44.60417799999999743931766715832054615020751953125,
                        4654.1999999999998181010596454143524169921875
                    ],
                    [
                        -71.874876999999997906343196518719196319580078125,
                        44.60402500000000003410605131648480892181396484375,
                        4673.600000000000363797880709171295166015625
                    ],
                    [
                        -71.87488600000000360523699782788753509521484375,
                        44.60396800000000183672455023042857646942138671875,
                        4684.399999999999636202119290828704833984375
                    ],
                    [
                        -71.8748340000000069949237513355910778045654296875,
                        44.603893999999996822225512005388736724853515625,
                        4686.6999999999998181010596454143524169921875
                    ],
                    [
                        -71.874855999999994082827470265328884124755859375,
                        44.603848999999996749465935863554477691650390625,
                        4692.899999999999636202119290828704833984375
                    ],
                    [
                        -71.87488600000000360523699782788753509521484375,
                        44.6038199999999989131538313813507556915283203125,
                        4703.6999999999998181010596454143524169921875
                    ],
                    [
                        -71.8749540000000024519977159798145294189453125,
                        44.6037979999999976143953972496092319488525390625,
                        4703.6999999999998181010596454143524169921875
                    ],
                    [
                        -71.8750629999999972596924635581672191619873046875,
                        44.60378899999999902092895354144275188446044921875,
                        4751.3000000000001818989403545856475830078125
                    ],
                    [
                        -71.8751879999999943038346827961504459381103515625,
                        44.603848999999996749465935863554477691650390625,
                        4751.3000000000001818989403545856475830078125
                    ],
                    [
                        -71.8752559999999931505954009480774402618408203125,
                        44.60390799999999700276021030731499195098876953125,
                        4753.3000000000001818989403545856475830078125
                    ],
                    [
                        -71.8753209999999995716279954649507999420166015625,
                        44.60397499999999837427822058089077472686767578125,
                        4744.8000000000001818989403545856475830078125
                    ],
                    [
                        -71.875418999999993729943525977432727813720703125,
                        44.60407599999999916917658993043005466461181640625,
                        4749
                    ],
                    [
                        -71.875527000000005273250280879437923431396484375,
                        44.6041680000000013706085155718028545379638671875,
                        4738.1999999999998181010596454143524169921875
                    ],
                    [
                        -71.8756460000000032550815376453101634979248046875,
                        44.6041689999999988458512234501540660858154296875,
                        4755.600000000000363797880709171295166015625
                    ],
                    [
                        -71.875710999999995465259416960179805755615234375,
                        44.60409899999999794317773194052278995513916015625,
                        4785.8000000000001818989403545856475830078125
                    ],
                    [
                        -71.8757039999999989277057466097176074981689453125,
                        44.6040229999999979781932779587805271148681640625,
                        4822.1999999999998181010596454143524169921875
                    ],
                    [
                        -71.8757460000000065747371991164982318878173828125,
                        44.6039719999999988431227393448352813720703125,
                        4854.6999999999998181010596454143524169921875
                    ],
                    [
                        -71.8758059999999971978468238376080989837646484375,
                        44.60396899999999931196725810877978801727294921875,
                        4854.6999999999998181010596454143524169921875
                    ],
                    [
                        -71.875935999999995829057297669351100921630859375,
                        44.60399300000000266663846559822559356689453125,
                        4869.8000000000001818989403545856475830078125
                    ],
                    [
                        -71.8761070000000046320565161295235157012939453125,
                        44.6040169999999989158823154866695404052734375,
                        4897.600000000000363797880709171295166015625
                    ],
                    [
                        -71.8762559999999979254425852559506893157958984375,
                        44.60410799999999653664417564868927001953125,
                        4895.3000000000001818989403545856475830078125
                    ],
                    [
                        -71.8762899999999973488229443319141864776611328125,
                        44.604162999999999783540260978043079376220703125,
                        4880.1999999999998181010596454143524169921875
                    ],
                    [
                        -71.8763679999999993697201716713607311248779296875,
                        44.60421800000000303043634630739688873291015625,
                        4897.600000000000363797880709171295166015625
                    ],
                    [
                        -71.8764890000000065128915593959391117095947265625,
                        44.60426199999999852252585696987807750701904296875,
                        4897.600000000000363797880709171295166015625
                    ],
                    [
                        -71.876607000000007019480108283460140228271484375,
                        44.60432300000000083173290477134287357330322265625,
                        4910.399999999999636202119290828704833984375
                    ],
                    [
                        -71.8767380000000031259332899935543537139892578125,
                        44.604376000000002022716216742992401123046875,
                        4910.399999999999636202119290828704833984375
                    ],
                    [
                        -71.8768189999999975725586409680545330047607421875,
                        44.604455000000001518856151960790157318115234375,
                        4912.6999999999998181010596454143524169921875
                    ],
                    [
                        -71.876990000000006375557859428226947784423828125,
                        44.60453100000000148384060594253242015838623046875,
                        4908.5
                    ],
                    [
                        -71.877118999999993320670910179615020751953125,
                        44.60450399999999859801391721703112125396728515625,
                        4951.399999999999636202119290828704833984375
                    ],
                    [
                        -71.8770710000000008221832104027271270751953125,
                        44.6044619999999980564098223112523555755615234375,
                        4953.399999999999636202119290828704833984375
                    ],
                    [
                        -71.8769850000000047884896048344671726226806640625,
                        44.60439699999999874080458539538085460662841796875,
                        4955.6999999999998181010596454143524169921875
                    ],
                    [
                        -71.876902000000001180524122901260852813720703125,
                        44.6043499999999966121322358958423137664794921875,
                        4940.600000000000363797880709171295166015625
                    ],
                    [
                        -71.8767730000000000245563569478690624237060546875,
                        44.60428499999999729652699897997081279754638671875,
                        4942.899999999999636202119290828704833984375
                    ],
                    [
                        -71.8765800000000041336534195579588413238525390625,
                        44.6042350000000027421265258453786373138427734375,
                        4910.399999999999636202119290828704833984375
                    ],
                    [
                        -71.87655300000000124782673083245754241943359375,
                        44.60419499999999715100784669630229473114013671875,
                        4927.8000000000001818989403545856475830078125
                    ],
                    [
                        -71.8765829999999965593815431930124759674072265625,
                        44.6041359999999968977135722525417804718017578125,
                        4942.899999999999636202119290828704833984375
                    ],
                    [
                        -71.8767140000000068766894401051104068756103515625,
                        44.60413199999999989131538313813507556915283203125,
                        4975.100000000000363797880709171295166015625
                    ],
                    [
                        -71.8768749999999982946974341757595539093017578125,
                        44.6041910000000001446096575818955898284912109375,
                        4992.5
                    ],
                    [
                        -71.87696099999999432839103974401950836181640625,
                        44.60417400000000043291947804391384124755859375,
                        5007.1999999999998181010596454143524169921875
                    ],
                    [
                        -71.8771540000000044301486923359334468841552734375,
                        44.60417000000000342652128892950713634490966796875,
                        5037.399999999999636202119290828704833984375
                    ],
                    [
                        -71.877285000000000536601874046027660369873046875,
                        44.60421199999999686269802623428404331207275390625,
                        5061.399999999999636202119290828704833984375
                    ],
                    [
                        -71.8774350000000055160853662528097629547119140625,
                        44.6043269999999978381310938857495784759521484375,
                        5037.399999999999636202119290828704833984375
                    ],
                    [
                        -71.87763400000000046929926611483097076416015625,
                        44.60435199999999866804500925354659557342529296875,
                        5050.5
                    ],
                    [
                        -71.87772499999999809006112627685070037841796875,
                        44.60437499999999744204615126363933086395263671875,
                        5059.100000000000363797880709171295166015625
                    ],
                    [
                        -71.877757000000002562956069596111774444580078125,
                        44.60431700000000176942194229923188686370849609375,
                        5076.100000000000363797880709171295166015625
                    ],
                    [
                        -71.8777979999999985238900990225374698638916015625,
                        44.6042580000000015161276678554713726043701171875,
                        5100.100000000000363797880709171295166015625
                    ],
                    [
                        -71.877939999999995279722497798502445220947265625,
                        44.60427299999999917190507403574883937835693359375,
                        5104.3000000000001818989403545856475830078125
                    ],
                    [
                        -71.87808200000000624640961177647113800048828125,
                        44.604343999999997549821273423731327056884765625,
                        5080.6999999999998181010596454143524169921875
                    ],
                    [
                        -71.87821900000000141517375595867633819580078125,
                        44.60435700000000025511326384730637073516845703125,
                        5086.899999999999636202119290828704833984375
                    ],
                    [
                        -71.8784169999999988931449479423463344573974609375,
                        44.60442400000000162663127412088215351104736328125,
                        5104.3000000000001818989403545856475830078125
                    ],
                    [
                        -71.8784600000000040154191083274781703948974609375,
                        44.604501999999996542101143859326839447021484375,
                        5091.1999999999998181010596454143524169921875
                    ],
                    [
                        -71.878502999999994926838553510606288909912109375,
                        44.6045519999999982019289745949208736419677734375,
                        5089.1999999999998181010596454143524169921875
                    ],
                    [
                        -71.8786180000000030076989787630736827850341796875,
                        44.6045519999999982019289745949208736419677734375,
                        5102
                    ],
                    [
                        -71.878615999999993846358847804367542266845703125,
                        44.60447599999999823694452061317861080169677734375,
                        5117.100000000000363797880709171295166015625
                    ],
                    [
                        -71.8786520000000024310793378390371799468994140625,
                        44.60443500000000227601049118675291538238525390625,
                        5132.1999999999998181010596454143524169921875
                    ],
                    [
                        -71.878725000000002864908310584723949432373046875,
                        44.60444700000000040063241613097488880157470703125,
                        5147.3000000000001818989403545856475830078125
                    ],
                    [
                        -71.879040000000003374225343577563762664794921875,
                        44.60448999999999841747921891510486602783203125,
                        5190.3000000000001818989403545856475830078125
                    ],
                    [
                        -71.8792040000000014288161764852702617645263671875,
                        44.60454800000000119553078548051416873931884765625,
                        5201.100000000000363797880709171295166015625
                    ],
                    [
                        -71.879358999999993784513208083808422088623046875,
                        44.60449799999999953570295474492013454437255859375,
                        5246.399999999999636202119290828704833984375
                    ],
                    [
                        -71.880370999999996683982317335903644561767578125,
                        44.60502799999999723468135925941169261932373046875,
                        5209.600000000000363797880709171295166015625
                    ],
                    [
                        -71.880582000000003972672857344150543212890625,
                        44.6052049999999979945641825906932353973388671875,
                        5184.100000000000363797880709171295166015625
                    ],
                    [
                        -71.8812420000000003028617356903851032257080078125,
                        44.60594400000000092632035375572741031646728515625,
                        5065.600000000000363797880709171295166015625
                    ],
                    [
                        -71.8813880000000011705196811817586421966552734375,
                        44.606077999999996563929016701877117156982421875,
                        5048.1999999999998181010596454143524169921875
                    ],
                    [
                        -71.88162099999999554711394011974334716796875,
                        44.606234000000000605723471380770206451416015625,
                        5048.1999999999998181010596454143524169921875
                    ],
                    [
                        -71.8821319999999985839167493395507335662841796875,
                        44.60667099999999862802724237553775310516357421875,
                        4940.600000000000363797880709171295166015625
                    ],
                    [
                        -71.8825690000000037116478779353201389312744140625,
                        44.6071850000000011959855328314006328582763671875,
                        4895.3000000000001818989403545856475830078125
                    ],
                    [
                        -71.8830099999999987403498380444943904876708984375,
                        44.6076690000000013469616533257067203521728515625,
                        4828.6999999999998181010596454143524169921875
                    ],
                    [
                        -71.883117999999996072801877744495868682861328125,
                        44.6077539999999999054125510156154632568359375,
                        4828.6999999999998181010596454143524169921875
                    ],
                    [
                        -71.8832570000000004029061528854072093963623046875,
                        44.60780799999999857163857086561620235443115234375,
                        4824.5
                    ],
                    [
                        -71.8836380000000048084984882734715938568115234375,
                        44.607833999999996876795194111764430999755859375,
                        4858.899999999999636202119290828704833984375
                    ],
                    [
                        -71.88403099999999312785803340375423431396484375,
                        44.60778400000000232239472097717225551605224609375,
                        4934.100000000000363797880709171295166015625
                    ],
                    [
                        -71.8843580000000059726517065428197383880615234375,
                        44.6076819999999969468262861482799053192138671875,
                        4985.899999999999636202119290828704833984375
                    ],
                    [
                        -71.884534999999999627107172273099422454833984375,
                        44.60764400000000051704773795790970325469970703125,
                        4990.1999999999998181010596454143524169921875
                    ],
                    [
                        -71.8848080000000067002474679611623287200927734375,
                        44.60763299999999986766852089203894138336181640625,
                        4998.6999999999998181010596454143524169921875
                    ],
                    [
                        -71.885028000000005476977094076573848724365234375,
                        44.60766000000000275349520961754024028778076171875,
                        4987.899999999999636202119290828704833984375
                    ],
                    [
                        -71.8851619999999940091583994217216968536376953125,
                        44.607652999999999110514181666076183319091796875,
                        4981.600000000000363797880709171295166015625
                    ],
                    [
                        -71.885266000000001440639607608318328857421875,
                        44.6076240000000012742020771838724613189697265625,
                        4968.5
                    ],
                    [
                        -71.88542599999999538340489380061626434326171875,
                        44.607540000000000190993887372314929962158203125,
                        4968.5
                    ],
                    [
                        -71.88564700000000584623194299638271331787109375,
                        44.60738099999999661804395145736634731292724609375,
                        5005.1999999999998181010596454143524169921875
                    ],
                    [
                        -71.885818999999997913619154132902622222900390625,
                        44.607292000000001053194864653050899505615234375,
                        5033.100000000000363797880709171295166015625
                    ],
                    [
                        -71.8861830000000026075213099829852581024169921875,
                        44.607157000000000834916136227548122406005859375,
                        5059.100000000000363797880709171295166015625
                    ],
                    [
                        -71.8862759999999951787685859017074108123779296875,
                        44.60709800000000058162186178378760814666748046875,
                        5063.3000000000001818989403545856475830078125
                    ],
                    [
                        -71.8868949999999955480234348215162754058837890625,
                        44.60640500000000230329533223994076251983642578125,
                        5082.6999999999998181010596454143524169921875
                    ],
                    [
                        -71.88695500000000038198777474462985992431640625,
                        44.606347999999997000486473552882671356201171875,
                        5102
                    ],
                    [
                        -71.8870299999999957663021632470190525054931640625,
                        44.6063070000000010395524441264569759368896484375,
                        5100.100000000000363797880709171295166015625
                    ],
                    [
                        -71.887159999999994397512637078762054443359375,
                        44.60629800000000244608600041829049587249755859375,
                        5100.100000000000363797880709171295166015625
                    ],
                    [
                        -71.88740400000000363434082828462123870849609375,
                        44.60637299999999783040038892067968845367431640625,
                        5080.6999999999998181010596454143524169921875
                    ],
                    [
                        -71.8875699999999966394170769490301609039306640625,
                        44.6064089999999993096935213543474674224853515625,
                        5063.3000000000001818989403545856475830078125
                    ],
                    [
                        -71.8876819999999980836946633644402027130126953125,
                        44.606413000000003421519068069756031036376953125,
                        5039.6999999999998181010596454143524169921875
                    ],
                    [
                        -71.8878289999999964265953167341649532318115234375,
                        44.60639499999999912915882305242121219635009765625,
                        5026.899999999999636202119290828704833984375
                    ],
                    [
                        -71.8882440000000002555680111981928348541259765625,
                        44.606278000000003203240339644253253936767578125,
                        5009.5
                    ],
                    [
                        -71.888362000000000762156560085713863372802734375,
                        44.6062299999999964938979246653616428375244140625,
                        5020.3000000000001818989403545856475830078125
                    ],
                    [
                        -71.8885010000000050922608352266252040863037109375,
                        44.60612900000000280442691291682422161102294921875,
                        5035.399999999999636202119290828704833984375
                    ],
                    [
                        -71.888564999999999827196006663143634796142578125,
                        44.606032999999996491169440560042858123779296875,
                        5067.600000000000363797880709171295166015625
                    ],
                    [
                        -71.888655999999997447957866825163364410400390625,
                        44.60583199999999948204276734031736850738525390625,
                        5097.8000000000001818989403545856475830078125
                    ],
                    [
                        -71.8887169999999997571649146266281604766845703125,
                        44.60551600000000149748302646912634372711181640625,
                        5054.8000000000001818989403545856475830078125
                    ],
                    [
                        -71.888765000000006466507329605519771575927734375,
                        44.60545400000000171303327078931033611297607421875,
                        5046.3000000000001818989403545856475830078125
                    ],
                    [
                        -71.8891919999999942092472338117659091949462890625,
                        44.60513999999999867895894567482173442840576171875,
                        5031.1999999999998181010596454143524169921875
                    ],
                    [
                        -71.8895459999999957290128804743289947509765625,
                        44.60484900000000152431312017142772674560546875,
                        5069.899999999999636202119290828704833984375
                    ],
                    [
                        -71.8899430000000023710526875220239162445068359375,
                        44.60458799999999968122210702858865261077880859375,
                        5059.100000000000363797880709171295166015625
                    ],
                    [
                        -71.8901350000000007867129170335829257965087890625,
                        44.6045060000000006539266905747354030609130859375,
                        5037.399999999999636202119290828704833984375
                    ],
                    [
                        -71.890502999999995381585904397070407867431640625,
                        44.604455000000001518856151960790157318115234375,
                        5065.600000000000363797880709171295166015625
                    ],
                    [
                        -71.8907640000000043301042751409113407135009765625,
                        44.6044669999999996434780769050121307373046875,
                        5063.3000000000001818989403545856475830078125
                    ],
                    [
                        -71.890860000000003537934389896690845489501953125,
                        44.6044610000000005811671144329011440277099609375,
                        5067.600000000000363797880709171295166015625
                    ],
                    [
                        -71.8909230000000007976268534548580646514892578125,
                        44.60443699999999722649590694345533847808837890625,
                        5067.600000000000363797880709171295166015625
                    ],
                    [
                        -71.8911279999999948131517157889902591705322265625,
                        44.6042920000000009395080269314348697662353515625,
                        5082.6999999999998181010596454143524169921875
                    ],
                    [
                        -71.891131999999998924977262504398822784423828125,
                        44.6042139999999989186107995919883251190185546875,
                        5086.899999999999636202119290828704833984375
                    ],
                    [
                        -71.891086999999998852217686362564563751220703125,
                        44.60416000000000025238477974198758602142333984375,
                        5086.899999999999636202119290828704833984375
                    ],
                    [
                        -71.8912169999999974834281601943075656890869140625,
                        44.6043360000000035370248951949179172515869140625,
                        5082.6999999999998181010596454143524169921875
                    ],
                    [
                        -71.891426999999993086021277122199535369873046875,
                        44.60452699999999737201505922712385654449462890625,
                        5067.600000000000363797880709171295166015625
                    ],
                    [
                        -71.8917509999999992942321114242076873779296875,
                        44.60472899999999896181179792620241641998291015625,
                        5078.399999999999636202119290828704833984375
                    ],
                    [
                        -71.892076000000002977685653604567050933837890625,
                        44.604973999999998568455339409410953521728515625,
                        5123.6999999999998181010596454143524169921875
                    ],
                    [
                        -71.8922280000000029076545615680515766143798828125,
                        44.6050680000000028258000384084880352020263671875,
                        5143
                    ],
                    [
                        -71.8924430000000000973159330897033214569091796875,
                        44.6051870000000008076312951743602752685546875,
                        5170.899999999999636202119290828704833984375
                    ],
                    [
                        -71.892662000000001398802851326763629913330078125,
                        44.60529799999999767123881611041724681854248046875,
                        5192.600000000000363797880709171295166015625
                    ],
                    [
                        -71.892786999999998442945070564746856689453125,
                        44.60534599999999727515387348830699920654296875,
                        5192.600000000000363797880709171295166015625
                    ],
                    [
                        -71.892931000000004360117600299417972564697265625,
                        44.6053830000000033351170714013278484344482421875,
                        5181.8000000000001818989403545856475830078125
                    ],
                    [
                        -71.8932089999999988094714353792369365692138671875,
                        44.60542199999999724013832747004926204681396484375,
                        5149.600000000000363797880709171295166015625
                    ],
                    [
                        -71.8932740000000052305040298961102962493896484375,
                        44.6054409999999990077412803657352924346923828125,
                        5138.8000000000001818989403545856475830078125
                    ],
                    [
                        -71.8933760000000035006451071240007877349853515625,
                        44.60548899999999861165633774362504482269287109375,
                        5134.5
                    ],
                    [
                        -71.893968999999998459315975196659564971923828125,
                        44.6058170000000018262653611600399017333984375,
                        5179.5
                    ],
                    [
                        -71.8945939999999978908817865885794162750244140625,
                        44.60611399999999804322214913554489612579345703125,
                        5181.8000000000001818989403545856475830078125
                    ],
                    [
                        -71.8945360000000022182575776241719722747802734375,
                        44.60633399999999681995177525095641613006591796875,
                        5166.6999999999998181010596454143524169921875
                    ],
                    [
                        -71.894509999999996807673596777021884918212890625,
                        44.60637799999999941746864351443946361541748046875,
                        5162.399999999999636202119290828704833984375
                    ],
                    [
                        -71.8945049999999952206053421832621097564697265625,
                        44.6064209999999974343154462985694408416748046875,
                        5164.399999999999636202119290828704833984375
                    ],
                    [
                        -71.89451800000000503132469020783901214599609375,
                        44.6064640000000025565896066837012767791748046875,
                        5164.399999999999636202119290828704833984375
                    ],
                    [
                        -71.8945379999999971687429933808743953704833984375,
                        44.60650299999999646161086275242269039154052734375,
                        5173.1999999999998181010596454143524169921875
                    ],
                    [
                        -71.894555999999994355675880797207355499267578125,
                        44.6065219999999982292138156481087207794189453125,
                        5173.1999999999998181010596454143524169921875
                    ],
                    [
                        -71.8944529999999986102920956909656524658203125,
                        44.6066550000000034970071283169090747833251953125,
                        5166.6999999999998181010596454143524169921875
                    ],
                    [
                        -71.894330999999993991878000088036060333251953125,
                        44.60676500000000288537194137461483478546142578125,
                        5164.399999999999636202119290828704833984375
                    ],
                    [
                        -71.8941200000000009140421752817928791046142578125,
                        44.60696800000000195041138795204460620880126953125,
                        5162.399999999999636202119290828704833984375
                    ],
                    [
                        -71.8939179999999993242454365827143192291259765625,
                        44.607179000000002133674570359289646148681640625,
                        5166.6999999999998181010596454143524169921875
                    ],
                    [
                        -71.8937150000000002592059900052845478057861328125,
                        44.60739199999999726742316852323710918426513671875,
                        5162.399999999999636202119290828704833984375
                    ],
                    [
                        -71.8936139999999994643076206557452678680419921875,
                        44.60749899999999712463250034488737583160400390625,
                        5186
                    ],
                    [
                        -71.893506999999999607098288834095001220703125,
                        44.60764000000000351064954884350299835205078125,
                        5205.399999999999636202119290828704833984375
                    ],
                    [
                        -71.89341899999999441206455230712890625,
                        44.607765999999998030034475959837436676025390625,
                        5233.3000000000001818989403545856475830078125
                    ],
                    [
                        -71.8933119999999945548552204854786396026611328125,
                        44.6079059999999998353814589790999889373779296875,
                        5220.5
                    ],
                    [
                        -71.8931869999999975107130012474954128265380859375,
                        44.607989000000003443346940912306308746337890625,
                        5205.399999999999636202119290828704833984375
                    ],
                    [
                        -71.893157999999999674400896765291690826416015625,
                        44.60809499999999871988620725460350513458251953125,
                        5209.600000000000363797880709171295166015625
                    ],
                    [
                        -71.893201000000004796675057150423526763916015625,
                        44.6082320000000009940777090378105640411376953125,
                        5205.399999999999636202119290828704833984375
                    ],
                    [
                        -71.893227999999993471647030673921108245849609375,
                        44.6084800000000001318767317570745944976806640625,
                        5169
                    ],
                    [
                        -71.8932379999999966457835398614406585693359375,
                        44.6086140000000028749127523042261600494384765625,
                        5151.600000000000363797880709171295166015625
                    ],
                    [
                        -71.8932649999999995316102285869419574737548828125,
                        44.60872100000000273212208412587642669677734375,
                        5160.100000000000363797880709171295166015625
                    ],
                    [
                        -71.8932649999999995316102285869419574737548828125,
                        44.60876900000000233603714150376617908477783203125,
                        5155.8000000000001818989403545856475830078125
                    ],
                    [
                        -71.8932170000000070331225288100540637969970703125,
                        44.608913000000001147782313637435436248779296875,
                        5132.1999999999998181010596454143524169921875
                    ],
                    [
                        -71.8931659999999936871972749941051006317138671875,
                        44.60906200000000154659574036486446857452392578125,
                        5140.6999999999998181010596454143524169921875
                    ],
                    [
                        -71.893178000000006022673915140330791473388671875,
                        44.609273999999999205101630650460720062255859375,
                        5158.100000000000363797880709171295166015625
                    ],
                    [
                        -71.8932870000000008303686627186834812164306640625,
                        44.60956800000000299633029499091207981109619140625,
                        5134.5
                    ],
                    [
                        -71.89334900000000061481841839849948883056640625,
                        44.60974499999999665078576072119176387786865234375,
                        5115.1999999999998181010596454143524169921875
                    ],
                    [
                        -71.89343900000000076033757068216800689697265625,
                        44.60985199999999650799509254284203052520751953125,
                        5102
                    ],
                    [
                        -71.8935479999999955680323182605206966400146484375,
                        44.60993400000000264071786659769713878631591796875,
                        5097.8000000000001818989403545856475830078125
                    ],
                    [
                        -71.89357300000000350337359122931957244873046875,
                        44.609971000000001595253706909716129302978515625,
                        5085
                    ],
                    [
                        -71.8936139999999994643076206557452678680419921875,
                        44.610084999999997990016709081828594207763671875,
                        5063.3000000000001818989403545856475830078125
                    ],
                    [
                        -71.89366300000000364889274351298809051513671875,
                        44.61011700000000246291165240108966827392578125,
                        5063.3000000000001818989403545856475830078125
                    ],
                    [
                        -71.8937130000000053087205742485821247100830078125,
                        44.61019300000000242789610638283193111419677734375,
                        5056.8000000000001818989403545856475830078125
                    ],
                    [
                        -71.8937130000000053087205742485821247100830078125,
                        44.61019300000000242789610638283193111419677734375,
                        5056.8000000000001818989403545856475830078125
                    ],
                    [
                        -71.8937130000000053087205742485821247100830078125,
                        44.61019300000000242789610638283193111419677734375,
                        5056.8000000000001818989403545856475830078125
                    ],
                    [
                        -71.8937130000000053087205742485821247100830078125,
                        44.61019300000000242789610638283193111419677734375,
                        5056.8000000000001818989403545856475830078125
                    ],
                    [
                        -71.89366300000000364889274351298809051513671875,
                        44.61011700000000246291165240108966827392578125,
                        5063.3000000000001818989403545856475830078125
                    ],
                    [
                        -71.8936139999999994643076206557452678680419921875,
                        44.610084999999997990016709081828594207763671875,
                        5063.3000000000001818989403545856475830078125
                    ],
                    [
                        -71.89357300000000350337359122931957244873046875,
                        44.609971000000001595253706909716129302978515625,
                        5085
                    ],
                    [
                        -71.8935479999999955680323182605206966400146484375,
                        44.60993400000000264071786659769713878631591796875,
                        5097.8000000000001818989403545856475830078125
                    ],
                    [
                        -71.89343900000000076033757068216800689697265625,
                        44.60985199999999650799509254284203052520751953125,
                        5102
                    ],
                    [
                        -71.89334900000000061481841839849948883056640625,
                        44.60974499999999665078576072119176387786865234375,
                        5115.1999999999998181010596454143524169921875
                    ],
                    [
                        -71.8932870000000008303686627186834812164306640625,
                        44.60956800000000299633029499091207981109619140625,
                        5134.5
                    ],
                    [
                        -71.893178000000006022673915140330791473388671875,
                        44.609273999999999205101630650460720062255859375,
                        5158.100000000000363797880709171295166015625
                    ],
                    [
                        -71.8931659999999936871972749941051006317138671875,
                        44.60906200000000154659574036486446857452392578125,
                        5140.6999999999998181010596454143524169921875
                    ],
                    [
                        -71.8932170000000070331225288100540637969970703125,
                        44.608913000000001147782313637435436248779296875,
                        5132.1999999999998181010596454143524169921875
                    ],
                    [
                        -71.8932649999999995316102285869419574737548828125,
                        44.60876900000000233603714150376617908477783203125,
                        5155.8000000000001818989403545856475830078125
                    ],
                    [
                        -71.8932649999999995316102285869419574737548828125,
                        44.60872100000000273212208412587642669677734375,
                        5160.100000000000363797880709171295166015625
                    ],
                    [
                        -71.8932379999999966457835398614406585693359375,
                        44.6086140000000028749127523042261600494384765625,
                        5151.600000000000363797880709171295166015625
                    ],
                    [
                        -71.893227999999993471647030673921108245849609375,
                        44.6084800000000001318767317570745944976806640625,
                        5169
                    ],
                    [
                        -71.893201000000004796675057150423526763916015625,
                        44.6082320000000009940777090378105640411376953125,
                        5205.399999999999636202119290828704833984375
                    ],
                    [
                        -71.893157999999999674400896765291690826416015625,
                        44.60809499999999871988620725460350513458251953125,
                        5209.600000000000363797880709171295166015625
                    ],
                    [
                        -71.8931869999999975107130012474954128265380859375,
                        44.607989000000003443346940912306308746337890625,
                        5205.399999999999636202119290828704833984375
                    ],
                    [
                        -71.8933119999999945548552204854786396026611328125,
                        44.6079059999999998353814589790999889373779296875,
                        5220.5
                    ],
                    [
                        -71.89341899999999441206455230712890625,
                        44.607765999999998030034475959837436676025390625,
                        5233.3000000000001818989403545856475830078125
                    ],
                    [
                        -71.893506999999999607098288834095001220703125,
                        44.60764000000000351064954884350299835205078125,
                        5205.399999999999636202119290828704833984375
                    ],
                    [
                        -71.8936139999999994643076206557452678680419921875,
                        44.60749899999999712463250034488737583160400390625,
                        5186
                    ],
                    [
                        -71.8937150000000002592059900052845478057861328125,
                        44.60739199999999726742316852323710918426513671875,
                        5162.399999999999636202119290828704833984375
                    ],
                    [
                        -71.8939179999999993242454365827143192291259765625,
                        44.607179000000002133674570359289646148681640625,
                        5166.6999999999998181010596454143524169921875
                    ],
                    [
                        -71.8941200000000009140421752817928791046142578125,
                        44.60696800000000195041138795204460620880126953125,
                        5162.399999999999636202119290828704833984375
                    ],
                    [
                        -71.894330999999993991878000088036060333251953125,
                        44.60676500000000288537194137461483478546142578125,
                        5164.399999999999636202119290828704833984375
                    ],
                    [
                        -71.8944529999999986102920956909656524658203125,
                        44.6066550000000034970071283169090747833251953125,
                        5166.6999999999998181010596454143524169921875
                    ],
                    [
                        -71.894555999999994355675880797207355499267578125,
                        44.6065219999999982292138156481087207794189453125,
                        5173.1999999999998181010596454143524169921875
                    ],
                    [
                        -71.8945379999999971687429933808743953704833984375,
                        44.60650299999999646161086275242269039154052734375,
                        5173.1999999999998181010596454143524169921875
                    ],
                    [
                        -71.89451800000000503132469020783901214599609375,
                        44.6064640000000025565896066837012767791748046875,
                        5164.399999999999636202119290828704833984375
                    ],
                    [
                        -71.8945049999999952206053421832621097564697265625,
                        44.6064209999999974343154462985694408416748046875,
                        5164.399999999999636202119290828704833984375
                    ],
                    [
                        -71.894509999999996807673596777021884918212890625,
                        44.60637799999999941746864351443946361541748046875,
                        5162.399999999999636202119290828704833984375
                    ],
                    [
                        -71.8945360000000022182575776241719722747802734375,
                        44.60633399999999681995177525095641613006591796875,
                        5166.6999999999998181010596454143524169921875
                    ],
                    [
                        -71.8945939999999978908817865885794162750244140625,
                        44.60611399999999804322214913554489612579345703125,
                        5181.8000000000001818989403545856475830078125
                    ],
                    [
                        -71.893968999999998459315975196659564971923828125,
                        44.6058170000000018262653611600399017333984375,
                        5179.5
                    ],
                    [
                        -71.8933760000000035006451071240007877349853515625,
                        44.60548899999999861165633774362504482269287109375,
                        5134.5
                    ],
                    [
                        -71.8932740000000052305040298961102962493896484375,
                        44.6054409999999990077412803657352924346923828125,
                        5138.8000000000001818989403545856475830078125
                    ],
                    [
                        -71.8932089999999988094714353792369365692138671875,
                        44.60542199999999724013832747004926204681396484375,
                        5149.600000000000363797880709171295166015625
                    ],
                    [
                        -71.892931000000004360117600299417972564697265625,
                        44.6053830000000033351170714013278484344482421875,
                        5181.8000000000001818989403545856475830078125
                    ],
                    [
                        -71.892786999999998442945070564746856689453125,
                        44.60534599999999727515387348830699920654296875,
                        5192.600000000000363797880709171295166015625
                    ],
                    [
                        -71.892662000000001398802851326763629913330078125,
                        44.60529799999999767123881611041724681854248046875,
                        5192.600000000000363797880709171295166015625
                    ],
                    [
                        -71.8924430000000000973159330897033214569091796875,
                        44.6051870000000008076312951743602752685546875,
                        5170.899999999999636202119290828704833984375
                    ],
                    [
                        -71.8922280000000029076545615680515766143798828125,
                        44.6050680000000028258000384084880352020263671875,
                        5143
                    ],
                    [
                        -71.892076000000002977685653604567050933837890625,
                        44.604973999999998568455339409410953521728515625,
                        5123.6999999999998181010596454143524169921875
                    ],
                    [
                        -71.8917509999999992942321114242076873779296875,
                        44.60472899999999896181179792620241641998291015625,
                        5078.399999999999636202119290828704833984375
                    ],
                    [
                        -71.891426999999993086021277122199535369873046875,
                        44.60452699999999737201505922712385654449462890625,
                        5067.600000000000363797880709171295166015625
                    ],
                    [
                        -71.8912169999999974834281601943075656890869140625,
                        44.6043360000000035370248951949179172515869140625,
                        5082.6999999999998181010596454143524169921875
                    ],
                    [
                        -71.891086999999998852217686362564563751220703125,
                        44.60416000000000025238477974198758602142333984375,
                        5086.899999999999636202119290828704833984375
                    ],
                    [
                        -71.8908909999999963247319101355969905853271484375,
                        44.6037960000000026639099814929068088531494140625,
                        5046.3000000000001818989403545856475830078125
                    ],
                    [
                        -71.8907329999999973324520397000014781951904296875,
                        44.6036179999999973233570926822721958160400390625,
                        5011.8000000000001818989403545856475830078125
                    ],
                    [
                        -71.890680000000003246896085329353809356689453125,
                        44.60353500000000082081896835006773471832275390625,
                        5018
                    ],
                    [
                        -71.890658000000001948137651197612285614013671875,
                        44.60345600000000132467903313226997852325439453125,
                        5035.399999999999636202119290828704833984375
                    ],
                    [
                        -71.890657000000004472894943319261074066162109375,
                        44.60333700000000334284777636639773845672607421875,
                        5054.8000000000001818989403545856475830078125
                    ],
                    [
                        -71.8906779999999940855559543706476688385009765625,
                        44.60326400000000290901880362071096897125244140625,
                        5048.1999999999998181010596454143524169921875
                    ],
                    [
                        -71.8907200000000017325874068774282932281494140625,
                        44.60318399999999883220880292356014251708984375,
                        5056.8000000000001818989403545856475830078125
                    ],
                    [
                        -71.8907439999999979818312567658722400665283203125,
                        44.6031440000000003465174813754856586456298828125,
                        5063.3000000000001818989403545856475830078125
                    ],
                    [
                        -71.89082500000000663931132294237613677978515625,
                        44.6030530000000027257556212134659290313720703125,
                        5054.8000000000001818989403545856475830078125
                    ],
                    [
                        -71.890952999999996109181665815412998199462890625,
                        44.6029419999999987567207426764070987701416015625,
                        5024.600000000000363797880709171295166015625
                    ],
                    [
                        -71.8913189999999957535692374221980571746826171875,
                        44.60257899999999864348865230567753314971923828125,
                        5013.8000000000001818989403545856475830078125
                    ],
                    [
                        -71.891346999999996114638634026050567626953125,
                        44.602542999999997164195519872009754180908203125,
                        5011.8000000000001818989403545856475830078125
                    ],
                    [
                        -71.891515999999995756297721527516841888427734375,
                        44.60238600000000275258571491576731204986572265625,
                        4972.8000000000001818989403545856475830078125
                    ],
                    [
                        -71.8918409999999994397512637078762054443359375,
                        44.6021199999999993224264471791684627532958984375,
                        4951.399999999999636202119290828704833984375
                    ],
                    [
                        -71.8919910000000044192347559146583080291748046875,
                        44.6020299999999991769072948954999446868896484375,
                        4940.600000000000363797880709171295166015625
                    ],
                    [
                        -71.8921979999999933852450340054929256439208984375,
                        44.6019390000000015561454347334802150726318359375,
                        4923.600000000000363797880709171295166015625
                    ],
                    [
                        -71.8923750000000012505552149377763271331787109375,
                        44.60183200000000169893610291182994842529296875,
                        4932.100000000000363797880709171295166015625
                    ],
                    [
                        -71.8924300000000044974513002671301364898681640625,
                        44.60178700000000162617652676999568939208984375,
                        4936.399999999999636202119290828704833984375
                    ],
                    [
                        -71.8924650000000013960743672214448451995849609375,
                        44.60173300000000295995050691999495029449462890625,
                        4932.100000000000363797880709171295166015625
                    ],
                    [
                        -71.892480000000006157279131002724170684814453125,
                        44.601675999999997657141648232936859130859375,
                        4927.8000000000001818989403545856475830078125
                    ],
                    [
                        -71.8924520000000057962097343988716602325439453125,
                        44.60162199999999899091562838293612003326416015625,
                        4912.6999999999998181010596454143524169921875
                    ],
                    [
                        -71.892392000000000962245394475758075714111328125,
                        44.60157699999999891815605224110186100006103515625,
                        4899.600000000000363797880709171295166015625
                    ],
                    [
                        -71.8923190000000005284164217300713062286376953125,
                        44.60154899999999855708665563724935054779052734375,
                        4899.600000000000363797880709171295166015625
                    ],
                    [
                        -71.8920140000000031932358979247510433197021484375,
                        44.601461999999997942722984589636325836181640625,
                        4876
                    ],
                    [
                        -71.8917560000000008813003660179674625396728515625,
                        44.6013540000000006102709448896348476409912109375,
                        4863.1999999999998181010596454143524169921875
                    ],
                    [
                        -71.891647000000006073605618439614772796630859375,
                        44.6012979999999998881321516819298267364501953125,
                        4852.399999999999636202119290828704833984375
                    ],
                    [
                        -71.891537999999997055056155659258365631103515625,
                        44.6012249999999994543031789362430572509765625,
                        4843.8000000000001818989403545856475830078125
                    ],
                    [
                        -71.8914950000000061436367104761302471160888671875,
                        44.60118299999999891269908403046429157257080078125,
                        4841.5
                    ],
                    [
                        -71.891424999999998135535861365497112274169921875,
                        44.601056999999997287886799313127994537353515625,
                        4841.5
                    ],
                    [
                        -71.8913399999999995770849636755883693695068359375,
                        44.60094000000000136196831590496003627777099609375,
                        4845.8000000000001818989403545856475830078125
                    ],
                    [
                        -71.891244999999997844497556798160076141357421875,
                        44.6008589999999998099156073294579982757568359375,
                        4845.8000000000001818989403545856475830078125
                    ],
                    [
                        -71.8911389999999954625309328548610210418701171875,
                        44.60079999999999955662133288569748401641845703125,
                        4837.3000000000001818989403545856475830078125
                    ],
                    [
                        -71.890885999999994737663655541837215423583984375,
                        44.60070499999999782403392600826919078826904296875,
                        4796.3000000000001818989403545856475830078125
                    ],
                    [
                        -71.8906709999999975480022840201854705810546875,
                        44.6005889999999993733581504784524440765380859375,
                        4781.1999999999998181010596454143524169921875
                    ],
                    [
                        -71.8904890000000023064785636961460113525390625,
                        44.6005109999999973524609231390058994293212890625,
                        4779.1999999999998181010596454143524169921875
                    ],
                    [
                        -71.890353000000004612957127392292022705078125,
                        44.60043699999999944338924251496791839599609375,
                        4783.5
                    ],
                    [
                        -71.8903240000000067766450229100883007049560546875,
                        44.60040500000000207592165679670870304107666015625,
                        4785.8000000000001818989403545856475830078125
                    ],
                    [
                        -71.8902910000000048285073717124760150909423828125,
                        44.60033399999999659257809980772435665130615234375,
                        4779.1999999999998181010596454143524169921875
                    ],
                    [
                        -71.8902939999999972542354953475296497344970703125,
                        44.60025799999999662759364582598209381103515625,
                        4772.600000000000363797880709171295166015625
                    ],
                    [
                        -71.89046999999999343344825319945812225341796875,
                        44.60003499999999831970853847451508045196533203125,
                        4770.6999999999998181010596454143524169921875
                    ],
                    [
                        -71.8907990000000012287273420952260494232177734375,
                        44.59976300000000293266566586680710315704345703125,
                        4794.3000000000001818989403545856475830078125
                    ],
                    [
                        -71.890906999999998561179381795227527618408203125,
                        44.59966299999999961301000439561903476715087890625,
                        4802.8000000000001818989403545856475830078125
                    ],
                    [
                        -71.891131999999998924977262504398822784423828125,
                        44.59941599999999795045368955470621585845947265625,
                        4792
                    ],
                    [
                        -71.8913199999999932288119453005492687225341796875,
                        44.59926500000000260115484707057476043701171875,
                        4749
                    ],
                    [
                        -71.8914730000000048448782763443887233734130859375,
                        44.59917800000000198679117602296173572540283203125,
                        4729.6999999999998181010596454143524169921875
                    ],
                    [
                        -71.8915080000000017435013432987034320831298828125,
                        44.5991599999999976944309310056269168853759765625,
                        4729.6999999999998181010596454143524169921875
                    ],
                    [
                        -71.8915080000000017435013432987034320831298828125,
                        44.5991599999999976944309310056269168853759765625,
                        4729.6999999999998181010596454143524169921875
                    ],
                    [
                        -71.8921189999999938891050987876951694488525390625,
                        44.59884699999999924102667137049138545989990234375,
                        4710.3000000000001818989403545856475830078125
                    ],
                    [
                        -71.89233500000000276486389338970184326171875,
                        44.59875199999999750843926449306309223175048828125,
                        4665
                    ],
                    [
                        -71.8924760000000020454535842873156070709228515625,
                        44.59870000000000089812601800076663494110107421875,
                        4630.600000000000363797880709171295166015625
                    ],
                    [
                        -71.8925440000000008922143024392426013946533203125,
                        44.59868300000000118643583846278488636016845703125,
                        4630.600000000000363797880709171295166015625
                    ],
                    [
                        -71.8927010000000024092514649964869022369384765625,
                        44.5986639999999994188328855670988559722900390625,
                        4617.8000000000001818989403545856475830078125
                    ],
                    [
                        -71.893326999999999316059984266757965087890625,
                        44.5986299999999999954525264911353588104248046875,
                        4632.899999999999636202119290828704833984375
                    ],
                    [
                        -71.89352700000000595537130720913410186767578125,
                        44.59858899999999692909113946370780467987060546875,
                        4643.6999999999998181010596454143524169921875
                    ],
                    [
                        -71.8936580000000020618244889192283153533935546875,
                        44.5985510000000004993125912733376026153564453125,
                        4639.100000000000363797880709171295166015625
                    ],
                    [
                        -71.8940539999999970177668728865683078765869140625,
                        44.59848000000000212139639188535511493682861328125,
                        4591.899999999999636202119290828704833984375
                    ],
                    [
                        -71.8942459999999954334271023981273174285888671875,
                        44.59843099999999793681126902811229228973388671875,
                        4576.8000000000001818989403545856475830078125
                    ],
                    [
                        -71.8946059999999960155037115328013896942138671875,
                        44.5983700000000027330315788276493549346923828125,
                        4559.6999999999998181010596454143524169921875
                    ],
                    [
                        -71.8949109999999933506842353381216526031494140625,
                        44.59837399999999973942976794205605983734130859375,
                        4550.899999999999636202119290828704833984375
                    ],
                    [
                        -71.8956409999999976889739627949893474578857421875,
                        44.598422999999996818587533198297023773193359375,
                        4600.399999999999636202119290828704833984375
                    ],
                    [
                        -71.8957390000000060581442085094749927520751953125,
                        44.59841300000000074987838161177933216094970703125,
                        4591.899999999999636202119290828704833984375
                    ],
                    [
                        -71.8958949999999958890839479863643646240234375,
                        44.59837300000000226418706006370484828948974609375,
                        4585.3000000000001818989403545856475830078125
                    ],
                    [
                        -71.8959890000000001464286469854414463043212890625,
                        44.59832200000000312911652144975960254669189453125,
                        4585.3000000000001818989403545856475830078125
                    ],
                    [
                        -71.896220999999997047780198045074939727783203125,
                        44.59816599999999908732206677086651325225830078125,
                        4604.6999999999998181010596454143524169921875
                    ],
                    [
                        -71.896300999999994019162841141223907470703125,
                        44.59812199999999648980519850738346576690673828125,
                        4598.399999999999636202119290828704833984375
                    ],
                    [
                        -71.8964179999999970505086821503937244415283203125,
                        44.59808100000000052887116908095777034759521484375,
                        4609.3000000000001818989403545856475830078125
                    ],
                    [
                        -71.8966290000000043391992221586406230926513671875,
                        44.59804199999999951842255541123449802398681640625,
                        4622
                    ],
                    [
                        -71.896691000000004123648977838456630706787109375,
                        44.5980220000000002755768946371972560882568359375,
                        4622
                    ],
                    [
                        -71.896760000000000445652403868734836578369140625,
                        44.5979870000000033769538276828825473785400390625,
                        4622
                    ],
                    [
                        -71.8969900000000023965185391716659069061279296875,
                        44.59785099999999857800503377802670001983642578125,
                        4628.600000000000363797880709171295166015625
                    ],
                    [
                        -71.8970699999999993679011822678148746490478515625,
                        44.59777199999999908186509856022894382476806640625,
                        4632.899999999999636202119290828704833984375
                    ],
                    [
                        -71.897163000000006150003173388540744781494140625,
                        44.5976610000000022182575776241719722747802734375,
                        4652.1999999999998181010596454143524169921875
                    ],
                    [
                        -71.8972140000000052850737120024859905242919921875,
                        44.597633999999999332430888898670673370361328125,
                        4656.5
                    ],
                    [
                        -71.8973739999999992278389981947839260101318359375,
                        44.59759199999999879082679399289190769195556640625,
                        4667.3000000000001818989403545856475830078125
                    ],
                    [
                        -71.8975640000000026930138119496405124664306640625,
                        44.59756800000000254158294410444796085357666015625,
                        4673.600000000000363797880709171295166015625
                    ],
                    [
                        -71.8977789999999998826751834712922573089599609375,
                        44.59755899999999684268914279527962207794189453125,
                        4675.899999999999636202119290828704833984375
                    ],
                    [
                        -71.897886999999997215127223171293735504150390625,
                        44.597543000000001711669028736650943756103515625,
                        4669.3000000000001818989403545856475830078125
                    ],
                    [
                        -71.89798899999999548526830039918422698974609375,
                        44.59750999999999976353137753903865814208984375,
                        4660.8000000000001818989403545856475830078125
                    ],
                    [
                        -71.89807600000000320505932904779911041259765625,
                        44.5974599999999981037035468034446239471435546875,
                        4641.399999999999636202119290828704833984375
                    ],
                    [
                        -71.8981490000000036388883017934858798980712890625,
                        44.5973960000000033687683753669261932373046875,
                        4615.5
                    ],
                    [
                        -71.8983620000000058780642575584352016448974609375,
                        44.59712499999999835154085303656756877899169921875,
                        4565.899999999999636202119290828704833984375
                    ],
                    [
                        -71.898424000000005662514013238251209259033203125,
                        44.59705999999999903593561612069606781005859375,
                        4561.6999999999998181010596454143524169921875
                    ],
                    [
                        -71.898424000000005662514013238251209259033203125,
                        44.59705999999999903593561612069606781005859375,
                        4561.6999999999998181010596454143524169921875
                    ],
                    [
                        -71.8985339999999979454514686949551105499267578125,
                        44.5969460000000026411726139485836029052734375,
                        4555.399999999999636202119290828704833984375
                    ],
                    [
                        -71.89866200000000162617652676999568939208984375,
                        44.59675399999999712008502683602273464202880859375,
                        4533.8000000000001818989403545856475830078125
                    ],
                    [
                        -71.8987470000000001846274244599044322967529296875,
                        44.59666200000000202408045879565179347991943359375,
                        4523
                    ],
                    [
                        -71.8988379999999978053892846219241619110107421875,
                        44.5965879999999970095814205706119537353515625,
                        4507.899999999999636202119290828704833984375
                    ],
                    [
                        -71.8989389999999986002876539714634418487548828125,
                        44.59653300000000086811269284226000308990478515625,
                        4488.5
                    ],
                    [
                        -71.8990019999999958599801175296306610107421875,
                        44.596508999999997513441485352814197540283203125,
                        4471.5
                    ],
                    [
                        -71.8991050000000058162186178378760814666748046875,
                        44.596485999999998739440343342721462249755859375,
                        4464.899999999999636202119290828704833984375
                    ],
                    [
                        -71.8991730000000046629793359898030757904052734375,
                        44.5964790000000022018866729922592639923095703125,
                        4460.600000000000363797880709171295166015625
                    ],
                    [
                        -71.8992640000000022837411961518228054046630859375,
                        44.59648299999999920828486210666596889495849609375,
                        4460.600000000000363797880709171295166015625
                    ],
                    [
                        -71.8993569999999948549884720705449581146240234375,
                        44.59650400000000303180058836005628108978271484375,
                        4464.899999999999636202119290828704833984375
                    ],
                    [
                        -71.8994349999999968758856994099915027618408203125,
                        44.5965360000000003992681740783154964447021484375,
                        4466.899999999999636202119290828704833984375
                    ],
                    [
                        -71.8996240000000028658178052864968776702880859375,
                        44.59666399999999697456587455235421657562255859375,
                        4460.600000000000363797880709171295166015625
                    ],
                    [
                        -71.899687999999997600752976723015308380126953125,
                        44.5966939999999993915480445139110088348388671875,
                        4464.899999999999636202119290828704833984375
                    ],
                    [
                        -71.899889999999999190549715422093868255615234375,
                        44.5967610000000007630660547874867916107177734375,
                        4473.399999999999636202119290828704833984375
                    ],
                    [
                        -71.900003999999995585312717594206333160400390625,
                        44.59678000000000253066900768317282199859619140625,
                        4477.6999999999998181010596454143524169921875
                    ],
                    [
                        -71.9001879999999999881765688769519329071044921875,
                        44.5967849999999970123099046759307384490966796875,
                        4473.399999999999636202119290828704833984375
                    ],
                    [
                        -71.9004000000000047521098167635500431060791015625,
                        44.59677099999999683177520637400448322296142578125,
                        4456.399999999999636202119290828704833984375
                    ],
                    [
                        -71.9008000000000038198777474462985992431640625,
                        44.596688000000000329237082041800022125244140625,
                        4458.3000000000001818989403545856475830078125
                    ],
                    [
                        -71.90091599999999516512616537511348724365234375,
                        44.5966760000000022046151570975780487060546875,
                        4456.399999999999636202119290828704833984375
                    ],
                    [
                        -71.901016999999995960024534724652767181396484375,
                        44.59667900000000173577063833363354206085205078125,
                        4456.399999999999636202119290828704833984375
                    ],
                    [
                        -71.9011169999999992796801961958408355712890625,
                        44.59669199999999733563527115620672702789306640625,
                        4458.3000000000001818989403545856475830078125
                    ],
                    [
                        -71.901354999999995243342709727585315704345703125,
                        44.59674199999999899546310189180076122283935546875,
                        4456.399999999999636202119290828704833984375
                    ],
                    [
                        -71.9015270000000015215846360661089420318603515625,
                        44.59678699999999906822267803363502025604248046875,
                        4445.5
                    ],
                    [
                        -71.9016720000000049139998736791312694549560546875,
                        44.59680800000000289173840428702533245086669921875,
                        4432.399999999999636202119290828704833984375
                    ],
                    [
                        -71.9017939999999953215592540800571441650390625,
                        44.5968110000000024228938855230808258056640625,
                        4426.1999999999998181010596454143524169921875
                    ],
                    [
                        -71.9021149999999948931872495450079441070556640625,
                        44.59678600000000159297997015528380870819091796875,
                        4430.399999999999636202119290828704833984375
                    ],
                    [
                        -71.90231199999999489591573365032672882080078125,
                        44.5967950000000001864464138634502887725830078125,
                        4437
                    ],
                    [
                        -71.902523000000002184606273658573627471923828125,
                        44.59687799999999668898453819565474987030029296875,
                        4408.8000000000001818989403545856475830078125
                    ],
                    [
                        -71.9025749999999987949195201508700847625732421875,
                        44.59701400000000148793333210051059722900390625,
                        4396
                    ],
                    [
                        -71.9026180000000039171936805360019207000732421875,
                        44.59723000000000325826476910151541233062744140625,
                        4385.1999999999998181010596454143524169921875
                    ],
                    [
                        -71.902637999999996054611983709037303924560546875,
                        44.59727199999999669444150640629231929779052734375,
                        4387.5
                    ],
                    [
                        -71.902703000000002475644578225910663604736328125,
                        44.59734399999999965302777127362787723541259765625,
                        4391.6999999999998181010596454143524169921875
                    ],
                    [
                        -71.9027880000000010340954759158194065093994140625,
                        44.597408000000001493390300311148166656494140625,
                        4396
                    ],
                    [
                        -71.902840999999995119651430286467075347900390625,
                        44.5974410000000034415279515087604522705078125,
                        4396
                    ],
                    [
                        -71.9029579999999981509972712956368923187255859375,
                        44.59749000000000052068571676500141620635986328125,
                        4402.600000000000363797880709171295166015625
                    ],
                    [
                        -71.9034620000000046502464101649820804595947265625,
                        44.5976399999999983947418513707816600799560546875,
                        4266.6999999999998181010596454143524169921875
                    ],
                    [
                        -71.9033989999999931796992314048111438751220703125,
                        44.59773899999999713372744736261665821075439453125,
                        4266.6999999999998181010596454143524169921875
                    ],
                    [
                        -71.9033160000000037825884646736085414886474609375,
                        44.59790000000000276259015663526952266693115234375,
                        4271
                    ],
                    [
                        -71.9032059999999972887962940149009227752685546875,
                        44.5980670000000003483364707790315151214599609375,
                        4277.600000000000363797880709171295166015625
                    ],
                    [
                        -71.9034639999999996007318259216845035552978515625,
                        44.598173000000002730303094722330570220947265625,
                        4294.899999999999636202119290828704833984375
                    ],
                    [
                        -71.9037309999999934007064439356327056884765625,
                        44.598252000000002226443029940128326416015625,
                        4324.8000000000001818989403545856475830078125
                    ],
                    [
                        -71.9039989999999988867784850299358367919921875,
                        44.5983719999999976835169945843517780303955078125,
                        4335.600000000000363797880709171295166015625
                    ],
                    [
                        -71.904214999999993551682564429938793182373046875,
                        44.59841300000000074987838161177933216094970703125,
                        4324.8000000000001818989403545856475830078125
                    ],
                    [
                        -71.9044449999999955025486997328698635101318359375,
                        44.5984270000000009304130799137055873870849609375,
                        4292.6999999999998181010596454143524169921875
                    ],
                    [
                        -71.90474299999999630017555318772792816162109375,
                        44.5985170000000010759322321973741054534912109375,
                        4253.899999999999636202119290828704833984375
                    ],
                    [
                        -71.90496699999999918873072601854801177978515625,
                        44.5986290000000025202098186127841472625732421875,
                        4232.3000000000001818989403545856475830078125
                    ],
                    [
                        -71.905046999999996160113369114696979522705078125,
                        44.59864499999999765122993267141282558441162109375,
                        4228
                    ],
                    [
                        -71.905046999999996160113369114696979522705078125,
                        44.59864499999999765122993267141282558441162109375,
                        4228
                    ],
                    [
                        -71.90514799999999695501173846423625946044921875,
                        44.5986649999999968940755934454500675201416015625,
                        4234.600000000000363797880709171295166015625
                    ],
                    [
                        -71.9053420000000045320120989345014095306396484375,
                        44.59878400000000198133420781232416629791259765625,
                        4251.600000000000363797880709171295166015625
                    ],
                    [
                        -71.9056609999999949422999634407460689544677734375,
                        44.59902799999999700730768381617963314056396484375,
                        4247.399999999999636202119290828704833984375
                    ],
                    [
                        -71.9058169999999989840944181196391582489013671875,
                        44.59920699999999982310328050516545772552490234375,
                        4238.8000000000001818989403545856475830078125
                    ],
                    [
                        -71.9059940000000068494045990519225597381591796875,
                        44.5994249999999965439201332628726959228515625,
                        4217.1999999999998181010596454143524169921875
                    ],
                    [
                        -71.9062019999999932906575850211083889007568359375,
                        44.59962399999999860256139072589576244354248046875,
                        4208.6999999999998181010596454143524169921875
                    ],
                    [
                        -71.9064139999999980545908329077064990997314453125,
                        44.59979799999999983128873282112181186676025390625,
                        4219.5
                    ],
                    [
                        -71.906619000000006280970410443842411041259765625,
                        44.5999630000000024665496312081813812255859375,
                        4236.5
                    ],
                    [
                        -71.9068070000000005848050932399928569793701171875,
                        44.60010100000000221598384086973965167999267578125,
                        4230.3000000000001818989403545856475830078125
                    ],
                    [
                        -71.90703700000000253567122854292392730712890625,
                        44.60020800000000207319317269138991832733154296875,
                        4211
                    ],
                    [
                        -71.907252999999997200575307942926883697509765625,
                        44.60032600000000257978172157891094684600830078125,
                        4176.5
                    ],
                    [
                        -71.9074700000000035515768104232847690582275390625,
                        44.60041400000000066938810050487518310546875,
                        4172.1999999999998181010596454143524169921875
                    ],
                    [
                        -71.90771399999999857755028642714023590087890625,
                        44.60057599999999666806616005487740039825439453125,
                        4204.399999999999636202119290828704833984375
                    ],
                    [
                        -71.907791000000003123204805888235569000244140625,
                        44.60054099999999976944309310056269168853759765625,
                        4195.899999999999636202119290828704833984375
                    ],
                    [
                        -71.9078669999999959827619022689759731292724609375,
                        44.6004999999999967030817060731351375579833984375,
                        4193.600000000000363797880709171295166015625
                    ],
                    [
                        -71.9079679999999967776602716185152530670166015625,
                        44.6004879999999985784597811289131641387939453125,
                        4182.6999999999998181010596454143524169921875
                    ],
                    [
                        -71.908063999999995985490386374294757843017578125,
                        44.600492000000002690285327844321727752685546875,
                        4182.6999999999998181010596454143524169921875
                    ],
                    [
                        -71.9081410000000005311449058353900909423828125,
                        44.6005109999999973524609231390058994293212890625,
                        4176.5
                    ],
                    [
                        -71.9082740000000057989382185041904449462890625,
                        44.6004750000000029785951483063399791717529296875,
                        4159.100000000000363797880709171295166015625
                    ],
                    [
                        -71.908400000000000318323145620524883270263671875,
                        44.60041600000000272530087386257946491241455078125,
                        4146.3000000000001818989403545856475830078125
                    ],
                    [
                        -71.9084739999999982273948262445628643035888671875,
                        44.60037899999999666533767594955861568450927734375,
                        4137.8000000000001818989403545856475830078125
                    ],
                    [
                        -71.9085879999999946221578284166753292083740234375,
                        44.60029200000000315640136250294744968414306640625,
                        4118.100000000000363797880709171295166015625
                    ],
                    [
                        -71.908716999999995778125594370067119598388671875,
                        44.600222000000002253727870993316173553466796875,
                        4109.600000000000363797880709171295166015625
                    ],
                    [
                        -71.9088560000000001082298695109784603118896484375,
                        44.6001839999999987185219652019441127777099609375,
                        4105.3000000000001818989403545856475830078125
                    ],
                    [
                        -71.9089599999999933288563624955713748931884765625,
                        44.60012499999999846522769075818359851837158203125,
                        4105.3000000000001818989403545856475830078125
                    ],
                    [
                        -71.9090130000000016252670320682227611541748046875,
                        44.60005100000000055615601013414561748504638671875,
                        4098.8000000000001818989403545856475830078125
                    ],
                    [
                        -71.9090699999999998226485331542789936065673828125,
                        44.599929000000003043169272132217884063720703125,
                        4098.8000000000001818989403545856475830078125
                    ],
                    [
                        -71.909085000000004583853296935558319091796875,
                        44.599839000000002897650119848549365997314453125,
                        4101.100000000000363797880709171295166015625
                    ],
                    [
                        -71.9091310000000021318555809557437896728515625,
                        44.5997210000000023910615709610283374786376953125,
                        4105.3000000000001818989403545856475830078125
                    ],
                    [
                        -71.9090819999999979472704580985009670257568359375,
                        44.5996480000000019572325982153415679931640625,
                        4105.3000000000001818989403545856475830078125
                    ],
                    [
                        -71.908985999999998739440343342721462249755859375,
                        44.59954900000000321824700222350656986236572265625,
                        4096.8000000000001818989403545856475830078125
                    ],
                    [
                        -71.908918999999997367922333069145679473876953125,
                        44.5994859999999988531271810643374919891357421875,
                        4090.1999999999998181010596454143524169921875
                    ],
                    [
                        -71.9089149999999932560967863537371158599853515625,
                        44.59943799999999924921212368644773960113525390625,
                        4088.3000000000001818989403545856475830078125
                    ],
                    [
                        -71.9089960000000019135768525302410125732421875,
                        44.5993739999999974088495946489274501800537109375,
                        4090.1999999999998181010596454143524169921875
                    ],
                    [
                        -71.90902199999999311330611817538738250732421875,
                        44.5993169999999992114680935628712177276611328125,
                        4092.5
                    ],
                    [
                        -71.909030999999998812199919484555721282958984375,
                        44.5992729999999966139512252993881702423095703125,
                        4092.5
                    ],
                    [
                        -71.9090920000000011214069672860205173492431640625,
                        44.5992590000000035388438845984637737274169921875,
                        4098.8000000000001818989403545856475830078125
                    ],
                    [
                        -71.909165999999999030478647910058498382568359375,
                        44.59925299999999737110556452535092830657958984375,
                        4103.3000000000001818989403545856475830078125
                    ],
                    [
                        -71.9092480000000051632014219649136066436767578125,
                        44.5992370000000022400854504667222499847412109375,
                        4101.100000000000363797880709171295166015625
                    ],
                    [
                        -71.9093299999999970850694808177649974822998046875,
                        44.5991690000000033933247323147952556610107421875,
                        4092.5
                    ],
                    [
                        -71.909447000000000116415321826934814453125,
                        44.59915600000000068803274189122021198272705078125,
                        4079.40000000000009094947017729282379150390625
                    ],
                    [
                        -71.9095760000000012723830877803266048431396484375,
                        44.599097000000000434738467447459697723388671875,
                        4051.5
                    ],
                    [
                        -71.909684999999996080077835358679294586181640625,
                        44.59906099999999895544533501379191875457763671875,
                        4043
                    ],
                    [
                        -71.9097540000000066129359765909612178802490234375,
                        44.59906099999999895544533501379191875457763671875,
                        4044.90000000000009094947017729282379150390625
                    ],
                    [
                        -71.909886999999997669874574057757854461669921875,
                        44.5991080000000010841176845133304595947265625,
                        4051.5
                    ],
                    [
                        -71.909955999999993991878000088036060333251953125,
                        44.59915099999999910096448729746043682098388671875,
                        4060
                    ],
                    [
                        -71.9100250000000045247361413203179836273193359375,
                        44.59924199999999672172634745948016643524169921875,
                        4068.90000000000009094947017729282379150390625
                    ],
                    [
                        -71.9100849999999951478457660414278507232666015625,
                        44.5993169999999992114680935628712177276611328125,
                        4070.90000000000009094947017729282379150390625
                    ],
                    [
                        -71.910167000000001280568540096282958984375,
                        44.5993720000000024583641788922250270843505859375,
                        4073.1999999999998181010596454143524169921875
                    ],
                    [
                        -71.9103010000000040236045606434345245361328125,
                        44.5993390000000005102265276946127414703369140625,
                        4070.90000000000009094947017729282379150390625
                    ],
                    [
                        -71.910348999999996522092260420322418212890625,
                        44.599299000000002024535206146538257598876953125,
                        4066.59999999999990905052982270717620849609375
                    ],
                    [
                        -71.91043700000000171712599694728851318359375,
                        44.59923400000000270892996923066675662994384765625,
                        4062.3000000000001818989403545856475830078125
                    ],
                    [
                        -71.9105200000000053250914788804948329925537109375,
                        44.59919099999999758665580884553492069244384765625,
                        4064.3000000000001818989403545856475830078125
                    ],
                    [
                        -71.9106230000000010704752639867365360260009765625,
                        44.59917999999999693727659177966415882110595703125,
                        4066.59999999999990905052982270717620849609375
                    ],
                    [
                        -71.9106900000000024419932742603123188018798828125,
                        44.599164999999999281499185599386692047119140625,
                        4068.90000000000009094947017729282379150390625
                    ],
                    [
                        -71.910809000000000423824531026184558868408203125,
                        44.59919599999999917372406343929469585418701171875,
                        4073.1999999999998181010596454143524169921875
                    ],
                    [
                        -71.910966000000001940861693583428859710693359375,
                        44.59922399999999953479346004314720630645751953125,
                        4084
                    ],
                    [
                        -71.9110649999999935744199319742619991302490234375,
                        44.59918900000000263617039308883249759674072265625,
                        4094.5
                    ],
                    [
                        -71.911147999999997182385413907468318939208984375,
                        44.5991360000000014451870811171829700469970703125,
                        4101.100000000000363797880709171295166015625
                    ],
                    [
                        -71.911258000000003676177584566175937652587890625,
                        44.59909300000000342834027833305299282073974609375,
                        4105.3000000000001818989403545856475830078125
                    ],
                    [
                        -71.9114359999999948058757581748068332672119140625,
                        44.5990570000000019490471458993852138519287109375,
                        4098.8000000000001818989403545856475830078125
                    ],
                    [
                        -71.911664999999999281499185599386692047119140625,
                        44.59899800000000169575287145562469959259033203125,
                        4079.40000000000009094947017729282379150390625
                    ],
                    [
                        -71.911710999999996829501469619572162628173828125,
                        44.5989560000000011541487765498459339141845703125,
                        4068.90000000000009094947017729282379150390625
                    ],
                    [
                        -71.911756999999994377503753639757633209228515625,
                        44.59889199999999931378624751232564449310302734375,
                        4066.59999999999990905052982270717620849609375
                    ],
                    [
                        -71.9117710000000016634658095426857471466064453125,
                        44.59885799999999989040588843636214733123779296875,
                        4066.59999999999990905052982270717620849609375
                    ],
                    [
                        -71.9117710000000016634658095426857471466064453125,
                        44.59885799999999989040588843636214733123779296875,
                        4066.59999999999990905052982270717620849609375
                    ],
                    [
                        -71.9118069999999960373315843753516674041748046875,
                        44.59876899999999722012944403104484081268310546875,
                        4058.09999999999990905052982270717620849609375
                    ],
                    [
                        -71.911843000000004622052074410021305084228515625,
                        44.5986740000000025929693947546184062957763671875,
                        4055.8000000000001818989403545856475830078125
                    ],
                    [
                        -71.9119730000000032532625482417643070220947265625,
                        44.598624000000000933141564019024372100830078125,
                        4064.3000000000001818989403545856475830078125
                    ],
                    [
                        -71.9120960000000053469193517230451107025146484375,
                        44.598602999999997109625837765634059906005859375,
                        4066.59999999999990905052982270717620849609375
                    ],
                    [
                        -71.91223700000000462750904262065887451171875,
                        44.5985849999999999226929503493010997772216796875,
                        4066.59999999999990905052982270717620849609375
                    ],
                    [
                        -71.9124039999999951078279991634190082550048828125,
                        44.59855999999999909277903498150408267974853515625,
                        4047.1999999999998181010596454143524169921875
                    ],
                    [
                        -71.9125059999999933779690763913094997406005859375,
                        44.59853799999999779402060084976255893707275390625,
                        4034.40000000000009094947017729282379150390625
                    ],
                    [
                        -71.91266500000000405634636990725994110107421875,
                        44.5985399999999998499333742074668407440185546875,
                        4006.1999999999998181010596454143524169921875
                    ],
                    [
                        -71.9127840000000020381776266731321811676025390625,
                        44.59848199999999707188180764205753803253173828125,
                        4004.3000000000001818989403545856475830078125
                    ],
                    [
                        -71.912858999999997422492015175521373748779296875,
                        44.5984380000000015797922969795763492584228515625,
                        4004.3000000000001818989403545856475830078125
                    ],
                    [
                        -71.9129290000000054305928642861545085906982421875,
                        44.59836700000000320187609759159386157989501953125,
                        4004.3000000000001818989403545856475830078125
                    ],
                    [
                        -71.9130009999999941783244139514863491058349609375,
                        44.59827599999999847568687982857227325439453125,
                        4010.5
                    ],
                    [
                        -71.913049000000000887666828930377960205078125,
                        44.598208999999997104168869554996490478515625,
                        4021.3000000000001818989403545856475830078125
                    ],
                    [
                        -71.9132000000000033423930290155112743377685546875,
                        44.598151999999998906787368468940258026123046875,
                        4010.5
                    ],
                    [
                        -71.913329000000004498360794968903064727783203125,
                        44.5981009999999997717168298549950122833251953125,
                        4004.3000000000001818989403545856475830078125
                    ],
                    [
                        -71.9133949999999941837813821621239185333251953125,
                        44.5980339999999984001988195814192295074462890625,
                        4006.1999999999998181010596454143524169921875
                    ],
                    [
                        -71.913490999999993391611496917903423309326171875,
                        44.59793499999999966121322358958423137664794921875,
                        4006.1999999999998181010596454143524169921875
                    ],
                    [
                        -71.91361000000000558429746888577938079833984375,
                        44.59787899999999893907443038187921047210693359375,
                        4008.5
                    ],
                    [
                        -71.91365899999999555802787654101848602294921875,
                        44.5978879999999975325408740900456905364990234375,
                        4008.5
                    ],
                    [
                        -71.91383999999999332430888898670673370361328125,
                        44.59793499999999966121322358958423137664794921875,
                        4008.5
                    ],
                    [
                        -71.9139320000000026311681722290813922882080078125,
                        44.59793499999999966121322358958423137664794921875,
                        4006.1999999999998181010596454143524169921875
                    ],
                    [
                        -71.9140670000000028494469006545841693878173828125,
                        44.5979200000000020054358174093067646026611328125,
                        4006.1999999999998181010596454143524169921875
                    ],
                    [
                        -71.914097999999995636244420893490314483642578125,
                        44.5978319999999968104020808823406696319580078125,
                        4008.5
                    ],
                    [
                        -71.914120999999994410245562903583049774169921875,
                        44.59772699999999900910552241839468479156494140625,
                        4017.09999999999990905052982270717620849609375
                    ],
                    [
                        -71.914116000000007034032023511826992034912109375,
                        44.597622000000001207808963954448699951171875,
                        4023.59999999999990905052982270717620849609375
                    ],
                    [
                        -71.9140900000000016234480426646769046783447265625,
                        44.597543999999999186911736615002155303955078125,
                        4027.90000000000009094947017729282379150390625
                    ],
                    [
                        -71.914097999999995636244420893490314483642578125,
                        44.59746700000000174668457475490868091583251953125,
                        4034.40000000000009094947017729282379150390625
                    ],
                    [
                        -71.914096999999998161001713015139102935791015625,
                        44.5973809999999986075636115856468677520751953125,
                        4044.90000000000009094947017729282379150390625
                    ],
                    [
                        -71.914096999999998161001713015139102935791015625,
                        44.59726500000000015688783605583012104034423828125,
                        4064.3000000000001818989403545856475830078125
                    ],
                    [
                        -71.9140799999999984493115334771573543548583984375,
                        44.59711800000000181398718268610537052154541015625,
                        4098.8000000000001818989403545856475830078125
                    ],
                    [
                        -71.9140689999999977999323164112865924835205078125,
                        44.597003999999998313796822912991046905517578125,
                        4118.100000000000363797880709171295166015625
                    ],
                    [
                        -71.9141039999999946985553833656013011932373046875,
                        44.59692700000000087356966105289757251739501953125,
                        4128.899999999999636202119290828704833984375
                    ],
                    [
                        -71.9141589999999979454514686949551105499267578125,
                        44.5968560000000024956534616649150848388671875,
                        4127
                    ],
                    [
                        -71.9142149999999986675902619026601314544677734375,
                        44.59679299999999813053364050574600696563720703125,
                        4122.6999999999998181010596454143524169921875
                    ],
                    [
                        -71.91428899999999657666194252669811248779296875,
                        44.5966710000000006175469025038182735443115234375,
                        4103.3000000000001818989403545856475830078125
                    ],
                    [
                        -71.914367999999996072801877744495868682861328125,
                        44.5965369999999978745108819566667079925537109375,
                        4084
                    ],
                    [
                        -71.9144040000000046575223677791655063629150390625,
                        44.59641500000000036152414395473897457122802734375,
                        4058.09999999999990905052982270717620849609375
                    ],
                    [
                        -71.91433100000000422369339503347873687744140625,
                        44.59628699999999668079908587969839572906494140625,
                        4038.6999999999998181010596454143524169921875
                    ],
                    [
                        -71.9143470000000064601408666931092739105224609375,
                        44.59619699999999653527993359602987766265869140625,
                        4051.5
                    ],
                    [
                        -71.914411999999998670318746007978916168212890625,
                        44.59615699999999804958861204795539379119873046875,
                        4047.1999999999998181010596454143524169921875
                    ],
                    [
                        -71.914548999999993839082890190184116363525390625,
                        44.596091999999998733983375132083892822265625,
                        4036.40000000000009094947017729282379150390625
                    ],
                    [
                        -71.9145859999999998990460881032049655914306640625,
                        44.5959959999999995261532603763043880462646484375,
                        4032.1999999999998181010596454143524169921875
                    ],
                    [
                        -71.914636999999999034116626717150211334228515625,
                        44.5958949999999987312548910267651081085205078125,
                        4032.1999999999998181010596454143524169921875
                    ],
                    [
                        -71.914704000000000405634636990725994110107421875,
                        44.5958159999999992351149558089673519134521484375,
                        4027.90000000000009094947017729282379150390625
                    ],
                    [
                        -71.914816000000001849912223406136035919189453125,
                        44.5957829999999972869773046113550662994384765625,
                        4023.59999999999990905052982270717620849609375
                    ],
                    [
                        -71.9148909999999972342266119085252285003662109375,
                        44.5957300000000032014213502407073974609375,
                        4017.09999999999990905052982270717620849609375
                    ],
                    [
                        -71.9150020000000012032614904455840587615966796875,
                        44.595652000000001180524122901260852813720703125,
                        4036.40000000000009094947017729282379150390625
                    ],
                    [
                        -71.9150029999999986785041983239352703094482421875,
                        44.59558899999999681540430174209177494049072265625,
                        4049.5
                    ],
                    [
                        -71.9150450000000063255356508307158946990966796875,
                        44.595516000000003487002686597406864166259765625,
                        4062.3000000000001818989403545856475830078125
                    ],
                    [
                        -71.91505300000000033833202905952930450439453125,
                        44.59543099999999782312443130649626255035400390625,
                        4066.59999999999990905052982270717620849609375
                    ],
                    [
                        -71.9150719999999950005076243542134761810302734375,
                        44.59532300000000049067239160649478435516357421875,
                        4070.90000000000009094947017729282379150390625
                    ],
                    [
                        -71.91509600000000546060618944466114044189453125,
                        44.59521399999999857755028642714023590087890625,
                        4068.90000000000009094947017729282379150390625
                    ],
                    [
                        -71.915242000000006328264134936034679412841796875,
                        44.59517799999999709825715399347245693206787109375,
                        4068.90000000000009094947017729282379150390625
                    ],
                    [
                        -71.9153850000000005593392415903508663177490234375,
                        44.59519499999999680994733353145420551300048828125,
                        4060
                    ],
                    [
                        -71.91550499999999601641320623457431793212890625,
                        44.59519300000000185946191777475178241729736328125,
                        4036.40000000000009094947017729282379150390625
                    ],
                    [
                        -71.9156119999999958736225380562245845794677734375,
                        44.59515900000000243608155869878828525543212890625,
                        4019.40000000000009094947017729282379150390625
                    ],
                    [
                        -71.9156779999999997698978404514491558074951171875,
                        44.59510399999999918918547336943447589874267578125,
                        4004.3000000000001818989403545856475830078125
                    ],
                    [
                        -71.915716000000003305103746242821216583251953125,
                        44.5950289999999966994437272660434246063232421875,
                        4002
                    ],
                    [
                        -71.915874000000002297383616678416728973388671875,
                        44.5950040000000029749571694992482662200927734375,
                        3976
                    ],
                    [
                        -71.916022999999995590769685804843902587890625,
                        44.5950279999999992242010193876922130584716796875,
                        3954.6999999999998181010596454143524169921875
                    ],
                    [
                        -71.916210000000006630216375924646854400634765625,
                        44.59506900000000229056240641511976718902587890625,
                        3948.1999999999998181010596454143524169921875
                    ],
                    [
                        -71.916323000000005549736670218408107757568359375,
                        44.5950559999999995852704159915447235107421875,
                        3941.59999999999990905052982270717620849609375
                    ],
                    [
                        -71.9158220000000056870703701861202716827392578125,
                        44.594741999999996551196090877056121826171875,
                        3941.59999999999990905052982270717620849609375
                    ],
                    [
                        -71.9158589999999975361788528971374034881591796875,
                        44.59453400000000300451574730686843395233154296875,
                        3926.8000000000001818989403545856475830078125
                    ],
                    [
                        -71.9158939999999944348019198514521121978759765625,
                        44.594504999999998062776285223662853240966796875,
                        3926.8000000000001818989403545856475830078125
                    ],
                    [
                        -71.916121000000003959939931519329547882080078125,
                        44.59440500000000184854798135347664356231689453125,
                        3918
                    ],
                    [
                        -71.916234000000002879460225813090801239013671875,
                        44.59437700000000148747858474962413311004638671875,
                        3911.6999999999998181010596454143524169921875
                    ],
                    [
                        -71.916505000000000791260390542447566986083984375,
                        44.59440399999999726787791587412357330322265625,
                        3896.6999999999998181010596454143524169921875
                    ],
                    [
                        -71.9168130000000047630237531848251819610595703125,
                        44.59441799999999744841261417604982852935791015625,
                        3894.40000000000009094947017729282379150390625
                    ],
                    [
                        -71.9171060000000039735823520459234714508056640625,
                        44.59433700000000300178726320154964923858642578125,
                        3916
                    ],
                    [
                        -71.9174670000000020309016690589487552642822265625,
                        44.59439400000000119916876428760588169097900390625,
                        3937.3000000000001818989403545856475830078125
                    ],
                    [
                        -71.9178849999999982856024871580302715301513671875,
                        44.59423799999999715737430960871279239654541015625,
                        3928.8000000000001818989403545856475830078125
                    ],
                    [
                        -71.9185690000000050758899305947124958038330078125,
                        44.59402200000000249247023020870983600616455078125,
                        3941.59999999999990905052982270717620849609375
                    ],
                    [
                        -71.918689000000000532963895238935947418212890625,
                        44.59393899999999888450474827550351619720458984375,
                        3916
                    ],
                    [
                        -71.91870299999999360807123593986034393310546875,
                        44.593918999999999641659087501466274261474609375,
                        3916
                    ],
                    [
                        -71.91870299999999360807123593986034393310546875,
                        44.593918999999999641659087501466274261474609375,
                        3916
                    ],
                    [
                        -71.9188429999999954134182189591228961944580078125,
                        44.5937219999999996389306033961474895477294921875,
                        3892.40000000000009094947017729282379150390625
                    ],
                    [
                        -71.9189970000000045047272578813135623931884765625,
                        44.59367400000000003501554601825773715972900390625,
                        3894.40000000000009094947017729282379150390625
                    ],
                    [
                        -71.9191210000000040736267692409455776214599609375,
                        44.59370299999999787132765050046145915985107421875,
                        3900.90000000000009094947017729282379150390625
                    ],
                    [
                        -71.9194940000000002555680111981928348541259765625,
                        44.59390899999999646752257831394672393798828125,
                        3943.90000000000009094947017729282379150390625
                    ],
                    [
                        -71.919726999999994632162270136177539825439453125,
                        44.59395500000000112095221993513405323028564453125,
                        3931.09999999999990905052982270717620849609375
                    ],
                    [
                        -71.9204600000000056070348364301025867462158203125,
                        44.5940939999999983456291374750435352325439453125,
                        3931.09999999999990905052982270717620849609375
                    ],
                    [
                        -71.9206180000000045993147068656980991363525390625,
                        44.59438800000000213685780181549489498138427734375,
                        3948.1999999999998181010596454143524169921875
                    ],
                    [
                        -71.9206510000000065474523580633103847503662109375,
                        44.59456800000000242789610638283193111419677734375,
                        3952.40000000000009094947017729282379150390625
                    ],
                    [
                        -71.9208579999999955134626361541450023651123046875,
                        44.5948939999999964811649988405406475067138671875,
                        4012.8000000000001818989403545856475830078125
                    ],
                    [
                        -71.9208579999999955134626361541450023651123046875,
                        44.594999000000001387888914905488491058349609375,
                        4019.40000000000009094947017729282379150390625
                    ],
                    [
                        -71.9210800000000034515323932282626628875732421875,
                        44.59535699999999991405275068245828151702880859375,
                        3997.6999999999998181010596454143524169921875
                    ],
                    [
                        -71.92113299999999753708834759891033172607421875,
                        44.595505000000002837623469531536102294921875,
                        4000
                    ],
                    [
                        -71.9210800000000034515323932282626628875732421875,
                        44.59571100000000143381839734502136707305908203125,
                        4004.3000000000001818989403545856475830078125
                    ],
                    [
                        -71.9211289999999934252628008835017681121826171875,
                        44.59579599999999999226929503493010997772216796875,
                        4006.1999999999998181010596454143524169921875
                    ],
                    [
                        -71.9212940000000031659510568715631961822509765625,
                        44.59588999999999714418663643300533294677734375,
                        3984.90000000000009094947017729282379150390625
                    ],
                    [
                        -71.92153500000000576619640924036502838134765625,
                        44.59593300000000226646079681813716888427734375,
                        3969.8000000000001818989403545856475830078125
                    ],
                    [
                        -71.92167000000000598447513766586780548095703125,
                        44.595900999999997793565853498876094818115234375,
                        3956.6999999999998181010596454143524169921875
                    ],
                    [
                        -71.9217790000000007921698852442204952239990234375,
                        44.59576700000000215595719055272638797760009765625,
                        3959
                    ],
                    [
                        -71.921819999999996753103914670646190643310546875,
                        44.59566000000000229874785873107612133026123046875,
                        3959
                    ],
                    [
                        -71.9219030000000003610693966038525104522705078125,
                        44.59560900000000316367732011713087558746337890625,
                        3969.8000000000001818989403545856475830078125
                    ],
                    [
                        -71.9221890000000030340743251144886016845703125,
                        44.595550000000002910383045673370361328125,
                        4006.1999999999998181010596454143524169921875
                    ],
                    [
                        -71.9222720000000066420398070476949214935302734375,
                        44.59534899999999879582901485264301300048828125,
                        3986.90000000000009094947017729282379150390625
                    ],
                    [
                        -71.9223510000000061381797422654926776885986328125,
                        44.595225999999996702172211371362209320068359375,
                        3984.90000000000009094947017729282379150390625
                    ],
                    [
                        -71.922493000000002894012141041457653045654296875,
                        44.59518299999999868532540858723223209381103515625,
                        3986.90000000000009094947017729282379150390625
                    ],
                    [
                        -71.922809000000000878571881912648677825927734375,
                        44.59513299999999702549757785163819789886474609375,
                        3971.8000000000001818989403545856475830078125
                    ],
                    [
                        -71.9231319999999954006852931343019008636474609375,
                        44.59511400000000236332198255695402622222900390625,
                        3993.40000000000009094947017729282379150390625
                    ],
                    [
                        -71.923282999999997855411493219435214996337890625,
                        44.595066000000002759406925179064273834228515625,
                        4012.8000000000001818989403545856475830078125
                    ],
                    [
                        -71.92329399999999850479071028530597686767578125,
                        44.59492900000000048521542339585721492767333984375,
                        4032.1999999999998181010596454143524169921875
                    ],
                    [
                        -71.9232530000000025438566808588802814483642578125,
                        44.59466400000000163572622113861143589019775390625,
                        4036.40000000000009094947017729282379150390625
                    ],
                    [
                        -71.9231549999999941746864351443946361541748046875,
                        44.594458000000003039531293325126171112060546875,
                        4051.5
                    ],
                    [
                        -71.9231779999999929486875771544873714447021484375,
                        44.59440699999999679903339711017906665802001953125,
                        4049.5
                    ],
                    [
                        -71.9232339999999936708263703621923923492431640625,
                        44.594335000000000945874489843845367431640625,
                        4049.5
                    ],
                    [
                        -71.9232789999999937435859465040266513824462890625,
                        44.5940939999999983456291374750435352325439453125,
                        4027.90000000000009094947017729282379150390625
                    ],
                    [
                        -71.9232410000000044192347559146583080291748046875,
                        44.5939920000000000754880602471530437469482421875,
                        4012.8000000000001818989403545856475830078125
                    ],
                    [
                        -71.9232899999999943929651635698974132537841796875,
                        44.59391699999999758574631414376199245452880859375,
                        4021.3000000000001818989403545856475830078125
                    ],
                    [
                        -71.9232640000000031932358979247510433197021484375,
                        44.59376499999999765577740618027746677398681640625,
                        3991.09999999999990905052982270717620849609375
                    ],
                    [
                        -71.9233579999999932397258817218244075775146484375,
                        44.5935989999999975452737999148666858673095703125,
                        3997.6999999999998181010596454143524169921875
                    ],
                    [
                        -71.9233540000000033387550502084195613861083984375,
                        44.59348399999999656984073226340115070343017578125,
                        3986.90000000000009094947017729282379150390625
                    ],
                    [
                        -71.9233689999999938891050987876951694488525390625,
                        44.5933500000000009322320693172514438629150390625,
                        3974.09999999999990905052982270717620849609375
                    ],
                    [
                        -71.923485999999996920450939796864986419677734375,
                        44.59315699999999793590177432633936405181884765625,
                        3982.59999999999990905052982270717620849609375
                    ],
                    [
                        -71.92356100000000651562004350125789642333984375,
                        44.59303899999999742931322543881833553314208984375,
                        3971.8000000000001818989403545856475830078125
                    ],
                    [
                        -71.92388099999999440115061588585376739501953125,
                        44.592861999999996669430402107536792755126953125,
                        3984.90000000000009094947017729282379150390625
                    ],
                    [
                        -71.9239479999999957726686261594295501708984375,
                        44.5927659999999974616002873517572879791259765625,
                        3971.8000000000001818989403545856475830078125
                    ],
                    [
                        -71.9239290000000011104930308647453784942626953125,
                        44.5926189999999991186996339820325374603271484375,
                        3946.1999999999998181010596454143524169921875
                    ],
                    [
                        -71.923933000000005222318577580153942108154296875,
                        44.59254399999999662895788787864148616790771484375,
                        3928.8000000000001818989403545856475830078125
                    ],
                    [
                        -71.9239859999999993078745319508016109466552734375,
                        44.59246399999999965757524478249251842498779296875,
                        3926.8000000000001818989403545856475830078125
                    ],
                    [
                        -71.92410200000000486397766508162021636962890625,
                        44.59244799999999742112777312286198139190673828125,
                        3928.8000000000001818989403545856475830078125
                    ],
                    [
                        -71.924139999999994188328855670988559722900390625,
                        44.5923990000000003419700078666210174560546875,
                        3931.09999999999990905052982270717620849609375
                    ],
                    [
                        -71.924116999999995414327713660895824432373046875,
                        44.59234099999999756391844130121171474456787109375,
                        3933.09999999999990905052982270717620849609375
                    ],
                    [
                        -71.9241889999999983729139785282313823699951171875,
                        44.59225500000000153022483573295176029205322265625,
                        3943.90000000000009094947017729282379150390625
                    ],
                    [
                        -71.924274999999994406607584096491336822509765625,
                        44.59213199999999943656803225167095661163330078125,
                        3954.6999999999998181010596454143524169921875
                    ],
                    [
                        -71.924274999999994406607584096491336822509765625,
                        44.59206199999999853389454074203968048095703125,
                        3954.6999999999998181010596454143524169921875
                    ],
                    [
                        -71.924353999999993902747519314289093017578125,
                        44.59197400000000044428816181607544422149658203125,
                        3948.1999999999998181010596454143524169921875
                    ],
                    [
                        -71.9244259999999968613337841816246509552001953125,
                        44.5918879999999973051671986468136310577392578125,
                        3943.90000000000009094947017729282379150390625
                    ],
                    [
                        -71.9245379999999983056113705970346927642822265625,
                        44.591847999999998819475877098739147186279296875,
                        3941.59999999999990905052982270717620849609375
                    ],
                    [
                        -71.9247150000000061709215515293180942535400390625,
                        44.5918319999999965830284054391086101531982421875,
                        3954.6999999999998181010596454143524169921875
                    ],
                    [
                        -71.9248649999999969395503285340964794158935546875,
                        44.591825999999997520717442966997623443603515625,
                        3963.3000000000001818989403545856475830078125
                    ],
                    [
                        -71.925015999999999394276528619229793548583984375,
                        44.59173799999999943111106404103338718414306640625,
                        3965.59999999999990905052982270717620849609375
                    ],
                    [
                        -71.9252340000000032205207389779388904571533203125,
                        44.59171400000000318186721415258944034576416015625,
                        3980.59999999999990905052982270717620849609375
                    ],
                    [
                        -71.925398999999998750354279763996601104736328125,
                        44.5917299999999983128873282112181186676025390625,
                        4000
                    ],
                    [
                        -71.9256510000000019999788491986691951751708984375,
                        44.5916739999999975907485350035130977630615234375,
                        4015.09999999999990905052982270717620849609375
                    ],
                    [
                        -71.925847000000004527464625425636768341064453125,
                        44.591724999999996725819073617458343505859375,
                        4032.1999999999998181010596454143524169921875
                    ],
                    [
                        -71.926050000000003592504072003066539764404296875,
                        44.59176500000000231693775276653468608856201171875,
                        4021.3000000000001818989403545856475830078125
                    ],
                    [
                        -71.9261060000000043146428652107715606689453125,
                        44.5918750000000017053025658242404460906982421875,
                        4029.90000000000009094947017729282379150390625
                    ],
                    [
                        -71.92603800000000546788214705884456634521484375,
                        44.59203000000000116642695502378046512603759765625,
                        4040.6999999999998181010596454143524169921875
                    ],
                    [
                        -71.9260909999999995534381014294922351837158203125,
                        44.59210999999999813780959811992943286895751953125,
                        4047.1999999999998181010596454143524169921875
                    ],
                    [
                        -71.926230000000003883542376570403575897216796875,
                        44.59214800000000167301550391130149364471435546875,
                        4051.5
                    ],
                    [
                        -71.9264739999999989095158525742590427398681640625,
                        44.59210800000000318732418236322700977325439453125,
                        4049.5
                    ],
                    [
                        -71.92658000000000129148247651755809783935546875,
                        44.592049000000002934029907919466495513916015625,
                        4044.90000000000009094947017729282379150390625
                    ],
                    [
                        -71.926681000000002086380845867097377777099609375,
                        44.59204600000000340287442668341100215911865234375,
                        4043
                    ],
                    [
                        -71.9267789999999962446963763795793056488037109375,
                        44.592005999999997811755747534334659576416015625,
                        4036.40000000000009094947017729282379150390625
                    ],
                    [
                        -71.9272069999999956735337036661803722381591796875,
                        44.591994999999997162376530468463897705078125,
                        3976
                    ],
                    [
                        -71.9273539999999940164343570359051227569580078125,
                        44.59195799999999820784069015644490718841552734375,
                        3952.40000000000009094947017729282379150390625
                    ],
                    [
                        -71.9273429999999933670551399700343608856201171875,
                        44.59186700000000058707882999442517757415771484375,
                        3948.1999999999998181010596454143524169921875
                    ],
                    [
                        -71.927334999999999354258761741220951080322265625,
                        44.591757000000001198714016936719417572021484375,
                        3946.1999999999998181010596454143524169921875
                    ],
                    [
                        -71.927470999999997047780198045074939727783203125,
                        44.59169299999999935835148789919912815093994140625,
                        3928.8000000000001818989403545856475830078125
                    ],
                    [
                        -71.9275910000000067157088778913021087646484375,
                        44.59171099999999654528437531553208827972412109375,
                        3905.1999999999998181010596454143524169921875
                    ],
                    [
                        -71.927763999999996258338796906173229217529296875,
                        44.591824000000002570232027210295200347900390625,
                        3892.40000000000009094947017729282379150390625
                    ],
                    [
                        -71.9278350000000017416823538951575756072998046875,
                        44.59188499999999777401171741075813770294189453125,
                        3881.59999999999990905052982270717620849609375
                    ],
                    [
                        -71.927921999999995250618667341768741607666015625,
                        44.59192300000000130921762320213019847869873046875,
                        3870.6999999999998181010596454143524169921875
                    ],
                    [
                        -71.927988999999996622136677615344524383544921875,
                        44.5918879999999973051671986468136310577392578125,
                        3870.6999999999998181010596454143524169921875
                    ],
                    [
                        -71.92801900000000614454620517790317535400390625,
                        44.591824000000002570232027210295200347900390625,
                        3859.90000000000009094947017729282379150390625
                    ],
                    [
                        -71.9280159999999995079633663408458232879638671875,
                        44.5916629999999969413693179376423358917236328125,
                        3859.90000000000009094947017729282379150390625
                    ],
                    [
                        -71.9279820000000000845830072648823261260986328125,
                        44.59158599999999950114215607754886150360107421875,
                        3857.90000000000009094947017729282379150390625
                    ],
                    [
                        -71.927966999999995323378243483603000640869140625,
                        44.5913340000000033569449442438781261444091796875,
                        3816.90000000000009094947017729282379150390625
                    ],
                    [
                        -71.9281280000000009522409527562558650970458984375,
                        44.59102599999999938518158160150051116943359375,
                        3782.5
                    ],
                    [
                        -71.92824899999999388455762527883052825927734375,
                        44.590879000000001042280928231775760650634765625,
                        3774
                    ],
                    [
                        -71.9282680000000027575879357755184173583984375,
                        44.59080900000000013960743672214448451995849609375,
                        3774
                    ],
                    [
                        -71.9282189999999985730028129182755947113037109375,
                        44.590744999999998299244907684624195098876953125,
                        3780.1999999999998181010596454143524169921875
                    ],
                    [
                        -71.92824899999999388455762527883052825927734375,
                        44.59069699999999869532985030673444271087646484375,
                        3784.40000000000009094947017729282379150390625
                    ],
                    [
                        -71.928346000000004778485163114964962005615234375,
                        44.5906030000000015434125089086592197418212890625,
                        3780.1999999999998181010596454143524169921875
                    ],
                    [
                        -71.9284750000000059344529290683567523956298828125,
                        44.5905479999999982965164235793054103851318359375,
                        3760.8000000000001818989403545856475830078125
                    ],
                    [
                        -71.9284750000000059344529290683567523956298828125,
                        44.5905479999999982965164235793054103851318359375,
                        3760.8000000000001818989403545856475830078125
                    ],
                    [
                        -71.928549000000003843524609692394733428955078125,
                        44.59051699999999840429154573939740657806396484375,
                        3743.8000000000001818989403545856475830078125
                    ],
                    [
                        -71.9285830000000032669049687683582305908203125,
                        44.590451000000001613443600945174694061279296875,
                        3728.6999999999998181010596454143524169921875
                    ],
                    [
                        -71.92856399999999439387465827167034149169921875,
                        44.5903729999999995925463736057281494140625,
                        3715.59999999999990905052982270717620849609375
                    ],
                    [
                        -71.9287560000000070203896029852330684661865234375,
                        44.5901750000000021145751816220581531524658203125,
                        3666.3000000000001818989403545856475830078125
                    ],
                    [
                        -71.9288049999999969941200106404721736907958984375,
                        44.5901319999999969923010212369263172149658203125,
                        3653.1999999999998181010596454143524169921875
                    ],
                    [
                        -71.9288939999999996643964550457894802093505859375,
                        44.5901309999999995170583133585751056671142578125,
                        3651.1999999999998181010596454143524169921875
                    ],
                    [
                        -71.9291869999999988749550539068877696990966796875,
                        44.59030899999999775218384456820785999298095703125,
                        3683.40000000000009094947017729282379150390625
                    ],
                    [
                        -71.9292999999999977944753482006490230560302734375,
                        44.5903550000000024056134861893951892852783203125,
                        3683.40000000000009094947017729282379150390625
                    ],
                    [
                        -71.9293550000000010413714335300028324127197265625,
                        44.59036499999999847432263777591288089752197265625,
                        3683.40000000000009094947017729282379150390625
                    ],
                    [
                        -71.929404000000005225956556387245655059814453125,
                        44.59036499999999847432263777591288089752197265625,
                        3670.59999999999990905052982270717620849609375
                    ],
                    [
                        -71.9295039999999943347575026564300060272216796875,
                        44.59035000000000081854523159563541412353515625,
                        3657.5
                    ],
                    [
                        -71.9297100000000000363797880709171295166015625,
                        44.59027499999999832880348549224436283111572265625,
                        3595.09999999999990905052982270717620849609375
                    ],
                    [
                        -71.9298079999999941946953185833990573883056640625,
                        44.5902540000000016107151168398559093475341796875,
                        3571.5
                    ],
                    [
                        -71.9299170000000032132447813637554645538330078125,
                        44.59025900000000319778337143361568450927734375,
                        3563
                    ],
                    [
                        -71.9300170000000065329004428349435329437255859375,
                        44.59029799999999710280462750233709812164306640625,
                        3578.09999999999990905052982270717620849609375
                    ],
                    [
                        -71.9300850000000053796611609868705272674560546875,
                        44.59035999999999688725438318215310573577880859375,
                        3590.90000000000009094947017729282379150390625
                    ],
                    [
                        -71.930124000000006390109774656593799591064453125,
                        44.59043199999999984584064804948866367340087890625,
                        3607.90000000000009094947017729282379150390625
                    ],
                    [
                        -71.93013799999999946521711535751819610595703125,
                        44.5905029999999982237568474374711513519287109375,
                        3625.3000000000001818989403545856475830078125
                    ],
                    [
                        -71.930173999999993839082890190184116363525390625,
                        44.59055500000000193949745153076946735382080078125,
                        3627.3000000000001818989403545856475830078125
                    ],
                    [
                        -71.9301410000000061017999541945755481719970703125,
                        44.59062999999999732381184003315865993499755859375,
                        3646.6999999999998181010596454143524169921875
                    ],
                    [
                        -71.9303479999999950678102322854101657867431640625,
                        44.59066399999999674719219910912215709686279296875,
                        3614.5
                    ],
                    [
                        -71.9303910000000001900843926705420017242431640625,
                        44.590699999999998226485331542789936065673828125,
                        3614.5
                    ],
                    [
                        -71.930511999999993122401065193116664886474609375,
                        44.59085499999999768760972074232995510101318359375,
                        3567.3000000000001818989403545856475830078125
                    ],
                    [
                        -71.9305250000000029331204132176935672760009765625,
                        44.59090499999999934743755147792398929595947265625,
                        3556.40000000000009094947017729282379150390625
                    ],
                    [
                        -71.930556999999993195160641334950923919677734375,
                        44.59095099999999689543983549810945987701416015625,
                        3556.40000000000009094947017729282379150390625
                    ],
                    [
                        -71.930554000000000769432517699897289276123046875,
                        44.59099499999999949295670376159250736236572265625,
                        3543.59999999999990905052982270717620849609375
                    ],
                    [
                        -71.9305480000000017071215552277863025665283203125,
                        44.59105799999999675264916731975972652435302734375,
                        3528.5
                    ],
                    [
                        -71.9305599999999998317434801720082759857177734375,
                        44.5910989999999998190105543471872806549072265625,
                        3513.5
                    ],
                    [
                        -71.9306090000000040163286030292510986328125,
                        44.5911820000000034269760362803936004638671875,
                        3485.1999999999998181010596454143524169921875
                    ],
                    [
                        -71.9306700000000063255356508307158946990966796875,
                        44.59123000000000303089109365828335285186767578125,
                        3461.59999999999990905052982270717620849609375
                    ],
                    [
                        -71.9307539999999931978891254402697086334228515625,
                        44.59125099999999974897946231067180633544921875,
                        3455.09999999999990905052982270717620849609375
                    ],
                    [
                        -71.930824999999998681232682429254055023193359375,
                        44.59123100000000050613380153663456439971923828125,
                        3455.09999999999990905052982270717620849609375
                    ],
                    [
                        -71.9309230000000070504029281437397003173828125,
                        44.59110199999999935016603558324277400970458984375,
                        3461.59999999999990905052982270717620849609375
                    ],
                    [
                        -71.931138000000004240064299665391445159912109375,
                        44.59109500000000281261236523278057575225830078125,
                        3438
                    ],
                    [
                        -71.931409999999999627107172273099422454833984375,
                        44.591104000000001406078808940947055816650390625,
                        3399.3000000000001818989403545856475830078125
                    ],
                    [
                        -71.931477999999998473867890425026416778564453125,
                        44.5910300000000034970071283169090747833251953125,
                        3381.90000000000009094947017729282379150390625
                    ],
                    [
                        -71.9313570000000055415512179024517536163330078125,
                        44.5908390000000025565896066837012767791748046875,
                        3395
                    ],
                    [
                        -71.9312479999999965230017551220953464508056640625,
                        44.5906939999999991641743690706789493560791015625,
                        3433.6999999999998181010596454143524169921875
                    ],
                    [
                        -71.931117999999997891791281290352344512939453125,
                        44.59057800000000071349859354086220264434814453125,
                        3457.3000000000001818989403545856475830078125
                    ],
                    [
                        -71.931093000000004167304723523557186126708984375,
                        44.590474000000000387444742955267429351806640625,
                        3472.40000000000009094947017729282379150390625
                    ],
                    [
                        -71.9310770000000019308572518639266490936279296875,
                        44.5904239999999987276169122196733951568603515625,
                        3463.90000000000009094947017729282379150390625
                    ],
                    [
                        -71.9311210000000045283741201274096965789794921875,
                        44.5903789999999986548573360778391361236572265625,
                        3438
                    ],
                    [
                        -71.931183000000004312823875807225704193115234375,
                        44.590339000000000169166014529764652252197265625,
                        3412.09999999999990905052982270717620849609375
                    ],
                    [
                        -71.931252999999998110070009715855121612548828125,
                        44.5903109999999998080966179259121417999267578125,
                        3412.09999999999990905052982270717620849609375
                    ],
                    [
                        -71.9313149999999978945197653956711292266845703125,
                        44.590294999999997571649146266281604766845703125,
                        3401.1999999999998181010596454143524169921875
                    ],
                    [
                        -71.9313750000000027284841053187847137451171875,
                        44.5902889999999985093381837941706180572509765625,
                        3390.6999999999998181010596454143524169921875
                    ],
                    [
                        -71.9314949999999981855580699630081653594970703125,
                        44.59030299999999868987288209609687328338623046875,
                        3381.90000000000009094947017729282379150390625
                    ],
                    [
                        -71.931725999999997611666913144290447235107421875,
                        44.59037099999999753663360024802386760711669921875,
                        3358.3000000000001818989403545856475830078125
                    ],
                    [
                        -71.9318099999999986948751029558479785919189453125,
                        44.5904170000000021900632418692111968994140625,
                        3343.1999999999998181010596454143524169921875
                    ],
                    [
                        -71.9318860000000057652869145385921001434326171875,
                        44.59047600000000244335751631297171115875244140625,
                        3323.8000000000001818989403545856475830078125
                    ],
                    [
                        -71.9318990000000013651515473611652851104736328125,
                        44.59051199999999681722329114563763141632080078125,
                        3323.8000000000001818989403545856475830078125
                    ],
                    [
                        -71.9320139999999952351572574116289615631103515625,
                        44.590676000000001977241481654345989227294921875,
                        3295.90000000000009094947017729282379150390625
                    ],
                    [
                        -71.93202700000000504587660543620586395263671875,
                        44.59079799999999949022821965627372264862060546875,
                        3289.40000000000009094947017729282379150390625
                    ],
                    [
                        -71.93202899999999999636202119290828704833984375,
                        44.5909570000000030631781555712223052978515625,
                        3293.59999999999990905052982270717620849609375
                    ],
                    [
                        -71.9320589999999953079168335534632205963134765625,
                        44.59101100000000172940417542122304439544677734375,
                        3280.8000000000001818989403545856475830078125
                    ],
                    [
                        -71.9320699999999959572960506193339824676513671875,
                        44.5910659999999978708729031495749950408935546875,
                        3285.09999999999990905052982270717620849609375
                    ],
                    [
                        -71.932107999999999492501956410706043243408203125,
                        44.59111800000000158661350724287331104278564453125,
                        3289.40000000000009094947017729282379150390625
                    ],
                    [
                        -71.93231900000000678119249641895294189453125,
                        44.59134800000000353747964254580438137054443359375,
                        3268
                    ],
                    [
                        -71.9324079999999952406142256222665309906005859375,
                        44.5914240000000035024640965275466442108154296875,
                        3254.90000000000009094947017729282379150390625
                    ],
                    [
                        -71.932501000000002022716216742992401123046875,
                        44.59148400000000123100107884965837001800537109375,
                        3244.09999999999990905052982270717620849609375
                    ],
                    [
                        -71.932828000000000656655174680054187774658203125,
                        44.5916380000000032168827601708471775054931640625,
                        3209.59999999999990905052982270717620849609375
                    ],
                    [
                        -71.9329699999999974124875734560191631317138671875,
                        44.59176000000000072986949817277491092681884765625,
                        3199.09999999999990905052982270717620849609375
                    ],
                    [
                        -71.933007000000003472450771369040012359619140625,
                        44.591802999999998746716300956904888153076171875,
                        3186
                    ],
                    [
                        -71.93301900000000159707269631326198577880859375,
                        44.59185099999999835063135833479464054107666015625,
                        3188.3000000000001818989403545856475830078125
                    ],
                    [
                        -71.9330920000000020309016690589487552642822265625,
                        44.5919669999999968013071338646113872528076171875,
                        3184.09999999999990905052982270717620849609375
                    ],
                    [
                        -71.9331049999999976307663018815219402313232421875,
                        44.59203699999999770398062537424266338348388671875,
                        3188.3000000000001818989403545856475830078125
                    ],
                    [
                        -71.933145999999993591700331307947635650634765625,
                        44.59210499999999655074134352616965770721435546875,
                        3190.3000000000001818989403545856475830078125
                    ],
                    [
                        -71.9332150000000041245584725402295589447021484375,
                        44.59215900000000232239472097717225551605224609375,
                        3179.8000000000001818989403545856475830078125
                    ],
                    [
                        -71.9333089999999941710484563373029232025146484375,
                        44.5921799999999990404830896295607089996337890625,
                        3169
                    ],
                    [
                        -71.9334290000000038389771361835300922393798828125,
                        44.5921570000000002664819476194679737091064453125,
                        3149.59999999999990905052982270717620849609375
                    ],
                    [
                        -71.933548999999999296051100827753543853759765625,
                        44.592117999999999256033333949744701385498046875,
                        3136.5
                    ],
                    [
                        -71.9336440000000010286385077051818370819091796875,
                        44.59209899999999748843038105405867099761962890625,
                        3128
                    ],
                    [
                        -71.93373900000000276122591458261013031005859375,
                        44.5921019999999970195858622901141643524169921875,
                        3115.1999999999998181010596454143524169921875
                    ],
                    [
                        -71.9337680000000005975380190648138523101806640625,
                        44.5921129999999976689650793559849262237548828125,
                        3102
                    ],
                    [
                        -71.9338120000000031950548873282968997955322265625,
                        44.59214999999999662350091966800391674041748046875,
                        3095.8000000000001818989403545856475830078125
                    ],
                    [
                        -71.9338240000000013196768122725188732147216796875,
                        44.59217799999999698457031627185642719268798828125,
                        3095.8000000000001818989403545856475830078125
                    ],
                    [
                        -71.9338340000000044938133214600384235382080078125,
                        44.59227700000000282898326986469328403472900390625,
                        3076.40000000000009094947017729282379150390625
                    ],
                    [
                        -71.933908000000002402885002084076404571533203125,
                        44.5923599999999993315213941968977451324462890625,
                        3048.1999999999998181010596454143524169921875
                    ],
                    [
                        -71.9340140000000047848516260273754596710205078125,
                        44.59236899999999792498783790506422519683837890625,
                        3011.8000000000001818989403545856475830078125
                    ],
                    [
                        -71.93436800000000630461727268993854522705078125,
                        44.59235000000000326281224261038005352020263671875,
                        2962.3000000000001818989403545856475830078125
                    ],
                    [
                        -71.934562999999997146005625836551189422607421875,
                        44.59229500000000001591615728102624416351318359375,
                        2947.1999999999998181010596454143524169921875
                    ],
                    [
                        -71.934787999999997509803506545722484588623046875,
                        44.592253999999996949554770253598690032958984375,
                        2925.5
                    ],
                    [
                        -71.9350850000000008321876521222293376922607421875,
                        44.59221699999999799501892994157969951629638671875,
                        2921.3000000000001818989403545856475830078125
                    ],
                    [
                        -71.9354090000000070403984864242374897003173828125,
                        44.592218000000002575688995420932769775390625,
                        2880.59999999999990905052982270717620849609375
                    ],
                    [
                        -71.935597999999998819475877098739147186279296875,
                        44.59210999999999813780959811992943286895751953125,
                        2878.3000000000001818989403545856475830078125
                    ],
                    [
                        -71.9357279999999974506863509304821491241455078125,
                        44.5919549999999986766852089203894138336181640625,
                        2899.90000000000009094947017729282379150390625
                    ],
                    [
                        -71.9359529999999978144842316396534442901611328125,
                        44.5918869999999998299244907684624195098876953125,
                        2886.8000000000001818989403545856475830078125
                    ],
                    [
                        -71.9361090000000018562786863185465335845947265625,
                        44.59184900000000340014594257809221744537353515625,
                        2889.09999999999990905052982270717620849609375
                    ],
                    [
                        -71.936204000000003588866093195974826812744140625,
                        44.59186299999999647525328327901661396026611328125,
                        2882.5
                    ],
                    [
                        -71.936477999999993926394381560385227203369140625,
                        44.591904999999997016857378184795379638671875,
                        2852.40000000000009094947017729282379150390625
                    ],
                    [
                        -71.936824999999998908606357872486114501953125,
                        44.59203000000000116642695502378046512603759765625,
                        2839.59999999999990905052982270717620849609375
                    ],
                    [
                        -71.9376319999999935816958895884454250335693359375,
                        44.59251299999999673673301003873348236083984375,
                        2805.09999999999990905052982270717620849609375
                    ],
                    [
                        -71.9382149999999995770849636755883693695068359375,
                        44.59282799999999724605004303157329559326171875,
                        2841.5
                    ],
                    [
                        -71.938364000000007081325748004019260406494140625,
                        44.59283500000000088903107098303735256195068359375,
                        2826.40000000000009094947017729282379150390625
                    ],
                    [
                        -71.9385520000000013851604308001697063446044921875,
                        44.59277800000000269164956989698112010955810546875,
                        2811.6999999999998181010596454143524169921875
                    ],
                    [
                        -71.93865099999999301871866919100284576416015625,
                        44.59276299999999793044480611570179462432861328125,
                        2796.59999999999990905052982270717620849609375
                    ],
                    [
                        -71.9388589999999936708263703621923923492431640625,
                        44.59279099999999829151420271955430507659912109375,
                        2774.90000000000009094947017729282379150390625
                    ],
                    [
                        -71.9388129999999961228240863420069217681884765625,
                        44.59301099999999706824382883496582508087158203125,
                        2777.1999999999998181010596454143524169921875
                    ],
                    [
                        -71.9386789999999933797880657948553562164306640625,
                        44.59336499999999858800947549752891063690185546875,
                        2785.8000000000001818989403545856475830078125
                    ],
                    [
                        -71.9386789999999933797880657948553562164306640625,
                        44.59336499999999858800947549752891063690185546875,
                        2785.8000000000001818989403545856475830078125
                    ],
                    [
                        -71.9386789999999933797880657948553562164306640625,
                        44.59336499999999858800947549752891063690185546875,
                        2785.8000000000001818989403545856475830078125
                    ],
                    [
                        -71.9388129999999961228240863420069217681884765625,
                        44.59301099999999706824382883496582508087158203125,
                        2777.1999999999998181010596454143524169921875
                    ],
                    [
                        -71.9388589999999936708263703621923923492431640625,
                        44.59279099999999829151420271955430507659912109375,
                        2774.90000000000009094947017729282379150390625
                    ],
                    [
                        -71.9390010000000046375134843401610851287841796875,
                        44.59278900000000334102878696285188198089599609375,
                        2770.6999999999998181010596454143524169921875
                    ],
                    [
                        -71.9390910000000047830326366238296031951904296875,
                        44.59275600000000139289113576523959636688232421875,
                        2772.59999999999990905052982270717620849609375
                    ],
                    [
                        -71.9392050000000011777956387959420680999755859375,
                        44.5926860000000004902176442556083202362060546875,
                        2781.5
                    ],
                    [
                        -71.9393989999999945439412840642035007476806640625,
                        44.592838000000000420186552219092845916748046875,
                        2815.90000000000009094947017729282379150390625
                    ],
                    [
                        -71.9394419999999996662154444493353366851806640625,
                        44.5928550000000001318767317570745944976806640625,
                        2839.59999999999990905052982270717620849609375
                    ],
                    [
                        -71.93966000000000349245965480804443359375,
                        44.592861999999996669430402107536792755126953125,
                        2858.90000000000009094947017729282379150390625
                    ],
                    [
                        -71.9399020000000035679477150551974773406982421875,
                        44.59286900000000031241143005900084972381591796875,
                        2858.90000000000009094947017729282379150390625
                    ],
                    [
                        -71.940291999999999461579136550426483154296875,
                        44.59277900000000016689227777533233165740966796875,
                        2863.1999999999998181010596454143524169921875
                    ],
                    [
                        -71.9405909999999977344486978836357593536376953125,
                        44.59270699999999720830601290799677371978759765625,
                        2843.8000000000001818989403545856475830078125
                    ],
                    [
                        -71.9407149999999973033482092432677745819091796875,
                        44.59276899999999699275576858781278133392333984375,
                        2831
                    ],
                    [
                        -71.9407860000000027866917662322521209716796875,
                        44.59297600000000016962076188065111637115478515625,
                        2813.59999999999990905052982270717620849609375
                    ],
                    [
                        -71.9408829999999994697645888663828372955322265625,
                        44.5929220000000015033947420306503772735595703125,
                        2817.90000000000009094947017729282379150390625
                    ],
                    [
                        -71.9410500000000041609382606111466884613037109375,
                        44.59269199999999955252860672771930694580078125,
                        2813.59999999999990905052982270717620849609375
                    ],
                    [
                        -71.9411010000000032960087992250919342041015625,
                        44.592624999999998181010596454143524169921875,
                        2807.09999999999990905052982270717620849609375
                    ],
                    [
                        -71.94119000000000596628524363040924072265625,
                        44.59250800000000225509211304597556591033935546875,
                        2811.6999999999998181010596454143524169921875
                    ],
                    [
                        -71.9414359999999959427441353909671306610107421875,
                        44.592275000000000773070496506989002227783203125,
                        2841.5
                    ],
                    [
                        -71.9414029999999939946064841933548450469970703125,
                        44.59253600000000261616150964982807636260986328125,
                        2779.1999999999998181010596454143524169921875
                    ],
                    [
                        -71.941472000000004527464625425636768341064453125,
                        44.59274599999999821875462657772004604339599609375,
                        2729.6999999999998181010596454143524169921875
                    ],
                    [
                        -71.9414689999999978908817865885794162750244140625,
                        44.592860000000001718944986350834369659423828125,
                        2718.8000000000001818989403545856475830078125
                    ],
                    [
                        -71.94153000000000020008883439004421234130859375,
                        44.5929459999999977526385919190943241119384765625,
                        2690.90000000000009094947017729282379150390625
                    ],
                    [
                        -71.9414430000000066911525209434330463409423828125,
                        44.59308899999999908914105617441236972808837890625,
                        2695.1999999999998181010596454143524169921875
                    ],
                    [
                        -71.9413530000000065456333686597645282745361328125,
                        44.59320799999999707097231294028460979461669921875,
                        2695.1999999999998181010596454143524169921875
                    ],
                    [
                        -71.941271000000000412910594604909420013427734375,
                        44.59339200000000147383616422303020954132080078125,
                        2675.90000000000009094947017729282379150390625
                    ],
                    [
                        -71.9410969999999991841832525096833705902099609375,
                        44.59350500000000039335645851679146289825439453125,
                        2667.3000000000001818989403545856475830078125
                    ],
                    [
                        -71.94107800000000452200765721499919891357421875,
                        44.59354900000000299087332678027451038360595703125,
                        2654.5
                    ],
                    [
                        -71.9410989999999941346686682663857936859130859375,
                        44.59357800000000082718543126247823238372802734375,
                        2654.5
                    ],
                    [
                        -71.9411779999999936308086034841835498809814453125,
                        44.59361100000000277532308246009051799774169921875,
                        2649.90000000000009094947017729282379150390625
                    ],
                    [
                        -71.941508999999996376573108136653900146484375,
                        44.593693999999999277861206792294979095458984375,
                        2675.90000000000009094947017729282379150390625
                    ],
                    [
                        -71.94184599999999818464857526123523712158203125,
                        44.593715000000003101376933045685291290283203125,
                        2660.8000000000001818989403545856475830078125
                    ],
                    [
                        -71.941879000000000132786226458847522735595703125,
                        44.5937100000000015143086784519255161285400390625,
                        2660.8000000000001818989403545856475830078125
                    ],
                    [
                        -71.941879000000000132786226458847522735595703125,
                        44.5937100000000015143086784519255161285400390625,
                        2660.8000000000001818989403545856475830078125
                    ],
                    [
                        -71.9420779999999950860001263208687305450439453125,
                        44.59368200000000115323928184807300567626953125,
                        2656.5
                    ],
                    [
                        -71.9424110000000069931047619320452213287353515625,
                        44.59356199999999859073795960284769535064697265625,
                        2643.6999999999998181010596454143524169921875
                    ],
                    [
                        -71.9424829999999957408363115973770618438720703125,
                        44.59350200000000086220097728073596954345703125,
                        2634.8000000000001818989403545856475830078125
                    ],
                    [
                        -71.9430430000000029622242436744272708892822265625,
                        44.59271199999999879537426750175654888153076171875,
                        2607
                    ],
                    [
                        -71.943748999999996840415406040847301483154296875,
                        44.59191299999999813508111401461064815521240234375,
                        2639.40000000000009094947017729282379150390625
                    ],
                    [
                        -71.943792000000001962689566425979137420654296875,
                        44.59184499999999928832039586268365383148193359375,
                        2639.40000000000009094947017729282379150390625
                    ],
                    [
                        -71.943790000000007012204150669276714324951171875,
                        44.59178299999999950387064018286764621734619140625,
                        2639.40000000000009094947017729282379150390625
                    ],
                    [
                        -71.9436850000000021054802346043288707733154296875,
                        44.59173299999999784404280944727361202239990234375,
                        2648
                    ],
                    [
                        -71.9434490000000010923031368292868137359619140625,
                        44.59167500000000217141860048286616802215576171875,
                        2669.3000000000001818989403545856475830078125
                    ],
                    [
                        -71.9433140000000008740244084037840366363525390625,
                        44.59158699999999697638486395590007305145263671875,
                        2675.90000000000009094947017729282379150390625
                    ],
                    [
                        -71.9432180000000016661942936480045318603515625,
                        44.5914920000000023492248146794736385345458984375,
                        2675.90000000000009094947017729282379150390625
                    ],
                    [
                        -71.943172000000004118192009627819061279296875,
                        44.59142800000000050886228564195334911346435546875,
                        2673.90000000000009094947017729282379150390625
                    ],
                    [
                        -71.9431450000000012323653209023177623748779296875,
                        44.5913230000000027075657271780073642730712890625,
                        2673.90000000000009094947017729282379150390625
                    ],
                    [
                        -71.9431260000000065701897256076335906982421875,
                        44.59128799999999870351530262269079685211181640625,
                        2671.59999999999990905052982270717620849609375
                    ],
                    [
                        -71.9430810000000064974301494657993316650390625,
                        44.59125099999999974897946231067180633544921875,
                        2680.09999999999990905052982270717620849609375
                    ],
                    [
                        -71.943005999999996902261045761406421661376953125,
                        44.59125199999999722422217018902301788330078125,
                        2689
                    ],
                    [
                        -71.9430100000000010140865924768149852752685546875,
                        44.59119100000000202044247998856008052825927734375,
                        2690.90000000000009094947017729282379150390625
                    ],
                    [
                        -71.9430100000000010140865924768149852752685546875,
                        44.59104599999999862802724237553775310516357421875,
                        2693.1999999999998181010596454143524169921875
                    ],
                    [
                        -71.9430100000000010140865924768149852752685546875,
                        44.59096799999999660713001503609120845794677734375,
                        2695.1999999999998181010596454143524169921875
                    ],
                    [
                        -71.9430100000000010140865924768149852752685546875,
                        44.59096799999999660713001503609120845794677734375,
                        2695.1999999999998181010596454143524169921875
                    ],
                    [
                        -71.9430100000000010140865924768149852752685546875,
                        44.5908620000000013305907486937940120697021484375,
                        2699.5
                    ],
                    [
                        -71.9429659999999984165697242133319377899169921875,
                        44.59075599999999894862412475049495697021484375,
                        2703.6999999999998181010596454143524169921875
                    ],
                    [
                        -71.94283500000000231011654250323772430419921875,
                        44.5905580000000014706529327668249607086181640625,
                        2744.8000000000001818989403545856475830078125
                    ],
                    [
                        -71.942847000000000434738467447459697723388671875,
                        44.5904129999999980782376951538026332855224609375,
                        2762.09999999999990905052982270717620849609375
                    ],
                    [
                        -71.94288099999999985811882652342319488525390625,
                        44.59030500000000074578565545380115509033203125,
                        2770.6999999999998181010596454143524169921875
                    ],
                    [
                        -71.943048000000004549292498268187046051025390625,
                        44.59007700000000085083229350857436656951904296875,
                        2800.90000000000009094947017729282379150390625
                    ],
                    [
                        -71.9432010000000019545041141100227832794189453125,
                        44.58993000000000250793164013884961605072021484375,
                        2790
                    ],
                    [
                        -71.9433470000000028221620596013963222503662109375,
                        44.5898260000000021818777895532548427581787109375,
                        2774.90000000000009094947017729282379150390625
                    ],
                    [
                        -71.943479999999993879100657068192958831787109375,
                        44.589641000000000303771230392158031463623046875,
                        2729.6999999999998181010596454143524169921875
                    ],
                    [
                        -71.9435739999999981364453560672700405120849609375,
                        44.5896139999999974179445416666567325592041015625,
                        2721.09999999999990905052982270717620849609375
                    ],
                    [
                        -71.9437769999999972014848026446998119354248046875,
                        44.5896019999999992933226167224347591400146484375,
                        2706
                    ],
                    [
                        -71.943972000000002253727870993316173553466796875,
                        44.5896129999999999427018337883055210113525390625,
                        2721.09999999999990905052982270717620849609375
                    ],
                    [
                        -71.94400600000000167710823006927967071533203125,
                        44.5895000000000010231815394945442676544189453125,
                        2716.90000000000009094947017729282379150390625
                    ],
                    [
                        -71.9440570000000008121787686832249164581298828125,
                        44.58944799999999730744093540124595165252685546875,
                        2732
                    ],
                    [
                        -71.944085000000001173248165287077426910400390625,
                        44.589325000000002319211489520967006683349609375,
                        2742.8000000000001818989403545856475830078125
                    ],
                    [
                        -71.9441949999999934561856207437813282012939453125,
                        44.5891519999999985657268553040921688079833984375,
                        2747
                    ],
                    [
                        -71.94422900000000709042069502174854278564453125,
                        44.58901999999999787860360811464488506317138671875,
                        2733.90000000000009094947017729282379150390625
                    ],
                    [
                        -71.9441110000000065838321461342275142669677734375,
                        44.588977999999997336999513208866119384765625,
                        2732
                    ],
                    [
                        -71.94387399999999388455762527883052825927734375,
                        44.58897400000000033060132409445941448211669921875,
                        2744.8000000000001818989403545856475830078125
                    ],
                    [
                        -71.943792999999999437932274304330348968505859375,
                        44.58900100000000321642801281996071338653564453125,
                        2744.8000000000001818989403545856475830078125
                    ],
                    [
                        -71.943792999999999437932274304330348968505859375,
                        44.58900100000000321642801281996071338653564453125,
                        2744.8000000000001818989403545856475830078125
                    ],
                    [
                        -71.94387399999999388455762527883052825927734375,
                        44.58897400000000033060132409445941448211669921875,
                        2744.8000000000001818989403545856475830078125
                    ],
                    [
                        -71.9441110000000065838321461342275142669677734375,
                        44.588977999999997336999513208866119384765625,
                        2732
                    ],
                    [
                        -71.94422900000000709042069502174854278564453125,
                        44.58901999999999787860360811464488506317138671875,
                        2733.90000000000009094947017729282379150390625
                    ],
                    [
                        -71.9441949999999934561856207437813282012939453125,
                        44.5891519999999985657268553040921688079833984375,
                        2747
                    ],
                    [
                        -71.944085000000001173248165287077426910400390625,
                        44.589325000000002319211489520967006683349609375,
                        2742.8000000000001818989403545856475830078125
                    ],
                    [
                        -71.9440570000000008121787686832249164581298828125,
                        44.58944799999999730744093540124595165252685546875,
                        2732
                    ],
                    [
                        -71.94400600000000167710823006927967071533203125,
                        44.5895000000000010231815394945442676544189453125,
                        2716.90000000000009094947017729282379150390625
                    ],
                    [
                        -71.943972000000002253727870993316173553466796875,
                        44.5896129999999999427018337883055210113525390625,
                        2721.09999999999990905052982270717620849609375
                    ],
                    [
                        -71.94423299999999699139152653515338897705078125,
                        44.58962799999999759847923996858298778533935546875,
                        2727.6999999999998181010596454143524169921875
                    ],
                    [
                        -71.9443859999999943966031423769891262054443359375,
                        44.5896240000000005920810508541762828826904296875,
                        2725.40000000000009094947017729282379150390625
                    ],
                    [
                        -71.94463500000000522049958817660808563232421875,
                        44.58958899999999658803062629885971546173095703125,
                        2721.09999999999990905052982270717620849609375
                    ],
                    [
                        -71.9448689999999970723365549929440021514892578125,
                        44.58951900000000279078449239023029804229736328125,
                        2723.40000000000009094947017729282379150390625
                    ],
                    [
                        -71.94513499999999339706846512854099273681640625,
                        44.58935100000000062436811276711523532867431640625,
                        2699.5
                    ],
                    [
                        -71.9452739999999977271727402694523334503173828125,
                        44.58919900000000069439920480363070964813232421875,
                        2671.59999999999990905052982270717620849609375
                    ],
                    [
                        -71.9453350000000000363797880709171295166015625,
                        44.589100000000001955413608811795711517333984375,
                        2667.3000000000001818989403545856475830078125
                    ],
                    [
                        -71.9453740000000010468284017406404018402099609375,
                        44.588987000000003035893314518034458160400390625,
                        2660.8000000000001818989403545856475830078125
                    ],
                    [
                        -71.9453979999999972960722516290843486785888671875,
                        44.58882799999999946294337860308587551116943359375,
                        2669.3000000000001818989403545856475830078125
                    ],
                    [
                        -71.9453989999999947713149595074355602264404296875,
                        44.58879999999999910187398199923336505889892578125,
                        2671.59999999999990905052982270717620849609375
                    ],
                    [
                        -71.945233999999999241481418721377849578857421875,
                        44.5886160000000018044374883174896240234375,
                        2693.1999999999998181010596454143524169921875
                    ],
                    [
                        -71.9452280000000001791704562492668628692626953125,
                        44.58860800000000068621375248767435550689697265625,
                        2693.1999999999998181010596454143524169921875
                    ]
                ]
            },
            "properties": {
                "name": "Untitled Route",
                "source": "gpx",
                "elevation_unit": "feet"
            }
        }
    ]
}