<?xml version="1.0" ?><gpx xmlns="http://www.topografix.com/GPX/1/1" creator="GaiaGPS" version="1.1" xmlns:xsi="http://www.w3.org/2001/XMLSchema-instance" xsi:schemaLocation="http://www.topografix.com/GPX/1/1 http://www.topografix.com/GPX/1/1/gpx.xsd"><rte><name>Untitled Route</name><desc></desc><extensions><line xmlns="http://www.topografix.com/GPX/gpx_style/0/2"><color>4ABD32</color></line></extensions><rtept lat="44.588742" lon="-71.945377"><ele>248.60000000000036</ele><time>2026-04-17T19:14:30Z</time></rtept><rtept lat="44.588752" lon="-71.945356"><ele>248.60000000000036</ele><time>2026-04-17T19:14:30Z</time></rtept><rtept lat="44.5888" lon="-71.945399"><ele>248.20000000000073</ele><time>2026-04-17T19:14:30Z</time></rtept><rtept lat="44.588828" lon="-71.945398"><ele>248.0</ele><time>2026-04-17T19:14:30Z</time></rtept><rtept lat="44.588987" lon="-71.945374"><ele>247.20000000000073</ele><time>2026-04-17T19:14:30Z</time></rtept><rtept lat="44.5891" lon="-71.945335"><ele>247.8000000000011</ele><time>2026-04-17T19:14:30Z</time></rtept><rtept lat="44.589199" lon="-71.945274"><ele>248.20000000000073</ele><time>2026-04-17T19:14:30Z</time></rtept><rtept lat="44.589351" lon="-71.945135"><ele>250.8000000000011</ele><time>2026-04-17T19:14:30Z</time></rtept><rtept lat="44.589519" lon="-71.944869"><ele>253.0</ele><time>2026-04-17T19:14:30Z</time></rtept><rtept lat="44.589589" lon="-71.944635"><ele>252.8000000000011</ele><time>2026-04-17T19:14:30Z</time></rtept><rtept lat="44.589624" lon="-71.944386"><ele>253.20000000000073</ele><time>2026-04-17T19:14:30Z</time></rtept><rtept lat="44.589628" lon="-71.944233"><ele>253.40000000000146</ele><time>2026-04-17T19:14:30Z</time></rtept><rtept lat="44.589613" lon="-71.943972"><ele>252.8000000000011</ele><time>2026-04-17T19:14:30Z</time></rtept><rtept lat="44.589602" lon="-71.943777"><ele>251.40000000000146</ele><time>2026-04-17T19:14:30Z</time></rtept><rtept lat="44.589614" lon="-71.943574"><ele>252.8000000000011</ele><time>2026-04-17T19:14:30Z</time></rtept><rtept lat="44.589641" lon="-71.94348"><ele>253.60000000000036</ele><time>2026-04-17T19:14:30Z</time></rtept><rtept lat="44.58972" lon="-71.943198"><ele>257.8000000000011</ele><time>2026-04-17T19:14:30Z</time></rtept><rtept lat="44.5898" lon="-71.943029"><ele>262.0</ele><time>2026-04-17T19:14:30Z</time></rtept><rtept lat="44.590219" lon="-71.942466"><ele>266.40000000000146</ele><time>2026-04-17T19:14:30Z</time></rtept><rtept lat="44.590361" lon="-71.942257"><ele>264.0</ele><time>2026-04-17T19:14:30Z</time></rtept><rtept lat="44.590543" lon="-71.941991"><ele>260.40000000000146</ele><time>2026-04-17T19:14:30Z</time></rtept><rtept lat="44.590857" lon="-71.941647"><ele>260.40000000000146</ele><time>2026-04-17T19:14:30Z</time></rtept><rtept lat="44.59102" lon="-71.941444"><ele>262.60000000000036</ele><time>2026-04-17T19:14:30Z</time></rtept><rtept lat="44.591324" lon="-71.941009"><ele>262.2000000000007</ele><time>2026-04-17T19:14:30Z</time></rtept><rtept lat="44.591464" lon="-71.940848"><ele>262.2000000000007</ele><time>2026-04-17T19:14:30Z</time></rtept><rtept lat="44.591844" lon="-71.94025"><ele>261.2000000000007</ele><time>2026-04-17T19:14:30Z</time></rtept><rtept lat="44.59204" lon="-71.940016"><ele>263.2000000000007</ele><time>2026-04-17T19:14:30Z</time></rtept><rtept lat="44.592303" lon="-71.939666"><ele>262.0</ele><time>2026-04-17T19:14:30Z</time></rtept><rtept lat="44.592398" lon="-71.939513"><ele>261.40000000000146</ele><time>2026-04-17T19:14:30Z</time></rtept><rtept lat="44.592449" lon="-71.939451"><ele>261.0</ele><time>2026-04-17T19:14:30Z</time></rtept><rtept lat="44.592535" lon="-71.939345"><ele>260.40000000000146</ele><time>2026-04-17T19:14:30Z</time></rtept><rtept lat="44.592686" lon="-71.939205"><ele>258.40000000000146</ele><time>2026-04-17T19:14:30Z</time></rtept><rtept lat="44.592756" lon="-71.939091"><ele>257.60000000000036</ele><time>2026-04-17T19:14:30Z</time></rtept><rtept lat="44.592789" lon="-71.939001"><ele>257.40000000000146</ele><time>2026-04-17T19:14:30Z</time></rtept><rtept lat="44.592791" lon="-71.938859"><ele>257.8000000000011</ele><time>2026-04-17T19:14:30Z</time></rtept><rtept lat="44.592763" lon="-71.938651"><ele>259.8000000000011</ele><time>2026-04-17T19:14:30Z</time></rtept><rtept lat="44.592778" lon="-71.938552"><ele>261.2000000000007</ele><time>2026-04-17T19:14:30Z</time></rtept><rtept lat="44.592835" lon="-71.938364"><ele>262.60000000000036</ele><time>2026-04-17T19:14:30Z</time></rtept><rtept lat="44.592828" lon="-71.938215"><ele>264.0</ele><time>2026-04-17T19:14:30Z</time></rtept><rtept lat="44.592513" lon="-71.937632"><ele>260.60000000000036</ele><time>2026-04-17T19:14:30Z</time></rtept><rtept lat="44.59203" lon="-71.936825"><ele>263.8000000000011</ele><time>2026-04-17T19:14:30Z</time></rtept><rtept lat="44.591905" lon="-71.936478"><ele>265.0</ele><time>2026-04-17T19:14:30Z</time></rtept><rtept lat="44.591863" lon="-71.936204"><ele>267.8000000000011</ele><time>2026-04-17T19:14:30Z</time></rtept><rtept lat="44.591849" lon="-71.936109"><ele>268.40000000000146</ele><time>2026-04-17T19:14:30Z</time></rtept><rtept lat="44.591887" lon="-71.935953"><ele>268.2000000000007</ele><time>2026-04-17T19:14:30Z</time></rtept><rtept lat="44.591955" lon="-71.935728"><ele>269.40000000000146</ele><time>2026-04-17T19:14:30Z</time></rtept><rtept lat="44.59211" lon="-71.935598"><ele>267.40000000000146</ele><time>2026-04-17T19:14:30Z</time></rtept><rtept lat="44.592218" lon="-71.935409"><ele>267.60000000000036</ele><time>2026-04-17T19:14:30Z</time></rtept><rtept lat="44.592217" lon="-71.935085"><ele>271.40000000000146</ele><time>2026-04-17T19:14:30Z</time></rtept><rtept lat="44.592254" lon="-71.934788"><ele>271.8000000000011</ele><time>2026-04-17T19:14:30Z</time></rtept><rtept lat="44.592295" lon="-71.934563"><ele>273.8000000000011</ele><time>2026-04-17T19:14:30Z</time></rtept><rtept lat="44.59235" lon="-71.934368"><ele>275.2000000000007</ele><time>2026-04-17T19:14:30Z</time></rtept><rtept lat="44.592369" lon="-71.934014"><ele>279.8000000000011</ele><time>2026-04-17T19:14:30Z</time></rtept><rtept lat="44.59236" lon="-71.933908"><ele>283.2000000000007</ele><time>2026-04-17T19:14:30Z</time></rtept><rtept lat="44.592277" lon="-71.933834"><ele>285.8000000000011</ele><time>2026-04-17T19:14:30Z</time></rtept><rtept lat="44.592178" lon="-71.933824"><ele>287.60000000000036</ele><time>2026-04-17T19:14:30Z</time></rtept><rtept lat="44.59215" lon="-71.933812"><ele>287.60000000000036</ele><time>2026-04-17T19:14:30Z</time></rtept><rtept lat="44.592113" lon="-71.933768"><ele>288.2000000000007</ele><time>2026-04-17T19:14:30Z</time></rtept><rtept lat="44.592102" lon="-71.933739"><ele>289.40000000000146</ele><time>2026-04-17T19:14:30Z</time></rtept><rtept lat="44.592099" lon="-71.933644"><ele>290.60000000000036</ele><time>2026-04-17T19:14:30Z</time></rtept><rtept lat="44.592118" lon="-71.933549"><ele>291.40000000000146</ele><time>2026-04-17T19:14:30Z</time></rtept><rtept lat="44.592157" lon="-71.933429"><ele>292.60000000000036</ele><time>2026-04-17T19:14:30Z</time></rtept><rtept lat="44.59218" lon="-71.933309"><ele>294.40000000000146</ele><time>2026-04-17T19:14:30Z</time></rtept><rtept lat="44.592159" lon="-71.933215"><ele>295.40000000000146</ele><time>2026-04-17T19:14:30Z</time></rtept><rtept lat="44.592105" lon="-71.933146"><ele>296.40000000000146</ele><time>2026-04-17T19:14:30Z</time></rtept><rtept lat="44.592037" lon="-71.933105"><ele>296.2000000000007</ele><time>2026-04-17T19:14:30Z</time></rtept><rtept lat="44.591967" lon="-71.933092"><ele>295.8000000000011</ele><time>2026-04-17T19:14:30Z</time></rtept><rtept lat="44.591851" lon="-71.933019"><ele>296.2000000000007</ele><time>2026-04-17T19:14:30Z</time></rtept><rtept lat="44.591803" lon="-71.933007"><ele>296.0</ele><time>2026-04-17T19:14:30Z</time></rtept><rtept lat="44.59176" lon="-71.93297"><ele>297.2000000000007</ele><time>2026-04-17T19:14:30Z</time></rtept><rtept lat="44.591638" lon="-71.932828"><ele>298.2000000000007</ele><time>2026-04-17T19:14:30Z</time></rtept><rtept lat="44.591592" lon="-71.932731"><ele>299.0</ele><time>2026-04-17T19:14:30Z</time></rtept><rtept lat="44.591592" lon="-71.932731"><ele>299.0</ele><time>2026-04-17T19:14:30Z</time></rtept><rtept lat="44.591484" lon="-71.932501"><ele>301.40000000000146</ele><time>2026-04-17T19:14:30Z</time></rtept><rtept lat="44.591424" lon="-71.932408"><ele>302.40000000000146</ele><time>2026-04-17T19:14:30Z</time></rtept><rtept lat="44.591348" lon="-71.932319"><ele>303.60000000000036</ele><time>2026-04-17T19:14:30Z</time></rtept><rtept lat="44.591118" lon="-71.932108"><ele>305.60000000000036</ele><time>2026-04-17T19:14:30Z</time></rtept><rtept lat="44.591066" lon="-71.93207"><ele>305.2000000000007</ele><time>2026-04-17T19:14:30Z</time></rtept><rtept lat="44.591011" lon="-71.932059"><ele>304.8000000000011</ele><time>2026-04-17T19:14:30Z</time></rtept><rtept lat="44.590957" lon="-71.932029"><ele>306.0</ele><time>2026-04-17T19:14:30Z</time></rtept><rtept lat="44.590798" lon="-71.932027"><ele>305.60000000000036</ele><time>2026-04-17T19:14:30Z</time></rtept><rtept lat="44.590676" lon="-71.932014"><ele>306.2000000000007</ele><time>2026-04-17T19:14:30Z</time></rtept><rtept lat="44.590512" lon="-71.931899"><ele>308.8000000000011</ele><time>2026-04-17T19:14:30Z</time></rtept><rtept lat="44.590476" lon="-71.931886"><ele>308.8000000000011</ele><time>2026-04-17T19:14:30Z</time></rtept><rtept lat="44.590417" lon="-71.93181"><ele>310.60000000000036</ele><time>2026-04-17T19:14:30Z</time></rtept><rtept lat="44.590371" lon="-71.931726"><ele>312.0</ele><time>2026-04-17T19:14:30Z</time></rtept><rtept lat="44.590303" lon="-71.931495"><ele>314.2000000000007</ele><time>2026-04-17T19:14:30Z</time></rtept><rtept lat="44.590289" lon="-71.931375"><ele>315.0</ele><time>2026-04-17T19:14:30Z</time></rtept><rtept lat="44.590295" lon="-71.931315"><ele>316.0</ele><time>2026-04-17T19:14:30Z</time></rtept><rtept lat="44.590311" lon="-71.931253"><ele>317.0</ele><time>2026-04-17T19:14:30Z</time></rtept><rtept lat="44.590339" lon="-71.931183"><ele>317.0</ele><time>2026-04-17T19:14:30Z</time></rtept><rtept lat="44.590379" lon="-71.931121"><ele>319.40000000000146</ele><time>2026-04-17T19:14:30Z</time></rtept><rtept lat="44.590424" lon="-71.931077"><ele>321.8000000000011</ele><time>2026-04-17T19:14:30Z</time></rtept><rtept lat="44.590474" lon="-71.931093"><ele>322.60000000000036</ele><time>2026-04-17T19:14:30Z</time></rtept><rtept lat="44.590578" lon="-71.931118"><ele>321.2000000000007</ele><time>2026-04-17T19:14:30Z</time></rtept><rtept lat="44.590694" lon="-71.931248"><ele>319.0</ele><time>2026-04-17T19:14:30Z</time></rtept><rtept lat="44.590839" lon="-71.931357"><ele>315.40000000000146</ele><time>2026-04-17T19:14:30Z</time></rtept><rtept lat="44.59103" lon="-71.931478"><ele>314.2000000000007</ele><time>2026-04-17T19:14:30Z</time></rtept><rtept lat="44.591104" lon="-71.93141"><ele>315.8000000000011</ele><time>2026-04-17T19:14:30Z</time></rtept><rtept lat="44.591095" lon="-71.931138"><ele>319.40000000000146</ele><time>2026-04-17T19:14:30Z</time></rtept><rtept lat="44.591102" lon="-71.930923"><ele>321.60000000000036</ele><time>2026-04-17T19:14:30Z</time></rtept><rtept lat="44.591231" lon="-71.930825"><ele>321.0</ele><time>2026-04-17T19:14:30Z</time></rtept><rtept lat="44.591251" lon="-71.930754"><ele>321.0</ele><time>2026-04-17T19:14:30Z</time></rtept><rtept lat="44.59123" lon="-71.93067"><ele>321.60000000000036</ele><time>2026-04-17T19:14:30Z</time></rtept><rtept lat="44.591182" lon="-71.930609"><ele>323.8000000000011</ele><time>2026-04-17T19:14:30Z</time></rtept><rtept lat="44.591099" lon="-71.93056"><ele>326.40000000000146</ele><time>2026-04-17T19:14:30Z</time></rtept><rtept lat="44.591058" lon="-71.930548"><ele>327.8000000000011</ele><time>2026-04-17T19:14:30Z</time></rtept><rtept lat="44.590995" lon="-71.930554"><ele>329.2000000000007</ele><time>2026-04-17T19:14:30Z</time></rtept><rtept lat="44.590951" lon="-71.930557"><ele>330.40000000000146</ele><time>2026-04-17T19:14:30Z</time></rtept><rtept lat="44.590905" lon="-71.930525"><ele>330.40000000000146</ele><time>2026-04-17T19:14:30Z</time></rtept><rtept lat="44.590855" lon="-71.930512"><ele>331.40000000000146</ele><time>2026-04-17T19:14:30Z</time></rtept><rtept lat="44.5907" lon="-71.930391"><ele>335.8000000000011</ele><time>2026-04-17T19:14:30Z</time></rtept><rtept lat="44.590664" lon="-71.930348"><ele>335.8000000000011</ele><time>2026-04-17T19:14:30Z</time></rtept><rtept lat="44.59063" lon="-71.930141"><ele>338.8000000000011</ele><time>2026-04-17T19:14:30Z</time></rtept><rtept lat="44.590555" lon="-71.930174"><ele>337.0</ele><time>2026-04-17T19:14:30Z</time></rtept><rtept lat="44.590503" lon="-71.930138"><ele>336.8000000000011</ele><time>2026-04-17T19:14:30Z</time></rtept><rtept lat="44.590432" lon="-71.930124"><ele>335.2000000000007</ele><time>2026-04-17T19:14:30Z</time></rtept><rtept lat="44.59036" lon="-71.930085"><ele>333.60000000000036</ele><time>2026-04-17T19:14:30Z</time></rtept><rtept lat="44.590298" lon="-71.930017"><ele>332.40000000000146</ele><time>2026-04-17T19:14:30Z</time></rtept><rtept lat="44.590259" lon="-71.929917"><ele>331.0</ele><time>2026-04-17T19:14:30Z</time></rtept><rtept lat="44.590254" lon="-71.929808"><ele>331.8000000000011</ele><time>2026-04-17T19:14:30Z</time></rtept><rtept lat="44.590275" lon="-71.92971"><ele>334.0</ele><time>2026-04-17T19:14:30Z</time></rtept><rtept lat="44.59035" lon="-71.929504"><ele>339.8000000000011</ele><time>2026-04-17T19:14:30Z</time></rtept><rtept lat="44.590365" lon="-71.929404"><ele>341.0</ele><time>2026-04-17T19:14:30Z</time></rtept><rtept lat="44.590365" lon="-71.929355"><ele>342.2000000000007</ele><time>2026-04-17T19:14:30Z</time></rtept><rtept lat="44.590355" lon="-71.9293"><ele>342.2000000000007</ele><time>2026-04-17T19:14:30Z</time></rtept><rtept lat="44.590309" lon="-71.929187"><ele>342.2000000000007</ele><time>2026-04-17T19:14:30Z</time></rtept><rtept lat="44.590131" lon="-71.928894"><ele>339.2000000000007</ele><time>2026-04-17T19:14:30Z</time></rtept><rtept lat="44.589982" lon="-71.928615"><ele>338.2000000000007</ele><time>2026-04-17T19:14:30Z</time></rtept><rtept lat="44.589889" lon="-71.928411"><ele>337.60000000000036</ele><time>2026-04-17T19:14:30Z</time></rtept><rtept lat="44.589862" lon="-71.928307"><ele>338.40000000000146</ele><time>2026-04-17T19:14:30Z</time></rtept><rtept lat="44.589827" lon="-71.927926"><ele>340.2000000000007</ele><time>2026-04-17T19:14:30Z</time></rtept><rtept lat="44.589809" lon="-71.927863"><ele>341.0</ele><time>2026-04-17T19:14:30Z</time></rtept><rtept lat="44.589732" lon="-71.927703"><ele>337.8000000000011</ele><time>2026-04-17T19:14:30Z</time></rtept><rtept lat="44.589711" lon="-71.927642"><ele>337.8000000000011</ele><time>2026-04-17T19:14:30Z</time></rtept><rtept lat="44.589701" lon="-71.927573"><ele>337.8000000000011</ele><time>2026-04-17T19:14:30Z</time></rtept><rtept lat="44.58971" lon="-71.927497"><ele>337.8000000000011</ele><time>2026-04-17T19:14:30Z</time></rtept><rtept lat="44.589768" lon="-71.927225"><ele>339.0</ele><time>2026-04-17T19:14:30Z</time></rtept><rtept lat="44.589787" lon="-71.927077"><ele>338.8000000000011</ele><time>2026-04-17T19:14:30Z</time></rtept><rtept lat="44.589803" lon="-71.927005"><ele>340.8000000000011</ele><time>2026-04-17T19:14:30Z</time></rtept><rtept lat="44.589876" lon="-71.926779"><ele>342.0</ele><time>2026-04-17T19:14:30Z</time></rtept><rtept lat="44.58995" lon="-71.926215"><ele>344.60000000000036</ele><time>2026-04-17T19:14:30Z</time></rtept><rtept lat="44.589988" lon="-71.926055"><ele>346.8000000000011</ele><time>2026-04-17T19:14:30Z</time></rtept><rtept lat="44.590062" lon="-71.925814"><ele>348.40000000000146</ele><time>2026-04-17T19:14:30Z</time></rtept><rtept lat="44.590085" lon="-71.925676"><ele>348.60000000000036</ele><time>2026-04-17T19:14:30Z</time></rtept><rtept lat="44.59009" lon="-71.925513"><ele>348.8000000000011</ele><time>2026-04-17T19:14:30Z</time></rtept><rtept lat="44.590085" lon="-71.925247"><ele>350.60000000000036</ele><time>2026-04-17T19:14:30Z</time></rtept><rtept lat="44.590108" lon="-71.924858"><ele>357.0</ele><time>2026-04-17T19:14:30Z</time></rtept><rtept lat="44.590101" lon="-71.924745"><ele>358.0</ele><time>2026-04-17T19:14:30Z</time></rtept><rtept lat="44.590049" lon="-71.924348"><ele>354.40000000000146</ele><time>2026-04-17T19:14:30Z</time></rtept><rtept lat="44.590049" lon="-71.924196"><ele>352.0</ele><time>2026-04-17T19:14:30Z</time></rtept><rtept lat="44.590066" lon="-71.923953"><ele>348.60000000000036</ele><time>2026-04-17T19:14:30Z</time></rtept><rtept lat="44.590101" lon="-71.923788"><ele>349.2000000000007</ele><time>2026-04-17T19:14:30Z</time></rtept><rtept lat="44.59013" lon="-71.923718"><ele>349.2000000000007</ele><time>2026-04-17T19:14:30Z</time></rtept><rtept lat="44.590165" lon="-71.923652"><ele>350.8000000000011</ele><time>2026-04-17T19:14:30Z</time></rtept><rtept lat="44.590239" lon="-71.923543"><ele>352.2000000000007</ele><time>2026-04-17T19:14:30Z</time></rtept><rtept lat="44.590309" lon="-71.923393"><ele>352.0</ele><time>2026-04-17T19:14:30Z</time></rtept><rtept lat="44.590436" lon="-71.922812"><ele>346.2000000000007</ele><time>2026-04-17T19:14:30Z</time></rtept><rtept lat="44.590494" lon="-71.922657"><ele>344.60000000000036</ele><time>2026-04-17T19:14:30Z</time></rtept><rtept lat="44.59053" lon="-71.922579"><ele>344.0</ele><time>2026-04-17T19:14:30Z</time></rtept><rtept lat="44.590667" lon="-71.922405"><ele>343.2000000000007</ele><time>2026-04-17T19:14:30Z</time></rtept><rtept lat="44.590812" lon="-71.922269"><ele>343.0</ele><time>2026-04-17T19:14:30Z</time></rtept><rtept lat="44.590857" lon="-71.92223"><ele>342.2000000000007</ele><time>2026-04-17T19:14:30Z</time></rtept><rtept lat="44.590936" lon="-71.922184"><ele>342.2000000000007</ele><time>2026-04-17T19:14:30Z</time></rtept><rtept lat="44.590973" lon="-71.922176"><ele>342.2000000000007</ele><time>2026-04-17T19:14:30Z</time></rtept><rtept lat="44.591006" lon="-71.922147"><ele>341.8000000000011</ele><time>2026-04-17T19:14:30Z</time></rtept><rtept lat="44.591079" lon="-71.922133"><ele>342.60000000000036</ele><time>2026-04-17T19:14:30Z</time></rtept><rtept lat="44.591116" lon="-71.922102"><ele>342.60000000000036</ele><time>2026-04-17T19:14:30Z</time></rtept><rtept lat="44.591154" lon="-71.922091"><ele>343.0</ele><time>2026-04-17T19:14:30Z</time></rtept><rtept lat="44.591191" lon="-71.922056"><ele>342.60000000000036</ele><time>2026-04-17T19:14:30Z</time></rtept><rtept lat="44.59126" lon="-71.921974"><ele>342.40000000000146</ele><time>2026-04-17T19:14:30Z</time></rtept><rtept lat="44.591348" lon="-71.921842"><ele>343.2000000000007</ele><time>2026-04-17T19:14:30Z</time></rtept><rtept lat="44.591435" lon="-71.92173"><ele>343.60000000000036</ele><time>2026-04-17T19:14:30Z</time></rtept><rtept lat="44.591435" lon="-71.92173"><ele>343.60000000000036</ele><time>2026-04-17T19:14:30Z</time></rtept><rtept lat="44.591454" lon="-71.921706"><ele>344.60000000000036</ele><time>2026-04-17T19:14:30Z</time></rtept><rtept lat="44.591488" lon="-71.921648"><ele>344.60000000000036</ele><time>2026-04-17T19:14:30Z</time></rtept><rtept lat="44.591546" lon="-71.921522"><ele>345.2000000000007</ele><time>2026-04-17T19:14:30Z</time></rtept><rtept lat="44.591643" lon="-71.921274"><ele>343.8000000000011</ele><time>2026-04-17T19:14:30Z</time></rtept><rtept lat="44.591698" lon="-71.921103"><ele>342.60000000000036</ele><time>2026-04-17T19:14:30Z</time></rtept><rtept lat="44.591757" lon="-71.920868"><ele>342.8000000000011</ele><time>2026-04-17T19:14:30Z</time></rtept><rtept lat="44.59183" lon="-71.920681"><ele>344.0</ele><time>2026-04-17T19:14:30Z</time></rtept><rtept lat="44.591848" lon="-71.920587"><ele>344.0</ele><time>2026-04-17T19:14:30Z</time></rtept><rtept lat="44.59185" lon="-71.920531"><ele>343.8000000000011</ele><time>2026-04-17T19:14:30Z</time></rtept><rtept lat="44.591829" lon="-71.920343"><ele>342.8000000000011</ele><time>2026-04-17T19:14:30Z</time></rtept><rtept lat="44.591832" lon="-71.920262"><ele>342.40000000000146</ele><time>2026-04-17T19:14:30Z</time></rtept><rtept lat="44.59185" lon="-71.920084"><ele>342.60000000000036</ele><time>2026-04-17T19:14:30Z</time></rtept><rtept lat="44.591877" lon="-71.919995"><ele>344.60000000000036</ele><time>2026-04-17T19:14:30Z</time></rtept><rtept lat="44.59192" lon="-71.919914"><ele>344.8000000000011</ele><time>2026-04-17T19:14:30Z</time></rtept><rtept lat="44.592035" lon="-71.919801"><ele>347.40000000000146</ele><time>2026-04-17T19:14:30Z</time></rtept><rtept lat="44.592132" lon="-71.919732"><ele>349.0</ele><time>2026-04-17T19:14:30Z</time></rtept><rtept lat="44.592229" lon="-71.919648"><ele>349.0</ele><time>2026-04-17T19:14:30Z</time></rtept><rtept lat="44.592329" lon="-71.919522"><ele>349.2000000000007</ele><time>2026-04-17T19:14:30Z</time></rtept><rtept lat="44.592381" lon="-71.919432"><ele>349.2000000000007</ele><time>2026-04-17T19:14:30Z</time></rtept><rtept lat="44.592412" lon="-71.91933"><ele>347.40000000000146</ele><time>2026-04-17T19:14:30Z</time></rtept><rtept lat="44.592434" lon="-71.919192"><ele>347.60000000000036</ele><time>2026-04-17T19:14:30Z</time></rtept><rtept lat="44.592468" lon="-71.919048"><ele>345.8000000000011</ele><time>2026-04-17T19:14:30Z</time></rtept><rtept lat="44.592545" lon="-71.918835"><ele>346.0</ele><time>2026-04-17T19:14:30Z</time></rtept><rtept lat="44.592561" lon="-71.918764"><ele>347.0</ele><time>2026-04-17T19:14:30Z</time></rtept><rtept lat="44.592568" lon="-71.918663"><ele>347.0</ele><time>2026-04-17T19:14:30Z</time></rtept><rtept lat="44.592563" lon="-71.918521"><ele>347.8000000000011</ele><time>2026-04-17T19:14:30Z</time></rtept><rtept lat="44.592584" lon="-71.918356"><ele>348.60000000000036</ele><time>2026-04-17T19:14:30Z</time></rtept><rtept lat="44.592684" lon="-71.918222"><ele>351.40000000000146</ele><time>2026-04-17T19:14:30Z</time></rtept><rtept lat="44.592799" lon="-71.918185"><ele>353.2000000000007</ele><time>2026-04-17T19:14:30Z</time></rtept><rtept lat="44.59299" lon="-71.918185"><ele>354.8000000000011</ele><time>2026-04-17T19:14:30Z</time></rtept><rtept lat="44.593081" lon="-71.918145"><ele>355.2000000000007</ele><time>2026-04-17T19:14:30Z</time></rtept><rtept lat="44.593146" lon="-71.918096"><ele>354.8000000000011</ele><time>2026-04-17T19:14:30Z</time></rtept><rtept lat="44.593215" lon="-71.918011"><ele>354.2000000000007</ele><time>2026-04-17T19:14:30Z</time></rtept><rtept lat="44.593278" lon="-71.917949"><ele>354.60000000000036</ele><time>2026-04-17T19:14:30Z</time></rtept><rtept lat="44.593303" lon="-71.917935"><ele>355.2000000000007</ele><time>2026-04-17T19:14:30Z</time></rtept><rtept lat="44.593351" lon="-71.917928"><ele>356.0</ele><time>2026-04-17T19:14:30Z</time></rtept><rtept lat="44.593413" lon="-71.917888"><ele>356.60000000000036</ele><time>2026-04-17T19:14:30Z</time></rtept><rtept lat="44.59345" lon="-71.917848"><ele>356.2000000000007</ele><time>2026-04-17T19:14:30Z</time></rtept><rtept lat="44.593486" lon="-71.917797"><ele>356.60000000000036</ele><time>2026-04-17T19:14:30Z</time></rtept><rtept lat="44.593593" lon="-71.9176"><ele>356.60000000000036</ele><time>2026-04-17T19:14:30Z</time></rtept><rtept lat="44.593672" lon="-71.917501"><ele>357.60000000000036</ele><time>2026-04-17T19:14:30Z</time></rtept><rtept lat="44.593988" lon="-71.917157"><ele>361.60000000000036</ele><time>2026-04-17T19:14:30Z</time></rtept><rtept lat="44.594126" lon="-71.916989"><ele>361.60000000000036</ele><time>2026-04-17T19:14:30Z</time></rtept><rtept lat="44.594201" lon="-71.91689"><ele>361.40000000000146</ele><time>2026-04-17T19:14:30Z</time></rtept><rtept lat="44.594282" lon="-71.916753"><ele>361.40000000000146</ele><time>2026-04-17T19:14:30Z</time></rtept><rtept lat="44.594312" lon="-71.916676"><ele>361.40000000000146</ele><time>2026-04-17T19:14:30Z</time></rtept><rtept lat="44.594334" lon="-71.916582"><ele>361.8000000000011</ele><time>2026-04-17T19:14:30Z</time></rtept><rtept lat="44.594377" lon="-71.916234"><ele>363.40000000000146</ele><time>2026-04-17T19:14:30Z</time></rtept><rtept lat="44.594405" lon="-71.916121"><ele>364.0</ele><time>2026-04-17T19:14:30Z</time></rtept><rtept lat="44.594505" lon="-71.915894"><ele>364.8000000000011</ele><time>2026-04-17T19:14:30Z</time></rtept><rtept lat="44.594534" lon="-71.915859"><ele>364.8000000000011</ele><time>2026-04-17T19:14:30Z</time></rtept><rtept lat="44.594742" lon="-71.915822"><ele>366.2000000000007</ele><time>2026-04-17T19:14:30Z</time></rtept><rtept lat="44.593488" lon="-71.913826"><ele>351.40000000000146</ele><time>2026-04-17T19:14:30Z</time></rtept><rtept lat="44.593488" lon="-71.913826"><ele>351.40000000000146</ele><time>2026-04-17T19:14:30Z</time></rtept><rtept lat="44.593389" lon="-71.913669"><ele>350.40000000000146</ele><time>2026-04-17T19:14:30Z</time></rtept><rtept lat="44.593273" lon="-71.913752"><ele>349.60000000000036</ele><time>2026-04-17T19:14:30Z</time></rtept><rtept lat="44.593184" lon="-71.913822"><ele>349.2000000000007</ele><time>2026-04-17T19:14:30Z</time></rtept><rtept lat="44.593078" lon="-71.913957"><ele>349.40000000000146</ele><time>2026-04-17T19:14:30Z</time></rtept><rtept lat="44.592866" lon="-71.914222"><ele>351.2000000000007</ele><time>2026-04-17T19:14:30Z</time></rtept><rtept lat="44.592785" lon="-71.914286"><ele>352.0</ele><time>2026-04-17T19:14:30Z</time></rtept><rtept lat="44.592743" lon="-71.914305"><ele>352.0</ele><time>2026-04-17T19:14:30Z</time></rtept><rtept lat="44.592713" lon="-71.914306"><ele>352.8000000000011</ele><time>2026-04-17T19:14:30Z</time></rtept><rtept lat="44.592684" lon="-71.914307"><ele>352.8000000000011</ele><time>2026-04-17T19:14:30Z</time></rtept><rtept lat="44.592648" lon="-71.91429"><ele>353.40000000000146</ele><time>2026-04-17T19:14:30Z</time></rtept><rtept lat="44.592549" lon="-71.914214"><ele>354.40000000000146</ele><time>2026-04-17T19:14:30Z</time></rtept><rtept lat="44.592336" lon="-71.914022"><ele>354.40000000000146</ele><time>2026-04-17T19:14:30Z</time></rtept><rtept lat="44.592234" lon="-71.913922"><ele>353.8000000000011</ele><time>2026-04-17T19:14:30Z</time></rtept><rtept lat="44.592177" lon="-71.914039"><ele>353.60000000000036</ele><time>2026-04-17T19:14:30Z</time></rtept><rtept lat="44.591947" lon="-71.914498"><ele>351.0</ele><time>2026-04-17T19:14:30Z</time></rtept><rtept lat="44.591789" lon="-71.914886"><ele>351.60000000000036</ele><time>2026-04-17T19:14:30Z</time></rtept><rtept lat="44.591642" lon="-71.915294"><ele>351.60000000000036</ele><time>2026-04-17T19:14:30Z</time></rtept><rtept lat="44.591506" lon="-71.915709"><ele>349.60000000000036</ele><time>2026-04-17T19:14:30Z</time></rtept><rtept lat="44.591412" lon="-71.915663"><ele>349.60000000000036</ele><time>2026-04-17T19:14:30Z</time></rtept><rtept lat="44.591296" lon="-71.915631"><ele>350.8000000000011</ele><time>2026-04-17T19:14:30Z</time></rtept><rtept lat="44.591252" lon="-71.915608"><ele>351.40000000000146</ele><time>2026-04-17T19:14:30Z</time></rtept><rtept lat="44.591063" lon="-71.915508"><ele>352.8000000000011</ele><time>2026-04-17T19:14:30Z</time></rtept><rtept lat="44.590959" lon="-71.915415"><ele>353.60000000000036</ele><time>2026-04-17T19:14:30Z</time></rtept><rtept lat="44.590827" lon="-71.915272"><ele>355.40000000000146</ele><time>2026-04-17T19:14:30Z</time></rtept><rtept lat="44.590743" lon="-71.915406"><ele>355.2000000000007</ele><time>2026-04-17T19:14:30Z</time></rtept><rtept lat="44.59071" lon="-71.915446"><ele>355.60000000000036</ele><time>2026-04-17T19:14:30Z</time></rtept><rtept lat="44.590655" lon="-71.915457"><ele>355.60000000000036</ele><time>2026-04-17T19:14:30Z</time></rtept><rtept lat="44.590564" lon="-71.915467"><ele>356.60000000000036</ele><time>2026-04-17T19:14:30Z</time></rtept><rtept lat="44.590401" lon="-71.91545"><ele>357.60000000000036</ele><time>2026-04-17T19:14:30Z</time></rtept><rtept lat="44.590329" lon="-71.915436"><ele>357.60000000000036</ele><time>2026-04-17T19:14:30Z</time></rtept><rtept lat="44.590268" lon="-71.915392"><ele>357.2000000000007</ele><time>2026-04-17T19:14:30Z</time></rtept><rtept lat="44.59021" lon="-71.915324"><ele>358.0</ele><time>2026-04-17T19:14:30Z</time></rtept><rtept lat="44.590118" lon="-71.91521"><ele>360.40000000000146</ele><time>2026-04-17T19:14:30Z</time></rtept><rtept lat="44.590058" lon="-71.915149"><ele>360.0</ele><time>2026-04-17T19:14:30Z</time></rtept><rtept lat="44.590028" lon="-71.915123"><ele>360.40000000000146</ele><time>2026-04-17T19:14:30Z</time></rtept><rtept lat="44.589902" lon="-71.915032"><ele>359.2000000000007</ele><time>2026-04-17T19:14:30Z</time></rtept><rtept lat="44.589779" lon="-71.914932"><ele>359.8000000000011</ele><time>2026-04-17T19:14:30Z</time></rtept><rtept lat="44.589669" lon="-71.914841"><ele>361.8000000000011</ele><time>2026-04-17T19:14:30Z</time></rtept><rtept lat="44.589574" lon="-71.914578"><ele>363.8000000000011</ele><time>2026-04-17T19:14:30Z</time></rtept><rtept lat="44.589491" lon="-71.914382"><ele>366.0</ele><time>2026-04-17T19:14:30Z</time></rtept><rtept lat="44.58961" lon="-71.914237"><ele>366.2000000000007</ele><time>2026-04-17T19:14:30Z</time></rtept><rtept lat="44.589661" lon="-71.914048"><ele>367.40000000000146</ele><time>2026-04-17T19:14:30Z</time></rtept><rtept lat="44.589747" lon="-71.913886"><ele>368.0</ele><time>2026-04-17T19:14:30Z</time></rtept><rtept lat="44.589728" lon="-71.913634"><ele>370.40000000000146</ele><time>2026-04-17T19:14:30Z</time></rtept><rtept lat="44.589787" lon="-71.913456"><ele>369.40000000000146</ele><time>2026-04-17T19:14:30Z</time></rtept><rtept lat="44.589784" lon="-71.913356"><ele>369.40000000000146</ele><time>2026-04-17T19:14:30Z</time></rtept><rtept lat="44.589665" lon="-71.912986"><ele>372.60000000000036</ele><time>2026-04-17T19:14:30Z</time></rtept><rtept lat="44.589565" lon="-71.912498"><ele>374.8000000000011</ele><time>2026-04-17T19:14:30Z</time></rtept><rtept lat="44.589577" lon="-71.912295"><ele>376.8000000000011</ele><time>2026-04-17T19:14:30Z</time></rtept><rtept lat="44.58961" lon="-71.912099"><ele>377.60000000000036</ele><time>2026-04-17T19:14:30Z</time></rtept><rtept lat="44.58963" lon="-71.911744"><ele>377.8000000000011</ele><time>2026-04-17T19:14:30Z</time></rtept><rtept lat="44.589608" lon="-71.911598"><ele>379.8000000000011</ele><time>2026-04-17T19:14:30Z</time></rtept><rtept lat="44.589622" lon="-71.911498"><ele>380.2000000000007</ele><time>2026-04-17T19:14:30Z</time></rtept><rtept lat="44.589758" lon="-71.911199"><ele>382.0</ele><time>2026-04-17T19:14:30Z</time></rtept><rtept lat="44.589913" lon="-71.910911"><ele>382.60000000000036</ele><time>2026-04-17T19:14:30Z</time></rtept><rtept lat="44.589913" lon="-71.910911"><ele>382.60000000000036</ele><time>2026-04-17T19:14:30Z</time></rtept><rtept lat="44.589954" lon="-71.910836"><ele>383.2000000000007</ele><time>2026-04-17T19:14:30Z</time></rtept><rtept lat="44.590144" lon="-71.910606"><ele>386.2000000000007</ele><time>2026-04-17T19:14:30Z</time></rtept><rtept lat="44.590335" lon="-71.910236"><ele>392.40000000000146</ele><time>2026-04-17T19:14:30Z</time></rtept><rtept lat="44.591073" lon="-71.909503"><ele>397.0</ele><time>2026-04-17T19:14:30Z</time></rtept><rtept lat="44.591144" lon="-71.909388"><ele>397.8000000000011</ele><time>2026-04-17T19:14:30Z</time></rtept><rtept lat="44.591167" lon="-71.909296"><ele>398.60000000000036</ele><time>2026-04-17T19:14:30Z</time></rtept><rtept lat="44.591125" lon="-71.909156"><ele>400.60000000000036</ele><time>2026-04-17T19:14:30Z</time></rtept><rtept lat="44.59073" lon="-71.908304"><ele>411.0</ele><time>2026-04-17T19:14:30Z</time></rtept><rtept lat="44.590488" lon="-71.907861"><ele>417.2000000000007</ele><time>2026-04-17T19:14:30Z</time></rtept><rtept lat="44.590165" lon="-71.907381"><ele>421.0</ele><time>2026-04-17T19:14:30Z</time></rtept><rtept lat="44.589841" lon="-71.906833"><ele>424.60000000000036</ele><time>2026-04-17T19:14:30Z</time></rtept><rtept lat="44.589574" lon="-71.906297"><ele>429.0</ele><time>2026-04-17T19:14:30Z</time></rtept><rtept lat="44.589412" lon="-71.905972"><ele>431.40000000000146</ele><time>2026-04-17T19:14:30Z</time></rtept><rtept lat="44.589434" lon="-71.905894"><ele>432.0</ele><time>2026-04-17T19:14:30Z</time></rtept><rtept lat="44.589504" lon="-71.905728"><ele>432.8000000000011</ele><time>2026-04-17T19:14:30Z</time></rtept><rtept lat="44.589588" lon="-71.905573"><ele>433.0</ele><time>2026-04-17T19:14:30Z</time></rtept><rtept lat="44.589444" lon="-71.905165"><ele>436.8000000000011</ele><time>2026-04-17T19:14:30Z</time></rtept><rtept lat="44.589423" lon="-71.905063"><ele>437.2000000000007</ele><time>2026-04-17T19:14:30Z</time></rtept><rtept lat="44.58949" lon="-71.904891"><ele>437.60000000000036</ele><time>2026-04-17T19:14:30Z</time></rtept><rtept lat="44.589615" lon="-71.904707"><ele>438.2000000000007</ele><time>2026-04-17T19:14:30Z</time></rtept><rtept lat="44.589797" lon="-71.904541"><ele>440.0</ele><time>2026-04-17T19:14:30Z</time></rtept><rtept lat="44.589989" lon="-71.904404"><ele>437.60000000000036</ele><time>2026-04-17T19:14:30Z</time></rtept><rtept lat="44.590271" lon="-71.904088"><ele>439.60000000000036</ele><time>2026-04-17T19:14:30Z</time></rtept><rtept lat="44.590337" lon="-71.903968"><ele>440.60000000000036</ele><time>2026-04-17T19:14:30Z</time></rtept><rtept lat="44.590367" lon="-71.90377"><ele>440.8000000000011</ele><time>2026-04-17T19:14:30Z</time></rtept><rtept lat="44.590382" lon="-71.903415"><ele>442.8000000000011</ele><time>2026-04-17T19:14:30Z</time></rtept><rtept lat="44.590356" lon="-71.903164"><ele>443.60000000000036</ele><time>2026-04-17T19:14:30Z</time></rtept><rtept lat="44.590341" lon="-71.902856"><ele>444.40000000000146</ele><time>2026-04-17T19:14:30Z</time></rtept><rtept lat="44.590329" lon="-71.902606"><ele>446.60000000000036</ele><time>2026-04-17T19:14:30Z</time></rtept><rtept lat="44.590265" lon="-71.902441"><ele>449.40000000000146</ele><time>2026-04-17T19:14:30Z</time></rtept><rtept lat="44.590309" lon="-71.902273"><ele>453.60000000000036</ele><time>2026-04-17T19:14:30Z</time></rtept><rtept lat="44.590428" lon="-71.90216"><ele>455.60000000000036</ele><time>2026-04-17T19:14:30Z</time></rtept><rtept lat="44.590738" lon="-71.901732"><ele>451.60000000000036</ele><time>2026-04-17T19:14:30Z</time></rtept><rtept lat="44.590877" lon="-71.901499"><ele>449.40000000000146</ele><time>2026-04-17T19:14:30Z</time></rtept><rtept lat="44.590965" lon="-71.901278"><ele>447.8000000000011</ele><time>2026-04-17T19:14:30Z</time></rtept><rtept lat="44.59102" lon="-71.900879"><ele>449.60000000000036</ele><time>2026-04-17T19:14:30Z</time></rtept><rtept lat="44.591032" lon="-71.900677"><ele>450.40000000000146</ele><time>2026-04-17T19:14:30Z</time></rtept><rtept lat="44.591045" lon="-71.900042"><ele>453.40000000000146</ele><time>2026-04-17T19:14:30Z</time></rtept><rtept lat="44.591045" lon="-71.900042"><ele>453.40000000000146</ele><time>2026-04-17T19:14:30Z</time></rtept><rtept lat="44.591032" lon="-71.900677"><ele>450.40000000000146</ele><time>2026-04-17T19:14:30Z</time></rtept><rtept lat="44.59102" lon="-71.900879"><ele>449.60000000000036</ele><time>2026-04-17T19:14:30Z</time></rtept><rtept lat="44.590965" lon="-71.901278"><ele>447.8000000000011</ele><time>2026-04-17T19:14:30Z</time></rtept><rtept lat="44.590877" lon="-71.901499"><ele>449.40000000000146</ele><time>2026-04-17T19:14:30Z</time></rtept><rtept lat="44.590738" lon="-71.901732"><ele>451.60000000000036</ele><time>2026-04-17T19:14:30Z</time></rtept><rtept lat="44.590428" lon="-71.90216"><ele>455.60000000000036</ele><time>2026-04-17T19:14:30Z</time></rtept><rtept lat="44.590309" lon="-71.902273"><ele>453.60000000000036</ele><time>2026-04-17T19:14:30Z</time></rtept><rtept lat="44.590265" lon="-71.902441"><ele>449.40000000000146</ele><time>2026-04-17T19:14:30Z</time></rtept><rtept lat="44.590016" lon="-71.9023"><ele>453.60000000000036</ele><time>2026-04-17T19:14:30Z</time></rtept><rtept lat="44.589738" lon="-71.902134"><ele>461.0</ele><time>2026-04-17T19:14:30Z</time></rtept><rtept lat="44.589446" lon="-71.901948"><ele>467.2000000000007</ele><time>2026-04-17T19:14:30Z</time></rtept><rtept lat="44.589373" lon="-71.901879"><ele>468.0</ele><time>2026-04-17T19:14:30Z</time></rtept><rtept lat="44.589307" lon="-71.901788"><ele>468.0</ele><time>2026-04-17T19:14:30Z</time></rtept><rtept lat="44.589221" lon="-71.901625"><ele>468.40000000000146</ele><time>2026-04-17T19:14:30Z</time></rtept><rtept lat="44.588979" lon="-71.900948"><ele>477.8000000000011</ele><time>2026-04-17T19:14:30Z</time></rtept><rtept lat="44.588633" lon="-71.900273"><ele>486.40000000000146</ele><time>2026-04-17T19:14:30Z</time></rtept><rtept lat="44.58857" lon="-71.90012"><ele>487.60000000000036</ele><time>2026-04-17T19:14:30Z</time></rtept><rtept lat="44.588479" lon="-71.899914"><ele>489.40000000000146</ele><time>2026-04-17T19:14:30Z</time></rtept><rtept lat="44.588407" lon="-71.899775"><ele>490.8000000000011</ele><time>2026-04-17T19:14:30Z</time></rtept><rtept lat="44.58832" lon="-71.899664"><ele>493.40000000000146</ele><time>2026-04-17T19:14:30Z</time></rtept><rtept lat="44.588169" lon="-71.899517"><ele>495.40000000000146</ele><time>2026-04-17T19:14:30Z</time></rtept><rtept lat="44.588012" lon="-71.899362"><ele>499.0</ele><time>2026-04-17T19:14:30Z</time></rtept><rtept lat="44.587845" lon="-71.899154"><ele>502.60000000000036</ele><time>2026-04-17T19:14:30Z</time></rtept><rtept lat="44.587763" lon="-71.899009"><ele>505.2000000000007</ele><time>2026-04-17T19:14:30Z</time></rtept><rtept lat="44.587188" lon="-71.898321"><ele>515.2000000000007</ele><time>2026-04-17T19:14:30Z</time></rtept><rtept lat="44.586983" lon="-71.898038"><ele>520.4000000000015</ele><time>2026-04-17T19:14:30Z</time></rtept><rtept lat="44.586869" lon="-71.897858"><ele>521.8000000000011</ele><time>2026-04-17T19:14:30Z</time></rtept><rtept lat="44.58676" lon="-71.89765"><ele>524.2000000000007</ele><time>2026-04-17T19:14:30Z</time></rtept><rtept lat="44.586566" lon="-71.897261"><ele>529.0</ele><time>2026-04-17T19:14:30Z</time></rtept><rtept lat="44.586348" lon="-71.896753"><ele>536.0</ele><time>2026-04-17T19:14:30Z</time></rtept><rtept lat="44.586223" lon="-71.896387"><ele>540.0</ele><time>2026-04-17T19:14:30Z</time></rtept><rtept lat="44.586051" lon="-71.895814"><ele>547.8000000000011</ele><time>2026-04-17T19:14:30Z</time></rtept><rtept lat="44.58597" lon="-71.895558"><ele>551.0</ele><time>2026-04-17T19:14:30Z</time></rtept><rtept lat="44.585912" lon="-71.895424"><ele>552.2000000000007</ele><time>2026-04-17T19:14:30Z</time></rtept><rtept lat="44.585835" lon="-71.895266"><ele>553.6000000000004</ele><time>2026-04-17T19:14:30Z</time></rtept><rtept lat="44.585745" lon="-71.895121"><ele>555.8000000000011</ele><time>2026-04-17T19:14:30Z</time></rtept><rtept lat="44.5856" lon="-71.894907"><ele>558.0</ele><time>2026-04-17T19:14:30Z</time></rtept><rtept lat="44.585498" lon="-71.894749"><ele>560.6000000000004</ele><time>2026-04-17T19:14:30Z</time></rtept><rtept lat="44.585411" lon="-71.89464"><ele>562.2000000000007</ele><time>2026-04-17T19:14:30Z</time></rtept><rtept lat="44.585299" lon="-71.894533"><ele>564.8000000000011</ele><time>2026-04-17T19:14:30Z</time></rtept><rtept lat="44.585174" lon="-71.894418"><ele>567.8000000000011</ele><time>2026-04-17T19:14:30Z</time></rtept><rtept lat="44.585108" lon="-71.894358"><ele>569.6000000000004</ele><time>2026-04-17T19:14:30Z</time></rtept><rtept lat="44.585023" lon="-71.89428"><ele>571.4000000000015</ele><time>2026-04-17T19:14:30Z</time></rtept><rtept lat="44.584886" lon="-71.894099"><ele>575.0</ele><time>2026-04-17T19:14:30Z</time></rtept><rtept lat="44.584542" lon="-71.893611"><ele>582.2000000000007</ele><time>2026-04-17T19:14:30Z</time></rtept><rtept lat="44.58419" lon="-71.89313"><ele>590.2000000000007</ele><time>2026-04-17T19:14:30Z</time></rtept><rtept lat="44.584101" lon="-71.893016"><ele>592.8000000000011</ele><time>2026-04-17T19:14:30Z</time></rtept><rtept lat="44.584025" lon="-71.892936"><ele>594.0</ele><time>2026-04-17T19:14:30Z</time></rtept><rtept lat="44.583928" lon="-71.89285"><ele>595.2000000000007</ele><time>2026-04-17T19:14:30Z</time></rtept><rtept lat="44.583828" lon="-71.892782"><ele>597.0</ele><time>2026-04-17T19:14:30Z</time></rtept><rtept lat="44.583716" lon="-71.89273"><ele>598.8000000000011</ele><time>2026-04-17T19:14:30Z</time></rtept><rtept lat="44.583604" lon="-71.892693"><ele>600.8000000000011</ele><time>2026-04-17T19:14:30Z</time></rtept><rtept lat="44.58349" lon="-71.892669"><ele>602.6000000000004</ele><time>2026-04-17T19:14:30Z</time></rtept><rtept lat="44.583441" lon="-71.892668"><ele>602.6000000000004</ele><time>2026-04-17T19:14:30Z</time></rtept><rtept lat="44.583371" lon="-71.892671"><ele>604.6000000000004</ele><time>2026-04-17T19:14:30Z</time></rtept><rtept lat="44.583277" lon="-71.892685"><ele>605.6000000000004</ele><time>2026-04-17T19:14:30Z</time></rtept><rtept lat="44.583163" lon="-71.892719"><ele>607.8000000000011</ele><time>2026-04-17T19:14:30Z</time></rtept><rtept lat="44.582976" lon="-71.892785"><ele>611.0</ele><time>2026-04-17T19:14:30Z</time></rtept><rtept lat="44.582803" lon="-71.892877"><ele>614.0</ele><time>2026-04-17T19:14:30Z</time></rtept><rtept lat="44.582662" lon="-71.892979"><ele>616.2000000000007</ele><time>2026-04-17T19:14:30Z</time></rtept><rtept lat="44.582606" lon="-71.893035"><ele>617.8000000000011</ele><time>2026-04-17T19:14:30Z</time></rtept><rtept lat="44.582511" lon="-71.893133"><ele>623.2000000000007</ele><time>2026-04-17T19:14:30Z</time></rtept><rtept lat="44.5825" lon="-71.893146"><ele>623.2000000000007</ele><time>2026-04-17T19:14:30Z</time></rtept><rtept lat="44.5825" lon="-71.893146"><ele>623.2000000000007</ele><time>2026-04-17T19:14:30Z</time></rtept><rtept lat="44.582343" lon="-71.893324"><ele>631.0</ele><time>2026-04-17T19:14:30Z</time></rtept><rtept lat="44.582235" lon="-71.893441"><ele>632.8000000000011</ele><time>2026-04-17T19:14:30Z</time></rtept><rtept lat="44.581968" lon="-71.893868"><ele>643.6000000000004</ele><time>2026-04-17T19:14:30Z</time></rtept><rtept lat="44.581826" lon="-71.894025"><ele>646.0</ele><time>2026-04-17T19:14:30Z</time></rtept><rtept lat="44.5817" lon="-71.894117"><ele>648.8000000000011</ele><time>2026-04-17T19:14:30Z</time></rtept><rtept lat="44.581632" lon="-71.894149"><ele>650.6000000000004</ele><time>2026-04-17T19:14:30Z</time></rtept><rtept lat="44.581458" lon="-71.894209"><ele>655.4000000000015</ele><time>2026-04-17T19:14:30Z</time></rtept><rtept lat="44.581357" lon="-71.894254"><ele>659.2000000000007</ele><time>2026-04-17T19:14:30Z</time></rtept><rtept lat="44.581246" lon="-71.894323"><ele>659.6000000000004</ele><time>2026-04-17T19:14:30Z</time></rtept><rtept lat="44.58115" lon="-71.894379"><ele>663.6000000000004</ele><time>2026-04-17T19:14:30Z</time></rtept><rtept lat="44.581087" lon="-71.894382"><ele>666.8000000000011</ele><time>2026-04-17T19:14:30Z</time></rtept><rtept lat="44.581039" lon="-71.894362"><ele>670.0</ele><time>2026-04-17T19:14:30Z</time></rtept><rtept lat="44.580991" lon="-71.894333"><ele>674.2000000000007</ele><time>2026-04-17T19:14:30Z</time></rtept><rtept lat="44.580951" lon="-71.89427"><ele>675.2000000000007</ele><time>2026-04-17T19:14:30Z</time></rtept><rtept lat="44.58092" lon="-71.894189"><ele>678.0</ele><time>2026-04-17T19:14:30Z</time></rtept><rtept lat="44.580914" lon="-71.894101"><ele>680.2000000000007</ele><time>2026-04-17T19:14:30Z</time></rtept><rtept lat="44.580927" lon="-71.89402"><ele>680.2000000000007</ele><time>2026-04-17T19:14:30Z</time></rtept><rtept lat="44.580955" lon="-71.89394"><ele>678.6000000000004</ele><time>2026-04-17T19:14:30Z</time></rtept><rtept lat="44.581005" lon="-71.893849"><ele>677.0</ele><time>2026-04-17T19:14:30Z</time></rtept><rtept lat="44.58105" lon="-71.893768"><ele>678.2000000000007</ele><time>2026-04-17T19:14:30Z</time></rtept><rtept lat="44.581111" lon="-71.893624"><ele>677.4000000000015</ele><time>2026-04-17T19:14:30Z</time></rtept><rtept lat="44.581137" lon="-71.893508"><ele>675.6000000000004</ele><time>2026-04-17T19:14:30Z</time></rtept><rtept lat="44.581147" lon="-71.893387"><ele>677.2000000000007</ele><time>2026-04-17T19:14:30Z</time></rtept><rtept lat="44.581145" lon="-71.893296"><ele>677.8000000000011</ele><time>2026-04-17T19:14:30Z</time></rtept><rtept lat="44.581134" lon="-71.893206"><ele>678.6000000000004</ele><time>2026-04-17T19:14:30Z</time></rtept><rtept lat="44.581113" lon="-71.893149"><ele>682.2000000000007</ele><time>2026-04-17T19:14:30Z</time></rtept><rtept lat="44.581094" lon="-71.893128"><ele>682.2000000000007</ele><time>2026-04-17T19:14:30Z</time></rtept><rtept lat="44.581055" lon="-71.893109"><ele>682.2000000000007</ele><time>2026-04-17T19:14:30Z</time></rtept><rtept lat="44.580996" lon="-71.893106"><ele>684.2000000000007</ele><time>2026-04-17T19:14:30Z</time></rtept><rtept lat="44.580948" lon="-71.893138"><ele>686.2000000000007</ele><time>2026-04-17T19:14:30Z</time></rtept><rtept lat="44.580869" lon="-71.893234"><ele>689.8000000000011</ele><time>2026-04-17T19:14:30Z</time></rtept><rtept lat="44.580766" lon="-71.893408"><ele>690.2000000000007</ele><time>2026-04-17T19:14:30Z</time></rtept><rtept lat="44.58069" lon="-71.89349"><ele>691.0</ele><time>2026-04-17T19:14:30Z</time></rtept><rtept lat="44.580584" lon="-71.893574"><ele>693.2000000000007</ele><time>2026-04-17T19:14:30Z</time></rtept><rtept lat="44.580403" lon="-71.893677"><ele>695.4000000000015</ele><time>2026-04-17T19:14:30Z</time></rtept><rtept lat="44.580172" lon="-71.893769"><ele>703.8000000000011</ele><time>2026-04-17T19:14:30Z</time></rtept><rtept lat="44.580106" lon="-71.893817"><ele>706.4000000000015</ele><time>2026-04-17T19:14:30Z</time></rtept><rtept lat="44.580077" lon="-71.893851"><ele>705.6000000000004</ele><time>2026-04-17T19:14:30Z</time></rtept><rtept lat="44.580034" lon="-71.893905"><ele>708.2000000000007</ele><time>2026-04-17T19:14:30Z</time></rtept><rtept lat="44.579961" lon="-71.894"><ele>709.6000000000004</ele><time>2026-04-17T19:14:30Z</time></rtept><rtept lat="44.579787" lon="-71.894284"><ele>713.6000000000004</ele><time>2026-04-17T19:14:30Z</time></rtept><rtept lat="44.57965" lon="-71.894531"><ele>715.8000000000011</ele><time>2026-04-17T19:14:30Z</time></rtept><rtept lat="44.579553" lon="-71.894687"><ele>717.6000000000004</ele><time>2026-04-17T19:14:30Z</time></rtept><rtept lat="44.579378" lon="-71.89494"><ele>720.4000000000015</ele><time>2026-04-17T19:14:30Z</time></rtept><rtept lat="44.579152" lon="-71.895217"><ele>724.4000000000015</ele><time>2026-04-17T19:14:30Z</time></rtept><rtept lat="44.578871" lon="-71.895543"><ele>724.0</ele><time>2026-04-17T19:14:30Z</time></rtept><rtept lat="44.578587" lon="-71.895865"><ele>727.4000000000015</ele><time>2026-04-17T19:14:30Z</time></rtept><rtept lat="44.578489" lon="-71.895953"><ele>728.8000000000011</ele><time>2026-04-17T19:14:30Z</time></rtept><rtept lat="44.578427" lon="-71.895977"><ele>729.8000000000011</ele><time>2026-04-17T19:14:30Z</time></rtept><rtept lat="44.578389" lon="-71.895967"><ele>731.0</ele><time>2026-04-17T19:14:30Z</time></rtept><rtept lat="44.578358" lon="-71.895932"><ele>732.2000000000007</ele><time>2026-04-17T19:14:30Z</time></rtept><rtept lat="44.578327" lon="-71.895875"><ele>733.0</ele><time>2026-04-17T19:14:30Z</time></rtept><rtept lat="44.578318" lon="-71.895785"><ele>734.4000000000015</ele><time>2026-04-17T19:14:30Z</time></rtept><rtept lat="44.57833" lon="-71.89572"><ele>735.2000000000007</ele><time>2026-04-17T19:14:30Z</time></rtept><rtept lat="44.57837" lon="-71.895625"><ele>735.0</ele><time>2026-04-17T19:14:30Z</time></rtept><rtept lat="44.578423" lon="-71.895516"><ele>736.0</ele><time>2026-04-17T19:14:30Z</time></rtept><rtept lat="44.578553" lon="-71.895191"><ele>739.8000000000011</ele><time>2026-04-17T19:14:30Z</time></rtept><rtept lat="44.578604" lon="-71.895035"><ele>743.4000000000015</ele><time>2026-04-17T19:14:30Z</time></rtept><rtept lat="44.578656" lon="-71.894814"><ele>745.2000000000007</ele><time>2026-04-17T19:14:30Z</time></rtept><rtept lat="44.578682" lon="-71.894642"><ele>745.6000000000004</ele><time>2026-04-17T19:14:30Z</time></rtept><rtept lat="44.578706" lon="-71.894474"><ele>748.4000000000015</ele><time>2026-04-17T19:14:30Z</time></rtept><rtept lat="44.578732" lon="-71.894239"><ele>751.4000000000015</ele><time>2026-04-17T19:14:30Z</time></rtept><rtept lat="44.57875" lon="-71.894005"><ele>754.2000000000007</ele><time>2026-04-17T19:14:30Z</time></rtept><rtept lat="44.578758" lon="-71.893803"><ele>756.2000000000007</ele><time>2026-04-17T19:14:30Z</time></rtept><rtept lat="44.578754" lon="-71.893627"><ele>758.0</ele><time>2026-04-17T19:14:30Z</time></rtept><rtept lat="44.578743" lon="-71.893471"><ele>759.2000000000007</ele><time>2026-04-17T19:14:30Z</time></rtept><rtept lat="44.578714" lon="-71.893347"><ele>760.8000000000011</ele><time>2026-04-17T19:14:30Z</time></rtept><rtept lat="44.578692" lon="-71.893293"><ele>760.8000000000011</ele><time>2026-04-17T19:14:30Z</time></rtept><rtept lat="44.578642" lon="-71.893218"><ele>761.4000000000015</ele><time>2026-04-17T19:14:30Z</time></rtept><rtept lat="44.578604" lon="-71.89319"><ele>762.0</ele><time>2026-04-17T19:14:30Z</time></rtept><rtept lat="44.578561" lon="-71.893171"><ele>762.0</ele><time>2026-04-17T19:14:30Z</time></rtept><rtept lat="44.578498" lon="-71.893168"><ele>762.6000000000004</ele><time>2026-04-17T19:14:30Z</time></rtept><rtept lat="44.57843" lon="-71.893183"><ele>763.4000000000015</ele><time>2026-04-17T19:14:30Z</time></rtept><rtept lat="44.578378" lon="-71.893228"><ele>764.2000000000007</ele><time>2026-04-17T19:14:30Z</time></rtept><rtept lat="44.578296" lon="-71.893338"><ele>766.6000000000004</ele><time>2026-04-17T19:14:30Z</time></rtept><rtept lat="44.578205" lon="-71.893467"><ele>767.4000000000015</ele><time>2026-04-17T19:14:30Z</time></rtept><rtept lat="44.578112" lon="-71.893535"><ele>769.6000000000004</ele><time>2026-04-17T19:14:30Z</time></rtept><rtept lat="44.57804" lon="-71.893555"><ele>770.4000000000015</ele><time>2026-04-17T19:14:30Z</time></rtept><rtept lat="44.577985" lon="-71.893549"><ele>771.2000000000007</ele><time>2026-04-17T19:14:30Z</time></rtept><rtept lat="44.57792" lon="-71.893513"><ele>772.0</ele><time>2026-04-17T19:14:30Z</time></rtept><rtept lat="44.57788" lon="-71.893449"><ele>772.4000000000015</ele><time>2026-04-17T19:14:30Z</time></rtept><rtept lat="44.577831" lon="-71.893353"><ele>773.8000000000011</ele><time>2026-04-17T19:14:30Z</time></rtept><rtept lat="44.577794" lon="-71.893237"><ele>775.4000000000015</ele><time>2026-04-17T19:14:30Z</time></rtept><rtept lat="44.577771" lon="-71.893093"><ele>775.6000000000004</ele><time>2026-04-17T19:14:30Z</time></rtept><rtept lat="44.577743" lon="-71.892877"><ele>779.0</ele><time>2026-04-17T19:14:30Z</time></rtept><rtept lat="44.577722" lon="-71.892743"><ele>780.0</ele><time>2026-04-17T19:14:30Z</time></rtept><rtept lat="44.577698" lon="-71.892579"><ele>782.0</ele><time>2026-04-17T19:14:30Z</time></rtept><rtept lat="44.577671" lon="-71.892463"><ele>783.8000000000011</ele><time>2026-04-17T19:14:30Z</time></rtept><rtept lat="44.57761" lon="-71.892338"><ele>785.8000000000011</ele><time>2026-04-17T19:14:30Z</time></rtept><rtept lat="44.57751" lon="-71.892192"><ele>787.4000000000015</ele><time>2026-04-17T19:14:30Z</time></rtept><rtept lat="44.577342" lon="-71.892001"><ele>792.4000000000015</ele><time>2026-04-17T19:14:30Z</time></rtept><rtept lat="44.577162" lon="-71.891836"><ele>796.0</ele><time>2026-04-17T19:14:30Z</time></rtept><rtept lat="44.576966" lon="-71.891714"><ele>800.0</ele><time>2026-04-17T19:14:30Z</time></rtept><rtept lat="44.576863" lon="-71.891674"><ele>801.2000000000007</ele><time>2026-04-17T19:14:30Z</time></rtept><rtept lat="44.576713" lon="-71.891644"><ele>803.6000000000004</ele><time>2026-04-17T19:14:30Z</time></rtept><rtept lat="44.576633" lon="-71.891637"><ele>805.8000000000011</ele><time>2026-04-17T19:14:30Z</time></rtept><rtept lat="44.576498" lon="-71.89164"><ele>807.8000000000011</ele><time>2026-04-17T19:14:30Z</time></rtept><rtept lat="44.576456" lon="-71.891662"><ele>808.8000000000011</ele><time>2026-04-17T19:14:30Z</time></rtept><rtept lat="44.576417" lon="-71.891714"><ele>809.4000000000015</ele><time>2026-04-17T19:14:30Z</time></rtept><rtept lat="44.576398" lon="-71.891784"><ele>810.2000000000007</ele><time>2026-04-17T19:14:30Z</time></rtept><rtept lat="44.576397" lon="-71.891864"><ele>811.0</ele><time>2026-04-17T19:14:30Z</time></rtept><rtept lat="44.576415" lon="-71.891945"><ele>811.6000000000004</ele><time>2026-04-17T19:14:30Z</time></rtept><rtept lat="44.576453" lon="-71.892022"><ele>813.0</ele><time>2026-04-17T19:14:30Z</time></rtept><rtept lat="44.576511" lon="-71.892092"><ele>814.6000000000004</ele><time>2026-04-17T19:14:30Z</time></rtept><rtept lat="44.576604" lon="-71.892182"><ele>816.6000000000004</ele><time>2026-04-17T19:14:30Z</time></rtept><rtept lat="44.576679" lon="-71.892295"><ele>817.2000000000007</ele><time>2026-04-17T19:14:30Z</time></rtept><rtept lat="44.576711" lon="-71.892378"><ele>818.8000000000011</ele><time>2026-04-17T19:14:30Z</time></rtept><rtept lat="44.57673" lon="-71.89248"><ele>819.6000000000004</ele><time>2026-04-17T19:14:30Z</time></rtept><rtept lat="44.576742" lon="-71.892613"><ele>820.6000000000004</ele><time>2026-04-17T19:14:30Z</time></rtept><rtept lat="44.576754" lon="-71.89279"><ele>822.2000000000007</ele><time>2026-04-17T19:14:30Z</time></rtept><rtept lat="44.576748" lon="-71.892914"><ele>823.6000000000004</ele><time>2026-04-17T19:14:30Z</time></rtept><rtept lat="44.576728" lon="-71.893065"><ele>824.2000000000007</ele><time>2026-04-17T19:14:30Z</time></rtept><rtept lat="44.57669" lon="-71.89325"><ele>826.8000000000011</ele><time>2026-04-17T19:14:30Z</time></rtept><rtept lat="44.576622" lon="-71.893602"><ele>828.6000000000004</ele><time>2026-04-17T19:14:30Z</time></rtept><rtept lat="44.576596" lon="-71.893759"><ele>829.4000000000015</ele><time>2026-04-17T19:14:30Z</time></rtept><rtept lat="44.576569" lon="-71.893906"><ele>831.2000000000007</ele><time>2026-04-17T19:14:30Z</time></rtept><rtept lat="44.576529" lon="-71.894055"><ele>832.6000000000004</ele><time>2026-04-17T19:14:30Z</time></rtept><rtept lat="44.576475" lon="-71.894196"><ele>831.6000000000004</ele><time>2026-04-17T19:14:30Z</time></rtept><rtept lat="44.576394" lon="-71.894372"><ele>835.0</ele><time>2026-04-17T19:14:30Z</time></rtept><rtept lat="44.576205" lon="-71.894726"><ele>839.6000000000004</ele><time>2026-04-17T19:14:30Z</time></rtept><rtept lat="44.57602" lon="-71.895154"><ele>845.0</ele><time>2026-04-17T19:14:30Z</time></rtept><rtept lat="44.575918" lon="-71.895366"><ele>846.6000000000004</ele><time>2026-04-17T19:14:30Z</time></rtept><rtept lat="44.575801" lon="-71.895587"><ele>848.6000000000004</ele><time>2026-04-17T19:14:30Z</time></rtept><rtept lat="44.575753" lon="-71.895673"><ele>850.6000000000004</ele><time>2026-04-17T19:14:30Z</time></rtept><rtept lat="44.575498" lon="-71.896125"><ele>857.0</ele><time>2026-04-17T19:14:30Z</time></rtept><rtept lat="44.575267" lon="-71.896536"><ele>861.4000000000015</ele><time>2026-04-17T19:14:30Z</time></rtept><rtept lat="44.575177" lon="-71.896655"><ele>863.6000000000004</ele><time>2026-04-17T19:14:30Z</time></rtept><rtept lat="44.575099" lon="-71.896739"><ele>864.6000000000004</ele><time>2026-04-17T19:14:30Z</time></rtept><rtept lat="44.575062" lon="-71.896771"><ele>864.0</ele><time>2026-04-17T19:14:30Z</time></rtept><rtept lat="44.574873" lon="-71.896923"><ele>868.6000000000004</ele><time>2026-04-17T19:14:30Z</time></rtept><rtept lat="44.574692" lon="-71.897087"><ele>871.8000000000011</ele><time>2026-04-17T19:14:30Z</time></rtept><rtept lat="44.574609" lon="-71.897156"><ele>873.0</ele><time>2026-04-17T19:14:30Z</time></rtept><rtept lat="44.574549" lon="-71.897178"><ele>874.2000000000007</ele><time>2026-04-17T19:14:30Z</time></rtept><rtept lat="44.574506" lon="-71.897166"><ele>875.4000000000015</ele><time>2026-04-17T19:14:30Z</time></rtept><rtept lat="44.57446" lon="-71.897137"><ele>875.4000000000015</ele><time>2026-04-17T19:14:30Z</time></rtept><rtept lat="44.574431" lon="-71.897092"><ele>877.2000000000007</ele><time>2026-04-17T19:14:30Z</time></rtept><rtept lat="44.574398" lon="-71.897019"><ele>878.4000000000015</ele><time>2026-04-17T19:14:30Z</time></rtept><rtept lat="44.574387" lon="-71.896931"><ele>880.8000000000011</ele><time>2026-04-17T19:14:30Z</time></rtept><rtept lat="44.574393" lon="-71.896844"><ele>880.8000000000011</ele><time>2026-04-17T19:14:30Z</time></rtept><rtept lat="44.574417" lon="-71.89673"><ele>881.8000000000011</ele><time>2026-04-17T19:14:30Z</time></rtept><rtept lat="44.574509" lon="-71.896368"><ele>886.2000000000007</ele><time>2026-04-17T19:14:30Z</time></rtept><rtept lat="44.574624" lon="-71.895931"><ele>890.6000000000004</ele><time>2026-04-17T19:14:30Z</time></rtept><rtept lat="44.574637" lon="-71.895818"><ele>892.2000000000007</ele><time>2026-04-17T19:14:30Z</time></rtept><rtept lat="44.574633" lon="-71.895736"><ele>892.2000000000007</ele><time>2026-04-17T19:14:30Z</time></rtept><rtept lat="44.57462" lon="-71.895643"><ele>893.8000000000011</ele><time>2026-04-17T19:14:30Z</time></rtept><rtept lat="44.574587" lon="-71.895558"><ele>894.6000000000004</ele><time>2026-04-17T19:14:30Z</time></rtept><rtept lat="44.574543" lon="-71.895496"><ele>895.6000000000004</ele><time>2026-04-17T19:14:30Z</time></rtept><rtept lat="44.574491" lon="-71.895454"><ele>897.2000000000007</ele><time>2026-04-17T19:14:30Z</time></rtept><rtept lat="44.574435" lon="-71.89544"><ele>898.2000000000007</ele><time>2026-04-17T19:14:30Z</time></rtept><rtept lat="44.574376" lon="-71.895439"><ele>899.4000000000015</ele><time>2026-04-17T19:14:30Z</time></rtept><rtept lat="44.574318" lon="-71.895455"><ele>901.0</ele><time>2026-04-17T19:14:30Z</time></rtept><rtept lat="44.574244" lon="-71.895509"><ele>901.8000000000011</ele><time>2026-04-17T19:14:30Z</time></rtept><rtept lat="44.574178" lon="-71.895576"><ele>903.0</ele><time>2026-04-17T19:14:30Z</time></rtept><rtept lat="44.574081" lon="-71.895665"><ele>905.2000000000007</ele><time>2026-04-17T19:14:30Z</time></rtept><rtept lat="44.574023" lon="-71.895713"><ele>905.2000000000007</ele><time>2026-04-17T19:14:30Z</time></rtept><rtept lat="44.573942" lon="-71.895747"><ele>907.4000000000015</ele><time>2026-04-17T19:14:30Z</time></rtept><rtept lat="44.573871" lon="-71.895771"><ele>908.6000000000004</ele><time>2026-04-17T19:14:30Z</time></rtept><rtept lat="44.573748" lon="-71.895793"><ele>910.6000000000004</ele><time>2026-04-17T19:14:30Z</time></rtept><rtept lat="44.573647" lon="-71.895804"><ele>912.8000000000011</ele><time>2026-04-17T19:14:30Z</time></rtept><rtept lat="44.57355" lon="-71.895803"><ele>913.8000000000011</ele><time>2026-04-17T19:14:30Z</time></rtept><rtept lat="44.57348" lon="-71.895803"><ele>915.0</ele><time>2026-04-17T19:14:30Z</time></rtept><rtept lat="44.5734" lon="-71.895794"><ele>917.2000000000007</ele><time>2026-04-17T19:14:30Z</time></rtept><rtept lat="44.573307" lon="-71.895772"><ele>918.2000000000007</ele><time>2026-04-17T19:14:30Z</time></rtept><rtept lat="44.573065" lon="-71.895689"><ele>922.4000000000015</ele><time>2026-04-17T19:14:30Z</time></rtept><rtept lat="44.572998" lon="-71.895678"><ele>923.2000000000007</ele><time>2026-04-17T19:14:30Z</time></rtept><rtept lat="44.572881" lon="-71.895676"><ele>925.2000000000007</ele><time>2026-04-17T19:14:30Z</time></rtept><rtept lat="44.57271" lon="-71.895681"><ele>927.8000000000011</ele><time>2026-04-17T19:14:30Z</time></rtept><rtept lat="44.572535" lon="-71.895678"><ele>930.6000000000004</ele><time>2026-04-17T19:14:30Z</time></rtept><rtept lat="44.572395" lon="-71.895657"><ele>932.6000000000004</ele><time>2026-04-17T19:14:30Z</time></rtept><rtept lat="44.572281" lon="-71.895631"><ele>934.4000000000015</ele><time>2026-04-17T19:14:30Z</time></rtept><rtept lat="44.57222" lon="-71.895599"><ele>935.4000000000015</ele><time>2026-04-17T19:14:30Z</time></rtept><rtept lat="44.572176" lon="-71.89556"><ele>936.8000000000011</ele><time>2026-04-17T19:14:30Z</time></rtept><rtept lat="44.572141" lon="-71.895518"><ele>936.8000000000011</ele><time>2026-04-17T19:14:30Z</time></rtept><rtept lat="44.572112" lon="-71.895458"><ele>938.8000000000011</ele><time>2026-04-17T19:14:30Z</time></rtept><rtept lat="44.572097" lon="-71.895372"><ele>939.8000000000011</ele><time>2026-04-17T19:14:30Z</time></rtept><rtept lat="44.572096" lon="-71.895303"><ele>940.6000000000004</ele><time>2026-04-17T19:14:30Z</time></rtept><rtept lat="44.572107" lon="-71.895223"><ele>940.6000000000004</ele><time>2026-04-17T19:14:30Z</time></rtept><rtept lat="44.572148" lon="-71.895131"><ele>943.2000000000007</ele><time>2026-04-17T19:14:30Z</time></rtept><rtept lat="44.572185" lon="-71.895079"><ele>943.2000000000007</ele><time>2026-04-17T19:14:30Z</time></rtept><rtept lat="44.572232" lon="-71.895012"><ele>944.2000000000007</ele><time>2026-04-17T19:14:30Z</time></rtept><rtept lat="44.572288" lon="-71.89492"><ele>944.8000000000011</ele><time>2026-04-17T19:14:30Z</time></rtept><rtept lat="44.572334" lon="-71.89483"><ele>946.2000000000007</ele><time>2026-04-17T19:14:30Z</time></rtept><rtept lat="44.572369" lon="-71.894741"><ele>947.2000000000007</ele><time>2026-04-17T19:14:30Z</time></rtept><rtept lat="44.572383" lon="-71.894663"><ele>947.6000000000004</ele><time>2026-04-17T19:14:30Z</time></rtept><rtept lat="44.57239" lon="-71.894569"><ele>949.0</ele><time>2026-04-17T19:14:30Z</time></rtept><rtept lat="44.572373" lon="-71.894449"><ele>950.0</ele><time>2026-04-17T19:14:30Z</time></rtept><rtept lat="44.572351" lon="-71.894369"><ele>952.2000000000007</ele><time>2026-04-17T19:14:30Z</time></rtept><rtept lat="44.572316" lon="-71.894281"><ele>953.2000000000007</ele><time>2026-04-17T19:14:30Z</time></rtept><rtept lat="44.572261" lon="-71.894201"><ele>954.6000000000004</ele><time>2026-04-17T19:14:30Z</time></rtept><rtept lat="44.57221" lon="-71.894156"><ele>955.8000000000011</ele><time>2026-04-17T19:14:30Z</time></rtept><rtept lat="44.572158" lon="-71.894124"><ele>956.6000000000004</ele><time>2026-04-17T19:14:30Z</time></rtept><rtept lat="44.572088" lon="-71.894112"><ele>957.8000000000011</ele><time>2026-04-17T19:14:30Z</time></rtept><rtept lat="44.571994" lon="-71.894108"><ele>959.4000000000015</ele><time>2026-04-17T19:14:30Z</time></rtept><rtept lat="44.571896" lon="-71.894109"><ele>960.2000000000007</ele><time>2026-04-17T19:14:30Z</time></rtept><rtept lat="44.571801" lon="-71.894136"><ele>961.8000000000011</ele><time>2026-04-17T19:14:30Z</time></rtept><rtept lat="44.571668" lon="-71.894191"><ele>963.4000000000015</ele><time>2026-04-17T19:14:30Z</time></rtept><rtept lat="44.571668" lon="-71.894191"><ele>963.4000000000015</ele><time>2026-04-17T19:14:30Z</time></rtept><rtept lat="44.571656" lon="-71.894196"><ele>963.4000000000015</ele><time>2026-04-17T19:14:30Z</time></rtept><rtept lat="44.571507" lon="-71.894257"><ele>966.6000000000004</ele><time>2026-04-17T19:14:30Z</time></rtept><rtept lat="44.571406" lon="-71.894306"><ele>967.0</ele><time>2026-04-17T19:14:30Z</time></rtept><rtept lat="44.571328" lon="-71.894341"><ele>969.2000000000007</ele><time>2026-04-17T19:14:30Z</time></rtept><rtept lat="44.571233" lon="-71.894373"><ele>969.8000000000011</ele><time>2026-04-17T19:14:30Z</time></rtept><rtept lat="44.571171" lon="-71.894389"><ele>970.6000000000004</ele><time>2026-04-17T19:14:30Z</time></rtept><rtept lat="44.571155" lon="-71.894393"><ele>970.6000000000004</ele><time>2026-04-17T19:14:30Z</time></rtept><rtept lat="44.571089" lon="-71.894422"><ele>971.2000000000007</ele><time>2026-04-17T19:14:30Z</time></rtept><rtept lat="44.571073" lon="-71.894382"><ele>971.8000000000011</ele><time>2026-04-17T19:14:30Z</time></rtept><rtept lat="44.570996" lon="-71.894363"><ele>972.4000000000015</ele><time>2026-04-17T19:14:30Z</time></rtept><rtept lat="44.570916" lon="-71.894351"><ele>974.2000000000007</ele><time>2026-04-17T19:14:30Z</time></rtept><rtept lat="44.570858" lon="-71.894344"><ele>975.0</ele><time>2026-04-17T19:14:30Z</time></rtept><rtept lat="44.570802" lon="-71.894331"><ele>975.0</ele><time>2026-04-17T19:14:30Z</time></rtept><rtept lat="44.570762" lon="-71.894312"><ele>975.2000000000007</ele><time>2026-04-17T19:14:30Z</time></rtept><rtept lat="44.570731" lon="-71.89428"><ele>975.2000000000007</ele><time>2026-04-17T19:14:30Z</time></rtept><rtept lat="44.570693" lon="-71.894212"><ele>976.0</ele><time>2026-04-17T19:14:30Z</time></rtept><rtept lat="44.570681" lon="-71.894146"><ele>976.6000000000004</ele><time>2026-04-17T19:14:30Z</time></rtept><rtept lat="44.570677" lon="-71.894081"><ele>977.0</ele><time>2026-04-17T19:14:30Z</time></rtept><rtept lat="44.570682" lon="-71.894042"><ele>977.0</ele><time>2026-04-17T19:14:30Z</time></rtept><rtept lat="44.570705" lon="-71.893987"><ele>977.6000000000004</ele><time>2026-04-17T19:14:30Z</time></rtept><rtept lat="44.570742" lon="-71.893941"><ele>977.8000000000011</ele><time>2026-04-17T19:14:30Z</time></rtept><rtept lat="44.570782" lon="-71.893924"><ele>978.8000000000011</ele><time>2026-04-17T19:14:30Z</time></rtept><rtept lat="44.570862" lon="-71.893992"><ele>978.2000000000007</ele><time>2026-04-17T19:14:30Z</time></rtept><rtept lat="44.570922" lon="-71.894084"><ele>977.4000000000015</ele><time>2026-04-17T19:14:30Z</time></rtept><rtept lat="44.571073" lon="-71.894382"><ele>971.8000000000011</ele><time>2026-04-17T19:14:30Z</time></rtept><rtept lat="44.571089" lon="-71.894422"><ele>971.2000000000007</ele><time>2026-04-17T19:14:30Z</time></rtept><rtept lat="44.571155" lon="-71.894393"><ele>970.6000000000004</ele><time>2026-04-17T19:14:30Z</time></rtept><rtept lat="44.571171" lon="-71.894389"><ele>970.6000000000004</ele><time>2026-04-17T19:14:30Z</time></rtept><rtept lat="44.571233" lon="-71.894373"><ele>969.8000000000011</ele><time>2026-04-17T19:14:30Z</time></rtept><rtept lat="44.571328" lon="-71.894341"><ele>969.2000000000007</ele><time>2026-04-17T19:14:30Z</time></rtept><rtept lat="44.571406" lon="-71.894306"><ele>967.0</ele><time>2026-04-17T19:14:30Z</time></rtept><rtept lat="44.571472" lon="-71.894058"><ele>969.6000000000004</ele><time>2026-04-17T19:14:30Z</time></rtept><rtept lat="44.571634" lon="-71.89365"><ele>969.6000000000004</ele><time>2026-04-17T19:14:30Z</time></rtept><rtept lat="44.57165" lon="-71.89345"><ele>968.4000000000015</ele><time>2026-04-17T19:14:30Z</time></rtept><rtept lat="44.571611" lon="-71.893048"><ele>966.2000000000007</ele><time>2026-04-17T19:14:30Z</time></rtept><rtept lat="44.571519" lon="-71.892775"><ele>965.4000000000015</ele><time>2026-04-17T19:14:30Z</time></rtept><rtept lat="44.571277" lon="-71.892335"><ele>962.4000000000015</ele><time>2026-04-17T19:14:30Z</time></rtept><rtept lat="44.570999" lon="-71.891946"><ele>960.2000000000007</ele><time>2026-04-17T19:14:30Z</time></rtept><rtept lat="44.570849" lon="-71.891661"><ele>958.8000000000011</ele><time>2026-04-17T19:14:30Z</time></rtept><rtept lat="44.570773" lon="-71.891554"><ele>959.6000000000004</ele><time>2026-04-17T19:14:30Z</time></rtept><rtept lat="44.570679" lon="-71.891478"><ele>958.6000000000004</ele><time>2026-04-17T19:14:30Z</time></rtept><rtept lat="44.570596" lon="-71.891381"><ele>958.4000000000015</ele><time>2026-04-17T19:14:30Z</time></rtept><rtept lat="44.570494" lon="-71.891335"><ele>956.6000000000004</ele><time>2026-04-17T19:14:30Z</time></rtept><rtept lat="44.570386" lon="-71.891332"><ele>958.4000000000015</ele><time>2026-04-17T19:14:30Z</time></rtept><rtept lat="44.570355" lon="-71.891306"><ele>958.4000000000015</ele><time>2026-04-17T19:14:30Z</time></rtept><rtept lat="44.570102" lon="-71.891023"><ele>955.2000000000007</ele><time>2026-04-17T19:14:30Z</time></rtept><rtept lat="44.569971" lon="-71.890849"><ele>950.6000000000004</ele><time>2026-04-17T19:14:30Z</time></rtept><rtept lat="44.569904" lon="-71.89079"><ele>948.4000000000015</ele><time>2026-04-17T19:14:30Z</time></rtept><rtept lat="44.569874" lon="-71.890724"><ele>946.2000000000007</ele><time>2026-04-17T19:14:30Z</time></rtept><rtept lat="44.569886" lon="-71.890566"><ele>941.4000000000015</ele><time>2026-04-17T19:14:30Z</time></rtept><rtept lat="44.570063" lon="-71.890456"><ele>938.0</ele><time>2026-04-17T19:14:30Z</time></rtept><rtept lat="44.570072" lon="-71.89039"><ele>936.0</ele><time>2026-04-17T19:14:30Z</time></rtept><rtept lat="44.57002" lon="-71.890312"><ele>934.8000000000011</ele><time>2026-04-17T19:14:30Z</time></rtept><rtept lat="44.569789" lon="-71.89022"><ele>932.2000000000007</ele><time>2026-04-17T19:14:30Z</time></rtept><rtept lat="44.569581" lon="-71.890139"><ele>930.0</ele><time>2026-04-17T19:14:30Z</time></rtept><rtept lat="44.569265" lon="-71.890071"><ele>926.8000000000011</ele><time>2026-04-17T19:14:30Z</time></rtept><rtept lat="44.569252" lon="-71.890024"><ele>924.0</ele><time>2026-04-17T19:14:30Z</time></rtept><rtept lat="44.56927" lon="-71.889928"><ele>922.4000000000015</ele><time>2026-04-17T19:14:30Z</time></rtept><rtept lat="44.56932" lon="-71.889857"><ele>921.6000000000004</ele><time>2026-04-17T19:14:30Z</time></rtept><rtept lat="44.569416" lon="-71.889799"><ele>920.4000000000015</ele><time>2026-04-17T19:14:30Z</time></rtept><rtept lat="44.569534" lon="-71.889611"><ele>915.8000000000011</ele><time>2026-04-17T19:14:30Z</time></rtept><rtept lat="44.569714" lon="-71.889444"><ele>914.6000000000004</ele><time>2026-04-17T19:14:30Z</time></rtept><rtept lat="44.569836" lon="-71.889322"><ele>913.6000000000004</ele><time>2026-04-17T19:14:30Z</time></rtept><rtept lat="44.56995" lon="-71.889234"><ele>912.4000000000015</ele><time>2026-04-17T19:14:30Z</time></rtept><rtept lat="44.570053" lon="-71.889187"><ele>910.0</ele><time>2026-04-17T19:14:30Z</time></rtept><rtept lat="44.570162" lon="-71.889208"><ele>909.8000000000011</ele><time>2026-04-17T19:14:30Z</time></rtept><rtept lat="44.570347" lon="-71.889249"><ele>910.8000000000011</ele><time>2026-04-17T19:14:30Z</time></rtept><rtept lat="44.570434" lon="-71.889212"><ele>911.0</ele><time>2026-04-17T19:14:30Z</time></rtept><rtept lat="44.570393" lon="-71.888774"><ele>905.4000000000015</ele><time>2026-04-17T19:14:30Z</time></rtept><rtept lat="44.570414" lon="-71.888678"><ele>903.0</ele><time>2026-04-17T19:14:30Z</time></rtept><rtept lat="44.570438" lon="-71.888642"><ele>903.6000000000004</ele><time>2026-04-17T19:14:30Z</time></rtept><rtept lat="44.570499" lon="-71.888589"><ele>901.6000000000004</ele><time>2026-04-17T19:14:30Z</time></rtept><rtept lat="44.570607" lon="-71.888587"><ele>897.6000000000004</ele><time>2026-04-17T19:14:30Z</time></rtept><rtept lat="44.570702" lon="-71.888527"><ele>894.6000000000004</ele><time>2026-04-17T19:14:30Z</time></rtept><rtept lat="44.570703" lon="-71.888507"><ele>893.2000000000007</ele><time>2026-04-17T19:14:30Z</time></rtept><rtept lat="44.570703" lon="-71.888507"><ele>893.2000000000007</ele><time>2026-04-17T19:14:30Z</time></rtept><rtept lat="44.570718" lon="-71.888276"><ele>890.8000000000011</ele><time>2026-04-17T19:14:30Z</time></rtept><rtept lat="44.570686" lon="-71.887976"><ele>883.4000000000015</ele><time>2026-04-17T19:14:30Z</time></rtept><rtept lat="44.570636" lon="-71.887903"><ele>882.4000000000015</ele><time>2026-04-17T19:14:30Z</time></rtept><rtept lat="44.570538" lon="-71.887847"><ele>882.8000000000011</ele><time>2026-04-17T19:14:30Z</time></rtept><rtept lat="44.570518" lon="-71.88775"><ele>877.4000000000015</ele><time>2026-04-17T19:14:30Z</time></rtept><rtept lat="44.570555" lon="-71.887664"><ele>875.4000000000015</ele><time>2026-04-17T19:14:30Z</time></rtept><rtept lat="44.570589" lon="-71.887648"><ele>875.4000000000015</ele><time>2026-04-17T19:14:30Z</time></rtept><rtept lat="44.570658" lon="-71.887621"><ele>875.6000000000004</ele><time>2026-04-17T19:14:30Z</time></rtept><rtept lat="44.570765" lon="-71.88763"><ele>873.6000000000004</ele><time>2026-04-17T19:14:30Z</time></rtept><rtept lat="44.570868" lon="-71.887588"><ele>870.8000000000011</ele><time>2026-04-17T19:14:30Z</time></rtept><rtept lat="44.570932" lon="-71.887466"><ele>867.0</ele><time>2026-04-17T19:14:30Z</time></rtept><rtept lat="44.57102" lon="-71.887378"><ele>863.4000000000015</ele><time>2026-04-17T19:14:30Z</time></rtept><rtept lat="44.571118" lon="-71.887314"><ele>859.8000000000011</ele><time>2026-04-17T19:14:30Z</time></rtept><rtept lat="44.571294" lon="-71.88726"><ele>857.2000000000007</ele><time>2026-04-17T19:14:30Z</time></rtept><rtept lat="44.571438" lon="-71.887257"><ele>855.6000000000004</ele><time>2026-04-17T19:14:30Z</time></rtept><rtept lat="44.571464" lon="-71.887111"><ele>850.0</ele><time>2026-04-17T19:14:30Z</time></rtept><rtept lat="44.571462" lon="-71.88701"><ele>848.8000000000011</ele><time>2026-04-17T19:14:30Z</time></rtept><rtept lat="44.571502" lon="-71.88687"><ele>845.6000000000004</ele><time>2026-04-17T19:14:30Z</time></rtept><rtept lat="44.571502" lon="-71.88682"><ele>845.6000000000004</ele><time>2026-04-17T19:14:30Z</time></rtept><rtept lat="44.571487" lon="-71.886723"><ele>844.0</ele><time>2026-04-17T19:14:30Z</time></rtept><rtept lat="44.571413" lon="-71.886556"><ele>841.0</ele><time>2026-04-17T19:14:30Z</time></rtept><rtept lat="44.571432" lon="-71.886515"><ele>839.0</ele><time>2026-04-17T19:14:30Z</time></rtept><rtept lat="44.571547" lon="-71.886396"><ele>835.4000000000015</ele><time>2026-04-17T19:14:30Z</time></rtept><rtept lat="44.571605" lon="-71.886271"><ele>831.4000000000015</ele><time>2026-04-17T19:14:30Z</time></rtept><rtept lat="44.571677" lon="-71.886276"><ele>830.4000000000015</ele><time>2026-04-17T19:14:30Z</time></rtept><rtept lat="44.571735" lon="-71.886335"><ele>830.6000000000004</ele><time>2026-04-17T19:14:30Z</time></rtept><rtept lat="44.571871" lon="-71.886397"><ele>829.2000000000007</ele><time>2026-04-17T19:14:30Z</time></rtept><rtept lat="44.572026" lon="-71.886607"><ele>826.8000000000011</ele><time>2026-04-17T19:14:30Z</time></rtept><rtept lat="44.572093" lon="-71.886643"><ele>825.0</ele><time>2026-04-17T19:14:30Z</time></rtept><rtept lat="44.572196" lon="-71.886611"><ele>819.8000000000011</ele><time>2026-04-17T19:14:30Z</time></rtept><rtept lat="44.572186" lon="-71.886268"><ele>818.8000000000011</ele><time>2026-04-17T19:14:30Z</time></rtept><rtept lat="44.572212" lon="-71.88612"><ele>818.8000000000011</ele><time>2026-04-17T19:14:30Z</time></rtept><rtept lat="44.572284" lon="-71.886011"><ele>818.6000000000004</ele><time>2026-04-17T19:14:30Z</time></rtept><rtept lat="44.572427" lon="-71.885859"><ele>819.2000000000007</ele><time>2026-04-17T19:14:30Z</time></rtept><rtept lat="44.572475" lon="-71.885723"><ele>817.4000000000015</ele><time>2026-04-17T19:14:30Z</time></rtept><rtept lat="44.572505" lon="-71.885577"><ele>811.8000000000011</ele><time>2026-04-17T19:14:30Z</time></rtept><rtept lat="44.572584" lon="-71.885408"><ele>807.0</ele><time>2026-04-17T19:14:30Z</time></rtept><rtept lat="44.57261" lon="-71.885314"><ele>805.2000000000007</ele><time>2026-04-17T19:14:30Z</time></rtept><rtept lat="44.57263" lon="-71.885218"><ele>803.0</ele><time>2026-04-17T19:14:30Z</time></rtept><rtept lat="44.572631" lon="-71.885068"><ele>802.0</ele><time>2026-04-17T19:14:30Z</time></rtept><rtept lat="44.57268" lon="-71.884932"><ele>801.0</ele><time>2026-04-17T19:14:30Z</time></rtept><rtept lat="44.572779" lon="-71.884895"><ele>799.6000000000004</ele><time>2026-04-17T19:14:30Z</time></rtept><rtept lat="44.572883" lon="-71.884933"><ele>798.4000000000015</ele><time>2026-04-17T19:14:30Z</time></rtept><rtept lat="44.57317" lon="-71.885145"><ele>792.4000000000015</ele><time>2026-04-17T19:14:30Z</time></rtept><rtept lat="44.573278" lon="-71.885148"><ele>790.0</ele><time>2026-04-17T19:14:30Z</time></rtept><rtept lat="44.573443" lon="-71.885241"><ele>787.0</ele><time>2026-04-17T19:14:30Z</time></rtept><rtept lat="44.573466" lon="-71.885225"><ele>787.0</ele><time>2026-04-17T19:14:30Z</time></rtept><rtept lat="44.573447" lon="-71.885127"><ele>785.0</ele><time>2026-04-17T19:14:30Z</time></rtept><rtept lat="44.573459" lon="-71.88498"><ele>781.6000000000004</ele><time>2026-04-17T19:14:30Z</time></rtept><rtept lat="44.573435" lon="-71.884885"><ele>779.4000000000015</ele><time>2026-04-17T19:14:30Z</time></rtept><rtept lat="44.573374" lon="-71.884761"><ele>779.0</ele><time>2026-04-17T19:14:30Z</time></rtept><rtept lat="44.573312" lon="-71.884525"><ele>777.0</ele><time>2026-04-17T19:14:30Z</time></rtept><rtept lat="44.573342" lon="-71.884384"><ele>774.4000000000015</ele><time>2026-04-17T19:14:30Z</time></rtept><rtept lat="44.573367" lon="-71.884351"><ele>773.8000000000011</ele><time>2026-04-17T19:14:30Z</time></rtept><rtept lat="44.573431" lon="-71.884304"><ele>771.2000000000007</ele><time>2026-04-17T19:14:30Z</time></rtept><rtept lat="44.573456" lon="-71.884323"><ele>773.6000000000004</ele><time>2026-04-17T19:14:30Z</time></rtept><rtept lat="44.573484" lon="-71.884299"><ele>770.6000000000004</ele><time>2026-04-17T19:14:30Z</time></rtept><rtept lat="44.573757" lon="-71.884423"><ele>768.2000000000007</ele><time>2026-04-17T19:14:30Z</time></rtept><rtept lat="44.573864" lon="-71.884409"><ele>766.0</ele><time>2026-04-17T19:14:30Z</time></rtept><rtept lat="44.574134" lon="-71.884286"><ele>761.0</ele><time>2026-04-17T19:14:30Z</time></rtept><rtept lat="44.57434" lon="-71.884092"><ele>756.8000000000011</ele><time>2026-04-17T19:14:30Z</time></rtept><rtept lat="44.574373" lon="-71.884081"><ele>756.8000000000011</ele><time>2026-04-17T19:14:30Z</time></rtept><rtept lat="44.574514" lon="-71.884116"><ele>753.6000000000004</ele><time>2026-04-17T19:14:30Z</time></rtept><rtept lat="44.574767" lon="-71.884123"><ele>749.4000000000015</ele><time>2026-04-17T19:14:30Z</time></rtept><rtept lat="44.575067" lon="-71.884286"><ele>746.2000000000007</ele><time>2026-04-17T19:14:30Z</time></rtept><rtept lat="44.575207" lon="-71.884249"><ele>743.6000000000004</ele><time>2026-04-17T19:14:30Z</time></rtept><rtept lat="44.575458" lon="-71.884259"><ele>739.0</ele><time>2026-04-17T19:14:30Z</time></rtept><rtept lat="44.575562" lon="-71.884295"><ele>737.0</ele><time>2026-04-17T19:14:30Z</time></rtept><rtept lat="44.575768" lon="-71.884572"><ele>732.0</ele><time>2026-04-17T19:14:30Z</time></rtept><rtept lat="44.575944" lon="-71.884532"><ele>726.4000000000015</ele><time>2026-04-17T19:14:30Z</time></rtept><rtept lat="44.576055" lon="-71.88434"><ele>723.4000000000015</ele><time>2026-04-17T19:14:30Z</time></rtept><rtept lat="44.576089" lon="-71.884324"><ele>723.4000000000015</ele><time>2026-04-17T19:14:30Z</time></rtept><rtept lat="44.576341" lon="-71.884327"><ele>721.8000000000011</ele><time>2026-04-17T19:14:30Z</time></rtept><rtept lat="44.57651" lon="-71.884242"><ele>720.6000000000004</ele><time>2026-04-17T19:14:30Z</time></rtept><rtept lat="44.57675" lon="-71.88402"><ele>720.0</ele><time>2026-04-17T19:14:30Z</time></rtept><rtept lat="44.576827" lon="-71.883913"><ele>718.8000000000011</ele><time>2026-04-17T19:14:30Z</time></rtept><rtept lat="44.576891" lon="-71.883733"><ele>720.4000000000015</ele><time>2026-04-17T19:14:30Z</time></rtept><rtept lat="44.576898" lon="-71.883483"><ele>720.4000000000015</ele><time>2026-04-17T19:14:30Z</time></rtept><rtept lat="44.576856" lon="-71.883328"><ele>721.0</ele><time>2026-04-17T19:14:30Z</time></rtept><rtept lat="44.576856" lon="-71.883328"><ele>721.0</ele><time>2026-04-17T19:14:30Z</time></rtept><rtept lat="44.576834" lon="-71.883246"><ele>720.8000000000011</ele><time>2026-04-17T19:14:30Z</time></rtept><rtept lat="44.576771" lon="-71.883125"><ele>720.6000000000004</ele><time>2026-04-17T19:14:30Z</time></rtept><rtept lat="44.576688" lon="-71.883031"><ele>720.4000000000015</ele><time>2026-04-17T19:14:30Z</time></rtept><rtept lat="44.576652" lon="-71.882942"><ele>716.2000000000007</ele><time>2026-04-17T19:14:30Z</time></rtept><rtept lat="44.576659" lon="-71.882848"><ele>713.2000000000007</ele><time>2026-04-17T19:14:30Z</time></rtept><rtept lat="44.576748" lon="-71.882577"><ele>705.2000000000007</ele><time>2026-04-17T19:14:30Z</time></rtept><rtept lat="44.576777" lon="-71.882606"><ele>706.2000000000007</ele><time>2026-04-17T19:14:30Z</time></rtept><rtept lat="44.576883" lon="-71.882627"><ele>705.2000000000007</ele><time>2026-04-17T19:14:30Z</time></rtept><rtept lat="44.577131" lon="-71.882831"><ele>701.6000000000004</ele><time>2026-04-17T19:14:30Z</time></rtept><rtept lat="44.577202" lon="-71.882944"><ele>700.0</ele><time>2026-04-17T19:14:30Z</time></rtept><rtept lat="44.577407" lon="-71.883143"><ele>696.6000000000004</ele><time>2026-04-17T19:14:30Z</time></rtept><rtept lat="44.577474" lon="-71.88326"><ele>695.0</ele><time>2026-04-17T19:14:30Z</time></rtept><rtept lat="44.577548" lon="-71.883491"><ele>694.6000000000004</ele><time>2026-04-17T19:14:30Z</time></rtept><rtept lat="44.577557" lon="-71.883642"><ele>695.0</ele><time>2026-04-17T19:14:30Z</time></rtept><rtept lat="44.577515" lon="-71.883834"><ele>693.8000000000011</ele><time>2026-04-17T19:14:30Z</time></rtept><rtept lat="44.577484" lon="-71.884133"><ele>691.6000000000004</ele><time>2026-04-17T19:14:30Z</time></rtept><rtept lat="44.577492" lon="-71.884283"><ele>689.0</ele><time>2026-04-17T19:14:30Z</time></rtept><rtept lat="44.577469" lon="-71.884432"><ele>685.0</ele><time>2026-04-17T19:14:30Z</time></rtept><rtept lat="44.577286" lon="-71.885085"><ele>681.8000000000011</ele><time>2026-04-17T19:14:30Z</time></rtept><rtept lat="44.577266" lon="-71.885234"><ele>678.2000000000007</ele><time>2026-04-17T19:14:30Z</time></rtept><rtept lat="44.577314" lon="-71.885366"><ele>676.2000000000007</ele><time>2026-04-17T19:14:30Z</time></rtept><rtept lat="44.577407" lon="-71.885442"><ele>673.0</ele><time>2026-04-17T19:14:30Z</time></rtept><rtept lat="44.577479" lon="-71.88545"><ele>671.8000000000011</ele><time>2026-04-17T19:14:30Z</time></rtept><rtept lat="44.577536" lon="-71.885511"><ele>670.6000000000004</ele><time>2026-04-17T19:14:30Z</time></rtept><rtept lat="44.577573" lon="-71.885596"><ele>668.8000000000011</ele><time>2026-04-17T19:14:30Z</time></rtept><rtept lat="44.577695" lon="-71.886016"><ele>663.0</ele><time>2026-04-17T19:14:30Z</time></rtept><rtept lat="44.577714" lon="-71.886266"><ele>660.8000000000011</ele><time>2026-04-17T19:14:30Z</time></rtept><rtept lat="44.577692" lon="-71.886413"><ele>660.8000000000011</ele><time>2026-04-17T19:14:30Z</time></rtept><rtept lat="44.577717" lon="-71.88656"><ele>660.4000000000015</ele><time>2026-04-17T19:14:30Z</time></rtept><rtept lat="44.577724" lon="-71.886761"><ele>658.8000000000011</ele><time>2026-04-17T19:14:30Z</time></rtept><rtept lat="44.577759" lon="-71.886905"><ele>657.2000000000007</ele><time>2026-04-17T19:14:30Z</time></rtept><rtept lat="44.577782" lon="-71.886942"><ele>657.2000000000007</ele><time>2026-04-17T19:14:30Z</time></rtept><rtept lat="44.57812" lon="-71.887231"><ele>654.6000000000004</ele><time>2026-04-17T19:14:30Z</time></rtept><rtept lat="44.578314" lon="-71.887334"><ele>651.0</ele><time>2026-04-17T19:14:30Z</time></rtept><rtept lat="44.578639" lon="-71.887342"><ele>647.0</ele><time>2026-04-17T19:14:30Z</time></rtept><rtept lat="44.57874" lon="-71.887295"><ele>646.0</ele><time>2026-04-17T19:14:30Z</time></rtept><rtept lat="44.578811" lon="-71.887303"><ele>645.2000000000007</ele><time>2026-04-17T19:14:30Z</time></rtept><rtept lat="44.578904" lon="-71.887451"><ele>648.0</ele><time>2026-04-17T19:14:30Z</time></rtept><rtept lat="44.578998" lon="-71.887521"><ele>647.2000000000007</ele><time>2026-04-17T19:14:30Z</time></rtept><rtept lat="44.579111" lon="-71.887647"><ele>644.8000000000011</ele><time>2026-04-17T19:14:30Z</time></rtept><rtept lat="44.579256" lon="-71.887869"><ele>644.4000000000015</ele><time>2026-04-17T19:14:30Z</time></rtept><rtept lat="44.579447" lon="-71.888099"><ele>643.4000000000015</ele><time>2026-04-17T19:14:30Z</time></rtept><rtept lat="44.57948" lon="-71.88812"><ele>643.0</ele><time>2026-04-17T19:14:30Z</time></rtept><rtept lat="44.579613" lon="-71.888357"><ele>643.8000000000011</ele><time>2026-04-17T19:14:30Z</time></rtept><rtept lat="44.57967" lon="-71.888419"><ele>642.6000000000004</ele><time>2026-04-17T19:14:30Z</time></rtept><rtept lat="44.579785" lon="-71.888666"><ele>640.8000000000011</ele><time>2026-04-17T19:14:30Z</time></rtept><rtept lat="44.579868" lon="-71.888757"><ele>638.8000000000011</ele><time>2026-04-17T19:14:30Z</time></rtept><rtept lat="44.580095" lon="-71.889001"><ele>631.2000000000007</ele><time>2026-04-17T19:14:30Z</time></rtept><rtept lat="44.580336" lon="-71.889098"><ele>629.4000000000015</ele><time>2026-04-17T19:14:30Z</time></rtept><rtept lat="44.580444" lon="-71.889108"><ele>628.4000000000015</ele><time>2026-04-17T19:14:30Z</time></rtept><rtept lat="44.580611" lon="-71.889194"><ele>627.6000000000004</ele><time>2026-04-17T19:14:30Z</time></rtept><rtept lat="44.580828" lon="-71.889369"><ele>625.4000000000015</ele><time>2026-04-17T19:14:30Z</time></rtept><rtept lat="44.581067" lon="-71.889596"><ele>624.4000000000015</ele><time>2026-04-17T19:14:30Z</time></rtept><rtept lat="44.581299" lon="-71.88972"><ele>623.0</ele><time>2026-04-17T19:14:30Z</time></rtept><rtept lat="44.58144" lon="-71.889754"><ele>622.8000000000011</ele><time>2026-04-17T19:14:30Z</time></rtept><rtept lat="44.581535" lon="-71.889824"><ele>623.0</ele><time>2026-04-17T19:14:30Z</time></rtept><rtept lat="44.581708" lon="-71.889891"><ele>622.8000000000011</ele><time>2026-04-17T19:14:30Z</time></rtept><rtept lat="44.58182" lon="-71.890018"><ele>623.2000000000007</ele><time>2026-04-17T19:14:30Z</time></rtept><rtept lat="44.581942" lon="-71.8902"><ele>622.8000000000011</ele><time>2026-04-17T19:14:30Z</time></rtept><rtept lat="44.582032" lon="-71.890284"><ele>622.0</ele><time>2026-04-17T19:14:30Z</time></rtept><rtept lat="44.582078" lon="-71.890361"><ele>621.2000000000007</ele><time>2026-04-17T19:14:30Z</time></rtept><rtept lat="44.582164" lon="-71.890451"><ele>619.4000000000015</ele><time>2026-04-17T19:14:30Z</time></rtept><rtept lat="44.582397" lon="-71.890766"><ele>616.8000000000011</ele><time>2026-04-17T19:14:30Z</time></rtept><rtept lat="44.582676" lon="-71.890999"><ele>611.8000000000011</ele><time>2026-04-17T19:14:30Z</time></rtept><rtept lat="44.582854" lon="-71.891172"><ele>609.6000000000004</ele><time>2026-04-17T19:14:30Z</time></rtept><rtept lat="44.583053" lon="-71.891268"><ele>607.4000000000015</ele><time>2026-04-17T19:14:30Z</time></rtept><rtept lat="44.583088" lon="-71.891236"><ele>606.8000000000011</ele><time>2026-04-17T19:14:30Z</time></rtept><rtept lat="44.58314" lon="-71.891212"><ele>606.2000000000007</ele><time>2026-04-17T19:14:30Z</time></rtept><rtept lat="44.583223" lon="-71.891195"><ele>605.6000000000004</ele><time>2026-04-17T19:14:30Z</time></rtept><rtept lat="44.58339" lon="-71.891194"><ele>604.0</ele><time>2026-04-17T19:14:30Z</time></rtept><rtept lat="44.583461" lon="-71.891209"><ele>603.2000000000007</ele><time>2026-04-17T19:14:30Z</time></rtept><rtept lat="44.58352" lon="-71.891236"><ele>602.8000000000011</ele><time>2026-04-17T19:14:30Z</time></rtept><rtept lat="44.583641" lon="-71.891385"><ele>601.8000000000011</ele><time>2026-04-17T19:14:30Z</time></rtept><rtept lat="44.583835" lon="-71.891682"><ele>600.4000000000015</ele><time>2026-04-17T19:14:30Z</time></rtept><rtept lat="44.583888" lon="-71.891747"><ele>600.4000000000015</ele><time>2026-04-17T19:14:30Z</time></rtept><rtept lat="44.583928" lon="-71.891786"><ele>600.0</ele><time>2026-04-17T19:14:30Z</time></rtept><rtept lat="44.58396" lon="-71.891796"><ele>600.0</ele><time>2026-04-17T19:14:30Z</time></rtept><rtept lat="44.584007" lon="-71.891832"><ele>600.4000000000015</ele><time>2026-04-17T19:14:30Z</time></rtept><rtept lat="44.584073" lon="-71.891856"><ele>600.6000000000004</ele><time>2026-04-17T19:14:30Z</time></rtept><rtept lat="44.584119" lon="-71.891859"><ele>600.4000000000015</ele><time>2026-04-17T19:14:30Z</time></rtept><rtept lat="44.584166" lon="-71.891853"><ele>600.4000000000015</ele><time>2026-04-17T19:14:30Z</time></rtept><rtept lat="44.584217" lon="-71.891802"><ele>599.6000000000004</ele><time>2026-04-17T19:14:30Z</time></rtept><rtept lat="44.584271" lon="-71.891716"><ele>599.2000000000007</ele><time>2026-04-17T19:14:30Z</time></rtept><rtept lat="44.584366" lon="-71.891451"><ele>597.6000000000004</ele><time>2026-04-17T19:14:30Z</time></rtept><rtept lat="44.584426" lon="-71.891382"><ele>596.8000000000011</ele><time>2026-04-17T19:14:30Z</time></rtept><rtept lat="44.584484" lon="-71.891331"><ele>596.0</ele><time>2026-04-17T19:14:30Z</time></rtept><rtept lat="44.584484" lon="-71.891331"><ele>596.0</ele><time>2026-04-17T19:14:30Z</time></rtept><rtept lat="44.584525" lon="-71.891295"><ele>596.0</ele><time>2026-04-17T19:14:30Z</time></rtept><rtept lat="44.584607" lon="-71.891192"><ele>595.6000000000004</ele><time>2026-04-17T19:14:30Z</time></rtept><rtept lat="44.584675" lon="-71.891152"><ele>595.8000000000011</ele><time>2026-04-17T19:14:30Z</time></rtept><rtept lat="44.584723" lon="-71.891149"><ele>595.6000000000004</ele><time>2026-04-17T19:14:30Z</time></rtept><rtept lat="44.584786" lon="-71.891165"><ele>595.8000000000011</ele><time>2026-04-17T19:14:30Z</time></rtept><rtept lat="44.58486" lon="-71.891226"><ele>596.0</ele><time>2026-04-17T19:14:30Z</time></rtept><rtept lat="44.584926" lon="-71.891339"><ele>596.2000000000007</ele><time>2026-04-17T19:14:30Z</time></rtept><rtept lat="44.584989" lon="-71.891423"><ele>596.6000000000004</ele><time>2026-04-17T19:14:30Z</time></rtept><rtept lat="44.585103" lon="-71.891534"><ele>597.4000000000015</ele><time>2026-04-17T19:14:30Z</time></rtept><rtept lat="44.585213" lon="-71.891597"><ele>598.4000000000015</ele><time>2026-04-17T19:14:30Z</time></rtept><rtept lat="44.585341" lon="-71.891623"><ele>598.8000000000011</ele><time>2026-04-17T19:14:30Z</time></rtept><rtept lat="44.585398" lon="-71.891619"><ele>599.0</ele><time>2026-04-17T19:14:30Z</time></rtept><rtept lat="44.585478" lon="-71.891579"><ele>599.4000000000015</ele><time>2026-04-17T19:14:30Z</time></rtept><rtept lat="44.585592" lon="-71.89149"><ele>600.6000000000004</ele><time>2026-04-17T19:14:30Z</time></rtept><rtept lat="44.58567" lon="-71.891419"><ele>602.0</ele><time>2026-04-17T19:14:30Z</time></rtept><rtept lat="44.585796" lon="-71.891242"><ele>604.8000000000011</ele><time>2026-04-17T19:14:30Z</time></rtept><rtept lat="44.585882" lon="-71.891164"><ele>605.8000000000011</ele><time>2026-04-17T19:14:30Z</time></rtept><rtept lat="44.585916" lon="-71.891127"><ele>606.0</ele><time>2026-04-17T19:14:30Z</time></rtept><rtept lat="44.585922" lon="-71.891069"><ele>606.6000000000004</ele><time>2026-04-17T19:14:30Z</time></rtept><rtept lat="44.585897" lon="-71.890879"><ele>606.8000000000011</ele><time>2026-04-17T19:14:30Z</time></rtept><rtept lat="44.585866" lon="-71.890744"><ele>607.2000000000007</ele><time>2026-04-17T19:14:30Z</time></rtept><rtept lat="44.585813" lon="-71.890643"><ele>607.0</ele><time>2026-04-17T19:14:30Z</time></rtept><rtept lat="44.585712" lon="-71.890485"><ele>605.8000000000011</ele><time>2026-04-17T19:14:30Z</time></rtept><rtept lat="44.585627" lon="-71.89038"><ele>603.6000000000004</ele><time>2026-04-17T19:14:30Z</time></rtept><rtept lat="44.585533" lon="-71.89037"><ele>602.8000000000011</ele><time>2026-04-17T19:14:30Z</time></rtept><rtept lat="44.585471" lon="-71.890396"><ele>602.0</ele><time>2026-04-17T19:14:30Z</time></rtept><rtept lat="44.585308" lon="-71.890564"><ele>599.6000000000004</ele><time>2026-04-17T19:14:30Z</time></rtept><rtept lat="44.585248" lon="-71.890566"><ele>598.8000000000011</ele><time>2026-04-17T19:14:30Z</time></rtept><rtept lat="44.5852" lon="-71.890527"><ele>598.0</ele><time>2026-04-17T19:14:30Z</time></rtept><rtept lat="44.585164" lon="-71.890483"><ele>598.0</ele><time>2026-04-17T19:14:30Z</time></rtept><rtept lat="44.585125" lon="-71.890397"><ele>597.0</ele><time>2026-04-17T19:14:30Z</time></rtept><rtept lat="44.585043" lon="-71.890169"><ele>596.0</ele><time>2026-04-17T19:14:30Z</time></rtept><rtept lat="44.584993" lon="-71.890097"><ele>595.0</ele><time>2026-04-17T19:14:30Z</time></rtept><rtept lat="44.5849" lon="-71.890012"><ele>594.0</ele><time>2026-04-17T19:14:30Z</time></rtept><rtept lat="44.584745" lon="-71.889942"><ele>593.4000000000015</ele><time>2026-04-17T19:14:30Z</time></rtept><rtept lat="44.584654" lon="-71.88988"><ele>592.8000000000011</ele><time>2026-04-17T19:14:30Z</time></rtept><rtept lat="44.584598" lon="-71.889832"><ele>593.0</ele><time>2026-04-17T19:14:30Z</time></rtept><rtept lat="44.584483" lon="-71.889709"><ele>590.8000000000011</ele><time>2026-04-17T19:14:30Z</time></rtept><rtept lat="44.584348" lon="-71.889628"><ele>588.2000000000007</ele><time>2026-04-17T19:14:30Z</time></rtept><rtept lat="44.584262" lon="-71.889597"><ele>587.6000000000004</ele><time>2026-04-17T19:14:30Z</time></rtept><rtept lat="44.583965" lon="-71.889533"><ele>584.4000000000015</ele><time>2026-04-17T19:14:30Z</time></rtept><rtept lat="44.583898" lon="-71.88949"><ele>584.4000000000015</ele><time>2026-04-17T19:14:30Z</time></rtept><rtept lat="44.583849" lon="-71.889423"><ele>583.4000000000015</ele><time>2026-04-17T19:14:30Z</time></rtept><rtept lat="44.583848" lon="-71.889412"><ele>583.4000000000015</ele><time>2026-04-17T19:14:30Z</time></rtept><rtept lat="44.58395" lon="-71.889272"><ele>581.6000000000004</ele><time>2026-04-17T19:14:30Z</time></rtept><rtept lat="44.583961" lon="-71.889262"><ele>581.6000000000004</ele><time>2026-04-17T19:14:30Z</time></rtept><rtept lat="44.583961" lon="-71.889262"><ele>581.6000000000004</ele><time>2026-04-17T19:14:30Z</time></rtept><rtept lat="44.584038" lon="-71.889191"><ele>580.4000000000015</ele><time>2026-04-17T19:14:30Z</time></rtept><rtept lat="44.584135" lon="-71.889112"><ele>579.6000000000004</ele><time>2026-04-17T19:14:30Z</time></rtept><rtept lat="44.5843" lon="-71.889025"><ele>579.8000000000011</ele><time>2026-04-17T19:14:30Z</time></rtept><rtept lat="44.584392" lon="-71.889003"><ele>579.8000000000011</ele><time>2026-04-17T19:14:30Z</time></rtept><rtept lat="44.584436" lon="-71.889004"><ele>579.8000000000011</ele><time>2026-04-17T19:14:30Z</time></rtept><rtept lat="44.584509" lon="-71.889039"><ele>580.4000000000015</ele><time>2026-04-17T19:14:30Z</time></rtept><rtept lat="44.584619" lon="-71.889121"><ele>579.4000000000015</ele><time>2026-04-17T19:14:30Z</time></rtept><rtept lat="44.584641" lon="-71.889128"><ele>581.0</ele><time>2026-04-17T19:14:30Z</time></rtept><rtept lat="44.584675" lon="-71.889129"><ele>580.8000000000011</ele><time>2026-04-17T19:14:30Z</time></rtept><rtept lat="44.584739" lon="-71.889107"><ele>579.0</ele><time>2026-04-17T19:14:30Z</time></rtept><rtept lat="44.584822" lon="-71.889045"><ele>579.2000000000007</ele><time>2026-04-17T19:14:30Z</time></rtept><rtept lat="44.584877" lon="-71.889024"><ele>578.2000000000007</ele><time>2026-04-17T19:14:30Z</time></rtept><rtept lat="44.584925" lon="-71.889031"><ele>578.0</ele><time>2026-04-17T19:14:30Z</time></rtept><rtept lat="44.584977" lon="-71.889058"><ele>578.8000000000011</ele><time>2026-04-17T19:14:30Z</time></rtept><rtept lat="44.585039" lon="-71.889067"><ele>578.4000000000015</ele><time>2026-04-17T19:14:30Z</time></rtept><rtept lat="44.585066" lon="-71.889083"><ele>578.4000000000015</ele><time>2026-04-17T19:14:30Z</time></rtept><rtept lat="44.585207" lon="-71.88911"><ele>577.4000000000015</ele><time>2026-04-17T19:14:30Z</time></rtept><rtept lat="44.585263" lon="-71.889132"><ele>578.6000000000004</ele><time>2026-04-17T19:14:30Z</time></rtept><rtept lat="44.585521" lon="-71.889297"><ele>577.4000000000015</ele><time>2026-04-17T19:14:30Z</time></rtept><rtept lat="44.585653" lon="-71.889362"><ele>575.6000000000004</ele><time>2026-04-17T19:14:30Z</time></rtept><rtept lat="44.585782" lon="-71.88941"><ele>574.8000000000011</ele><time>2026-04-17T19:14:30Z</time></rtept><rtept lat="44.586059" lon="-71.88962"><ele>574.2000000000007</ele><time>2026-04-17T19:14:30Z</time></rtept><rtept lat="44.586133" lon="-71.889705"><ele>572.8000000000011</ele><time>2026-04-17T19:14:30Z</time></rtept><rtept lat="44.586346" lon="-71.890057"><ele>573.2000000000007</ele><time>2026-04-17T19:14:30Z</time></rtept><rtept lat="44.586383" lon="-71.890144"><ele>572.8000000000011</ele><time>2026-04-17T19:14:30Z</time></rtept><rtept lat="44.586505" lon="-71.89037"><ele>573.2000000000007</ele><time>2026-04-17T19:14:30Z</time></rtept><rtept lat="44.586563" lon="-71.890499"><ele>574.0</ele><time>2026-04-17T19:14:30Z</time></rtept><rtept lat="44.586595" lon="-71.890602"><ele>575.2000000000007</ele><time>2026-04-17T19:14:30Z</time></rtept><rtept lat="44.58669" lon="-71.891036"><ele>577.6000000000004</ele><time>2026-04-17T19:14:30Z</time></rtept><rtept lat="44.586788" lon="-71.891255"><ele>578.4000000000015</ele><time>2026-04-17T19:14:30Z</time></rtept><rtept lat="44.586823" lon="-71.89135"><ele>578.6000000000004</ele><time>2026-04-17T19:14:30Z</time></rtept><rtept lat="44.586829" lon="-71.891417"><ele>579.6000000000004</ele><time>2026-04-17T19:14:30Z</time></rtept><rtept lat="44.586812" lon="-71.891481"><ele>580.6000000000004</ele><time>2026-04-17T19:14:30Z</time></rtept><rtept lat="44.586809" lon="-71.891575"><ele>581.2000000000007</ele><time>2026-04-17T19:14:30Z</time></rtept><rtept lat="44.58683" lon="-71.891655"><ele>581.6000000000004</ele><time>2026-04-17T19:14:30Z</time></rtept><rtept lat="44.586906" lon="-71.891727"><ele>581.8000000000011</ele><time>2026-04-17T19:14:30Z</time></rtept><rtept lat="44.58698" lon="-71.891768"><ele>582.0</ele><time>2026-04-17T19:14:30Z</time></rtept><rtept lat="44.587017" lon="-71.891767"><ele>582.4000000000015</ele><time>2026-04-17T19:14:30Z</time></rtept><rtept lat="44.587029" lon="-71.891753"><ele>582.4000000000015</ele><time>2026-04-17T19:14:30Z</time></rtept><rtept lat="44.587088" lon="-71.891732"><ele>583.0</ele><time>2026-04-17T19:14:30Z</time></rtept><rtept lat="44.587132" lon="-71.891771"><ele>583.8000000000011</ele><time>2026-04-17T19:14:30Z</time></rtept><rtept lat="44.587156" lon="-71.89182"><ele>584.2000000000007</ele><time>2026-04-17T19:14:30Z</time></rtept><rtept lat="44.58717" lon="-71.891904"><ele>584.8000000000011</ele><time>2026-04-17T19:14:30Z</time></rtept><rtept lat="44.587154" lon="-71.892084"><ele>584.4000000000015</ele><time>2026-04-17T19:14:30Z</time></rtept><rtept lat="44.58717" lon="-71.892296"><ele>584.0</ele><time>2026-04-17T19:14:30Z</time></rtept><rtept lat="44.587153" lon="-71.892417"><ele>583.0</ele><time>2026-04-17T19:14:30Z</time></rtept><rtept lat="44.587121" lon="-71.892489"><ele>582.4000000000015</ele><time>2026-04-17T19:14:30Z</time></rtept><rtept lat="44.587084" lon="-71.892604"><ele>581.2000000000007</ele><time>2026-04-17T19:14:30Z</time></rtept><rtept lat="44.586947" lon="-71.892609"><ele>580.0</ele><time>2026-04-17T19:14:30Z</time></rtept><rtept lat="44.586893" lon="-71.89265"><ele>577.8000000000011</ele><time>2026-04-17T19:14:30Z</time></rtept><rtept lat="44.586894" lon="-71.892758"><ele>576.8000000000011</ele><time>2026-04-17T19:14:30Z</time></rtept><rtept lat="44.58694" lon="-71.89282"><ele>576.2000000000007</ele><time>2026-04-17T19:14:30Z</time></rtept><rtept lat="44.587022" lon="-71.892874"><ele>576.4000000000015</ele><time>2026-04-17T19:14:30Z</time></rtept><rtept lat="44.587027" lon="-71.892904"><ele>575.8000000000011</ele><time>2026-04-17T19:14:30Z</time></rtept><rtept lat="44.587014" lon="-71.892979"><ele>575.8000000000011</ele><time>2026-04-17T19:14:30Z</time></rtept><rtept lat="44.586987" lon="-71.893016"><ele>575.0</ele><time>2026-04-17T19:14:30Z</time></rtept><rtept lat="44.586877" lon="-71.893028"><ele>575.0</ele><time>2026-04-17T19:14:30Z</time></rtept><rtept lat="44.586804" lon="-71.89306"><ele>574.8000000000011</ele><time>2026-04-17T19:14:30Z</time></rtept><rtept lat="44.586705" lon="-71.893122"><ele>574.0</ele><time>2026-04-17T19:14:30Z</time></rtept><rtept lat="44.586519" lon="-71.893168"><ele>572.2000000000007</ele><time>2026-04-17T19:14:30Z</time></rtept><rtept lat="44.586481" lon="-71.893244"><ele>571.6000000000004</ele><time>2026-04-17T19:14:30Z</time></rtept><rtept lat="44.586485" lon="-71.893294"><ele>571.6000000000004</ele><time>2026-04-17T19:14:30Z</time></rtept><rtept lat="44.586499" lon="-71.893315"><ele>572.2000000000007</ele><time>2026-04-17T19:14:30Z</time></rtept><rtept lat="44.586663" lon="-71.89338"><ele>573.2000000000007</ele><time>2026-04-17T19:14:30Z</time></rtept><rtept lat="44.586823" lon="-71.893407"><ele>573.6000000000004</ele><time>2026-04-17T19:14:30Z</time></rtept><rtept lat="44.586947" lon="-71.893487"><ele>573.6000000000004</ele><time>2026-04-17T19:14:30Z</time></rtept><rtept lat="44.587027" lon="-71.893502"><ele>573.2000000000007</ele><time>2026-04-17T19:14:30Z</time></rtept><rtept lat="44.587093" lon="-71.893482"><ele>573.6000000000004</ele><time>2026-04-17T19:14:30Z</time></rtept><rtept lat="44.587188" lon="-71.893425"><ele>572.6000000000004</ele><time>2026-04-17T19:14:30Z</time></rtept><rtept lat="44.587271" lon="-71.893278"><ele>573.0</ele><time>2026-04-17T19:14:30Z</time></rtept><rtept lat="44.587318" lon="-71.893182"><ele>573.2000000000007</ele><time>2026-04-17T19:14:30Z</time></rtept><rtept lat="44.587362" lon="-71.893182"><ele>572.4000000000015</ele><time>2026-04-17T19:14:30Z</time></rtept><rtept lat="44.587378" lon="-71.893225"><ele>572.4000000000015</ele><time>2026-04-17T19:14:30Z</time></rtept><rtept lat="44.587357" lon="-71.893329"><ele>571.4000000000015</ele><time>2026-04-17T19:14:30Z</time></rtept><rtept lat="44.587294" lon="-71.89351"><ele>570.4000000000015</ele><time>2026-04-17T19:14:30Z</time></rtept><rtept lat="44.587208" lon="-71.893838"><ele>570.8000000000011</ele><time>2026-04-17T19:14:30Z</time></rtept><rtept lat="44.58718" lon="-71.893908"><ele>570.2000000000007</ele><time>2026-04-17T19:14:30Z</time></rtept><rtept lat="44.587125" lon="-71.893999"><ele>569.8000000000011</ele><time>2026-04-17T19:14:30Z</time></rtept><rtept lat="44.587022" lon="-71.89407"><ele>569.0</ele><time>2026-04-17T19:14:30Z</time></rtept><rtept lat="44.586981" lon="-71.894143"><ele>567.4000000000015</ele><time>2026-04-17T19:14:30Z</time></rtept><rtept lat="44.587022" lon="-71.894206"><ele>567.0</ele><time>2026-04-17T19:14:30Z</time></rtept><rtept lat="44.587096" lon="-71.894222"><ele>567.6000000000004</ele><time>2026-04-17T19:14:30Z</time></rtept><rtept lat="44.587159" lon="-71.894209"><ele>567.2000000000007</ele><time>2026-04-17T19:14:30Z</time></rtept><rtept lat="44.5872" lon="-71.89414"><ele>567.8000000000011</ele><time>2026-04-17T19:14:30Z</time></rtept><rtept lat="44.58724" lon="-71.893963"><ele>568.6000000000004</ele><time>2026-04-17T19:14:30Z</time></rtept><rtept lat="44.587278" lon="-71.89389"><ele>569.4000000000015</ele><time>2026-04-17T19:14:30Z</time></rtept><rtept lat="44.587345" lon="-71.893882"><ele>568.4000000000015</ele><time>2026-04-17T19:14:30Z</time></rtept><rtept lat="44.587378" lon="-71.893941"><ele>566.4000000000015</ele><time>2026-04-17T19:14:30Z</time></rtept><rtept lat="44.58738" lon="-71.894021"><ele>565.4000000000015</ele><time>2026-04-17T19:14:30Z</time></rtept><rtept lat="44.587326" lon="-71.894169"><ele>566.0</ele><time>2026-04-17T19:14:30Z</time></rtept><rtept lat="44.587253" lon="-71.894273"><ele>566.4000000000015</ele><time>2026-04-17T19:14:30Z</time></rtept><rtept lat="44.587152" lon="-71.894383"><ele>564.8000000000011</ele><time>2026-04-17T19:14:30Z</time></rtept><rtept lat="44.587143" lon="-71.894426"><ele>564.8000000000011</ele><time>2026-04-17T19:14:30Z</time></rtept><rtept lat="44.587166" lon="-71.894467"><ele>564.0</ele><time>2026-04-17T19:14:30Z</time></rtept><rtept lat="44.587261" lon="-71.894453"><ele>563.6000000000004</ele><time>2026-04-17T19:14:30Z</time></rtept><rtept lat="44.58729" lon="-71.894485"><ele>563.2000000000007</ele><time>2026-04-17T19:14:30Z</time></rtept><rtept lat="44.58724" lon="-71.894536"><ele>562.6000000000004</ele><time>2026-04-17T19:14:30Z</time></rtept><rtept lat="44.587158" lon="-71.89459"><ele>563.2000000000007</ele><time>2026-04-17T19:14:30Z</time></rtept><rtept lat="44.587103" lon="-71.894606"><ele>563.0</ele><time>2026-04-17T19:14:30Z</time></rtept><rtept lat="44.587024" lon="-71.894611"><ele>562.2000000000007</ele><time>2026-04-17T19:14:30Z</time></rtept><rtept lat="44.586931" lon="-71.894547"><ele>561.6000000000004</ele><time>2026-04-17T19:14:30Z</time></rtept><rtept lat="44.586885" lon="-71.894555"><ele>561.0</ele><time>2026-04-17T19:14:30Z</time></rtept><rtept lat="44.586902" lon="-71.894617"><ele>561.0</ele><time>2026-04-17T19:14:30Z</time></rtept><rtept lat="44.586984" lon="-71.894736"><ele>560.8000000000011</ele><time>2026-04-17T19:14:30Z</time></rtept><rtept lat="44.58699" lon="-71.894861"><ele>560.2000000000007</ele><time>2026-04-17T19:14:30Z</time></rtept><rtept lat="44.587016" lon="-71.894907"><ele>559.6000000000004</ele><time>2026-04-17T19:14:30Z</time></rtept><rtept lat="44.587097" lon="-71.894931"><ele>559.6000000000004</ele><time>2026-04-17T19:14:30Z</time></rtept><rtept lat="44.587208" lon="-71.894927"><ele>558.6000000000004</ele><time>2026-04-17T19:14:30Z</time></rtept><rtept lat="44.587292" lon="-71.894882"><ele>557.6000000000004</ele><time>2026-04-17T19:14:30Z</time></rtept><rtept lat="44.587376" lon="-71.894823"><ele>558.2000000000007</ele><time>2026-04-17T19:14:30Z</time></rtept><rtept lat="44.587446" lon="-71.89478"><ele>558.2000000000007</ele><time>2026-04-17T19:14:30Z</time></rtept><rtept lat="44.587475" lon="-71.894805"><ele>556.6000000000004</ele><time>2026-04-17T19:14:30Z</time></rtept><rtept lat="44.587429" lon="-71.894882"><ele>556.4000000000015</ele><time>2026-04-17T19:14:30Z</time></rtept><rtept lat="44.587317" lon="-71.895068"><ele>555.2000000000007</ele><time>2026-04-17T19:14:30Z</time></rtept><rtept lat="44.58715" lon="-71.895161"><ele>556.4000000000015</ele><time>2026-04-17T19:14:30Z</time></rtept><rtept lat="44.587104" lon="-71.895223"><ele>555.6000000000004</ele><time>2026-04-17T19:14:30Z</time></rtept><rtept lat="44.587164" lon="-71.895269"><ele>555.6000000000004</ele><time>2026-04-17T19:14:30Z</time></rtept><rtept lat="44.587251" lon="-71.895208"><ele>555.0</ele><time>2026-04-17T19:14:30Z</time></rtept><rtept lat="44.587321" lon="-71.895166"><ele>554.2000000000007</ele><time>2026-04-17T19:14:30Z</time></rtept><rtept lat="44.587372" lon="-71.895165"><ele>553.6000000000004</ele><time>2026-04-17T19:14:30Z</time></rtept><rtept lat="44.587466" lon="-71.895195"><ele>552.8000000000011</ele><time>2026-04-17T19:14:30Z</time></rtept><rtept lat="44.587485" lon="-71.895214"><ele>552.0</ele><time>2026-04-17T19:14:30Z</time></rtept><rtept lat="44.587523" lon="-71.895324"><ele>549.2000000000007</ele><time>2026-04-17T19:14:30Z</time></rtept><rtept lat="44.587606" lon="-71.895425"><ele>546.4000000000015</ele><time>2026-04-17T19:14:30Z</time></rtept><rtept lat="44.587591" lon="-71.895476"><ele>545.0</ele><time>2026-04-17T19:14:30Z</time></rtept><rtept lat="44.58755" lon="-71.895535"><ele>545.0</ele><time>2026-04-17T19:14:30Z</time></rtept><rtept lat="44.587471" lon="-71.895612"><ele>543.6000000000004</ele><time>2026-04-17T19:14:30Z</time></rtept><rtept lat="44.587449" lon="-71.895657"><ele>542.4000000000015</ele><time>2026-04-17T19:14:30Z</time></rtept><rtept lat="44.587363" lon="-71.895807"><ele>542.0</ele><time>2026-04-17T19:14:30Z</time></rtept><rtept lat="44.587339" lon="-71.895892"><ele>541.6000000000004</ele><time>2026-04-17T19:14:30Z</time></rtept><rtept lat="44.587358" lon="-71.895946"><ele>539.8000000000011</ele><time>2026-04-17T19:14:30Z</time></rtept><rtept lat="44.58741" lon="-71.89593"><ele>539.8000000000011</ele><time>2026-04-17T19:14:30Z</time></rtept><rtept lat="44.587585" lon="-71.895781"><ele>539.6000000000004</ele><time>2026-04-17T19:14:30Z</time></rtept><rtept lat="44.587701" lon="-71.895716"><ele>540.0</ele><time>2026-04-17T19:14:30Z</time></rtept><rtept lat="44.587754" lon="-71.895731"><ele>539.4000000000015</ele><time>2026-04-17T19:14:30Z</time></rtept><rtept lat="44.587778" lon="-71.895763"><ele>536.6000000000004</ele><time>2026-04-17T19:14:30Z</time></rtept><rtept lat="44.587752" lon="-71.89583"><ele>535.4000000000015</ele><time>2026-04-17T19:14:30Z</time></rtept><rtept lat="44.58767" lon="-71.895907"><ele>535.0</ele><time>2026-04-17T19:14:30Z</time></rtept><rtept lat="44.587579" lon="-71.895972"><ele>537.0</ele><time>2026-04-17T19:14:30Z</time></rtept><rtept lat="44.587397" lon="-71.896032"><ele>538.8000000000011</ele><time>2026-04-17T19:14:30Z</time></rtept><rtept lat="44.587371" lon="-71.896095"><ele>537.4000000000015</ele><time>2026-04-17T19:14:30Z</time></rtept><rtept lat="44.587423" lon="-71.896144"><ele>536.6000000000004</ele><time>2026-04-17T19:14:30Z</time></rtept><rtept lat="44.587518" lon="-71.896152"><ele>535.8000000000011</ele><time>2026-04-17T19:14:30Z</time></rtept><rtept lat="44.587631" lon="-71.896136"><ele>534.0</ele><time>2026-04-17T19:14:30Z</time></rtept><rtept lat="44.587631" lon="-71.896136"><ele>534.0</ele><time>2026-04-17T19:14:30Z</time></rtept><rtept lat="44.587665" lon="-71.896131"><ele>533.2000000000007</ele><time>2026-04-17T19:14:30Z</time></rtept><rtept lat="44.587727" lon="-71.896099"><ele>532.2000000000007</ele><time>2026-04-17T19:14:30Z</time></rtept><rtept lat="44.587988" lon="-71.895892"><ele>530.6000000000004</ele><time>2026-04-17T19:14:30Z</time></rtept><rtept lat="44.588008" lon="-71.895899"><ele>530.6000000000004</ele><time>2026-04-17T19:14:30Z</time></rtept><rtept lat="44.588026" lon="-71.895959"><ele>528.4000000000015</ele><time>2026-04-17T19:14:30Z</time></rtept><rtept lat="44.588052" lon="-71.896104"><ele>526.6000000000004</ele><time>2026-04-17T19:14:30Z</time></rtept><rtept lat="44.588042" lon="-71.896254"><ele>524.6000000000004</ele><time>2026-04-17T19:14:30Z</time></rtept><rtept lat="44.58796" lon="-71.896347"><ele>526.0</ele><time>2026-04-17T19:14:30Z</time></rtept><rtept lat="44.587924" lon="-71.896422"><ele>525.2000000000007</ele><time>2026-04-17T19:14:30Z</time></rtept><rtept lat="44.587972" lon="-71.896417"><ele>524.6000000000004</ele><time>2026-04-17T19:14:30Z</time></rtept><rtept lat="44.588127" lon="-71.896266"><ele>523.6000000000004</ele><time>2026-04-17T19:14:30Z</time></rtept><rtept lat="44.588275" lon="-71.896108"><ele>522.4000000000015</ele><time>2026-04-17T19:14:30Z</time></rtept><rtept lat="44.588318" lon="-71.896107"><ele>522.4000000000015</ele><time>2026-04-17T19:14:30Z</time></rtept><rtept lat="44.588391" lon="-71.896257"><ele>519.4000000000015</ele><time>2026-04-17T19:14:30Z</time></rtept><rtept lat="44.588405" lon="-71.896311"><ele>519.4000000000015</ele><time>2026-04-17T19:14:30Z</time></rtept><rtept lat="44.588406" lon="-71.896384"><ele>518.8000000000011</ele><time>2026-04-17T19:14:30Z</time></rtept><rtept lat="44.588388" lon="-71.896433"><ele>519.0</ele><time>2026-04-17T19:14:30Z</time></rtept><rtept lat="44.588334" lon="-71.896519"><ele>518.4000000000015</ele><time>2026-04-17T19:14:30Z</time></rtept><rtept lat="44.588247" lon="-71.896634"><ele>519.2000000000007</ele><time>2026-04-17T19:14:30Z</time></rtept><rtept lat="44.588025" lon="-71.896865"><ele>520.0</ele><time>2026-04-17T19:14:30Z</time></rtept><rtept lat="44.58794" lon="-71.896956"><ele>521.2000000000007</ele><time>2026-04-17T19:14:30Z</time></rtept><rtept lat="44.587706" lon="-71.897293"><ele>521.2000000000007</ele><time>2026-04-17T19:14:30Z</time></rtept><rtept lat="44.587633" lon="-71.897446"><ele>521.0</ele><time>2026-04-17T19:14:30Z</time></rtept><rtept lat="44.587582" lon="-71.897614"><ele>520.2000000000007</ele><time>2026-04-17T19:14:30Z</time></rtept><rtept lat="44.587573" lon="-71.897715"><ele>518.6000000000004</ele><time>2026-04-17T19:14:30Z</time></rtept><rtept lat="44.587578" lon="-71.897749"><ele>518.6000000000004</ele><time>2026-04-17T19:14:30Z</time></rtept><rtept lat="44.587596" lon="-71.897763"><ele>518.0</ele><time>2026-04-17T19:14:30Z</time></rtept><rtept lat="44.587636" lon="-71.897762"><ele>518.0</ele><time>2026-04-17T19:14:30Z</time></rtept><rtept lat="44.587692" lon="-71.897745"><ele>517.4000000000015</ele><time>2026-04-17T19:14:30Z</time></rtept><rtept lat="44.587864" lon="-71.897681"><ele>516.4000000000015</ele><time>2026-04-17T19:14:30Z</time></rtept><rtept lat="44.587894" lon="-71.897702"><ele>516.4000000000015</ele><time>2026-04-17T19:14:30Z</time></rtept><rtept lat="44.587903" lon="-71.89772"><ele>514.8000000000011</ele><time>2026-04-17T19:14:30Z</time></rtept><rtept lat="44.587892" lon="-71.897946"><ele>514.0</ele><time>2026-04-17T19:14:30Z</time></rtept><rtept lat="44.587928" lon="-71.898023"><ele>512.6000000000004</ele><time>2026-04-17T19:14:30Z</time></rtept><rtept lat="44.58797" lon="-71.898061"><ele>511.40000000000146</ele><time>2026-04-17T19:14:30Z</time></rtept><rtept lat="44.588059" lon="-71.898067"><ele>510.60000000000036</ele><time>2026-04-17T19:14:30Z</time></rtept><rtept lat="44.588097" lon="-71.898082"><ele>509.8000000000011</ele><time>2026-04-17T19:14:30Z</time></rtept><rtept lat="44.588155" lon="-71.898087"><ele>509.0</ele><time>2026-04-17T19:14:30Z</time></rtept><rtept lat="44.58817" lon="-71.898109"><ele>509.0</ele><time>2026-04-17T19:14:30Z</time></rtept><rtept lat="44.58818" lon="-71.898165"><ele>508.60000000000036</ele><time>2026-04-17T19:14:30Z</time></rtept><rtept lat="44.588177" lon="-71.898306"><ele>508.2000000000007</ele><time>2026-04-17T19:14:30Z</time></rtept><rtept lat="44.588126" lon="-71.89846"><ele>507.40000000000146</ele><time>2026-04-17T19:14:30Z</time></rtept><rtept lat="44.588045" lon="-71.898568"><ele>504.0</ele><time>2026-04-17T19:14:30Z</time></rtept><rtept lat="44.587984" lon="-71.898685"><ele>502.8000000000011</ele><time>2026-04-17T19:14:30Z</time></rtept><rtept lat="44.588212" lon="-71.898747"><ele>500.40000000000146</ele><time>2026-04-17T19:14:30Z</time></rtept><rtept lat="44.588536" lon="-71.898795"><ele>497.40000000000146</ele><time>2026-04-17T19:14:30Z</time></rtept><rtept lat="44.588575" lon="-71.898814"><ele>496.8000000000011</ele><time>2026-04-17T19:14:30Z</time></rtept><rtept lat="44.588681" lon="-71.898684"><ele>497.2000000000007</ele><time>2026-04-17T19:14:30Z</time></rtept><rtept lat="44.588873" lon="-71.898514"><ele>496.2000000000007</ele><time>2026-04-17T19:14:30Z</time></rtept><rtept lat="44.589048" lon="-71.89827"><ele>496.0</ele><time>2026-04-17T19:14:30Z</time></rtept><rtept lat="44.58909" lon="-71.898122"><ele>496.40000000000146</ele><time>2026-04-17T19:14:30Z</time></rtept><rtept lat="44.589124" lon="-71.897894"><ele>496.40000000000146</ele><time>2026-04-17T19:14:30Z</time></rtept><rtept lat="44.589175" lon="-71.897691"><ele>498.0</ele><time>2026-04-17T19:14:30Z</time></rtept><rtept lat="44.589221" lon="-71.897561"><ele>497.2000000000007</ele><time>2026-04-17T19:14:30Z</time></rtept><rtept lat="44.589312" lon="-71.897421"><ele>495.8000000000011</ele><time>2026-04-17T19:14:30Z</time></rtept><rtept lat="44.589412" lon="-71.897309"><ele>495.40000000000146</ele><time>2026-04-17T19:14:30Z</time></rtept><rtept lat="44.589477" lon="-71.897199"><ele>495.0</ele><time>2026-04-17T19:14:30Z</time></rtept><rtept lat="44.589582" lon="-71.896964"><ele>494.0</ele><time>2026-04-17T19:14:30Z</time></rtept><rtept lat="44.58965" lon="-71.896842"><ele>495.40000000000146</ele><time>2026-04-17T19:14:30Z</time></rtept><rtept lat="44.58974" lon="-71.896705"><ele>494.0</ele><time>2026-04-17T19:14:30Z</time></rtept><rtept lat="44.589853" lon="-71.896411"><ele>496.40000000000146</ele><time>2026-04-17T19:14:30Z</time></rtept><rtept lat="44.589911" lon="-71.896107"><ele>497.2000000000007</ele><time>2026-04-17T19:14:30Z</time></rtept><rtept lat="44.589926" lon="-71.895992"><ele>496.60000000000036</ele><time>2026-04-17T19:14:30Z</time></rtept><rtept lat="44.589998" lon="-71.895732"><ele>497.40000000000146</ele><time>2026-04-17T19:14:30Z</time></rtept><rtept lat="44.590048" lon="-71.895515"><ele>496.60000000000036</ele><time>2026-04-17T19:14:30Z</time></rtept><rtept lat="44.590086" lon="-71.895398"><ele>496.60000000000036</ele><time>2026-04-17T19:14:30Z</time></rtept><rtept lat="44.590145" lon="-71.895124"><ele>496.0</ele><time>2026-04-17T19:14:30Z</time></rtept><rtept lat="44.59019" lon="-71.894782"><ele>493.8000000000011</ele><time>2026-04-17T19:14:30Z</time></rtept><rtept lat="44.590223" lon="-71.894417"><ele>493.2000000000007</ele><time>2026-04-17T19:14:30Z</time></rtept><rtept lat="44.590217" lon="-71.894091"><ele>495.40000000000146</ele><time>2026-04-17T19:14:30Z</time></rtept><rtept lat="44.590172" lon="-71.893766"><ele>495.2000000000007</ele><time>2026-04-17T19:14:30Z</time></rtept><rtept lat="44.590155" lon="-71.893704"><ele>496.8000000000011</ele><time>2026-04-17T19:14:30Z</time></rtept><rtept lat="44.590039" lon="-71.893381"><ele>499.40000000000146</ele><time>2026-04-17T19:14:30Z</time></rtept><rtept lat="44.590004" lon="-71.893251"><ele>499.40000000000146</ele><time>2026-04-17T19:14:30Z</time></rtept><rtept lat="44.589899" lon="-71.892939"><ele>500.2000000000007</ele><time>2026-04-17T19:14:30Z</time></rtept><rtept lat="44.589855" lon="-71.892849"><ele>501.0</ele><time>2026-04-17T19:14:30Z</time></rtept><rtept lat="44.589823" lon="-71.892406"><ele>499.2000000000007</ele><time>2026-04-17T19:14:30Z</time></rtept><rtept lat="44.589767" lon="-71.89218"><ele>499.2000000000007</ele><time>2026-04-17T19:14:30Z</time></rtept><rtept lat="44.589715" lon="-71.89203"><ele>499.60000000000036</ele><time>2026-04-17T19:14:30Z</time></rtept><rtept lat="44.589695" lon="-71.891957"><ele>499.60000000000036</ele><time>2026-04-17T19:14:30Z</time></rtept><rtept lat="44.589695" lon="-71.891957"><ele>499.60000000000036</ele><time>2026-04-17T19:14:30Z</time></rtept><rtept lat="44.589676" lon="-71.891885"><ele>499.40000000000146</ele><time>2026-04-17T19:14:30Z</time></rtept><rtept lat="44.589624" lon="-71.891656"><ele>499.2000000000007</ele><time>2026-04-17T19:14:30Z</time></rtept><rtept lat="44.589507" lon="-71.891386"><ele>499.2000000000007</ele><time>2026-04-17T19:14:30Z</time></rtept><rtept lat="44.589376" lon="-71.891149"><ele>500.2000000000007</ele><time>2026-04-17T19:14:30Z</time></rtept><rtept lat="44.589259" lon="-71.890847"><ele>500.8000000000011</ele><time>2026-04-17T19:14:30Z</time></rtept><rtept lat="44.589165" lon="-71.89067"><ele>502.2000000000007</ele><time>2026-04-17T19:14:30Z</time></rtept><rtept lat="44.589097" lon="-71.890485"><ele>502.0</ele><time>2026-04-17T19:14:30Z</time></rtept><rtept lat="44.58906" lon="-71.890334"><ele>503.0</ele><time>2026-04-17T19:14:30Z</time></rtept><rtept lat="44.589038" lon="-71.890144"><ele>501.40000000000146</ele><time>2026-04-17T19:14:30Z</time></rtept><rtept lat="44.58905" lon="-71.889942"><ele>501.40000000000146</ele><time>2026-04-17T19:14:30Z</time></rtept><rtept lat="44.589096" lon="-71.889783"><ele>500.0</ele><time>2026-04-17T19:14:30Z</time></rtept><rtept lat="44.589137" lon="-71.889685"><ele>499.0</ele><time>2026-04-17T19:14:30Z</time></rtept><rtept lat="44.589161" lon="-71.889595"><ele>499.0</ele><time>2026-04-17T19:14:30Z</time></rtept><rtept lat="44.589179" lon="-71.889229"><ele>497.40000000000146</ele><time>2026-04-17T19:14:30Z</time></rtept><rtept lat="44.589178" lon="-71.889081"><ele>496.40000000000146</ele><time>2026-04-17T19:14:30Z</time></rtept><rtept lat="44.589187" lon="-71.888995"><ele>495.0</ele><time>2026-04-17T19:14:30Z</time></rtept><rtept lat="44.589283" lon="-71.888626"><ele>493.8000000000011</ele><time>2026-04-17T19:14:30Z</time></rtept><rtept lat="44.589319" lon="-71.888318"><ele>489.60000000000036</ele><time>2026-04-17T19:14:30Z</time></rtept><rtept lat="44.589348" lon="-71.888229"><ele>490.2000000000007</ele><time>2026-04-17T19:14:30Z</time></rtept><rtept lat="44.589401" lon="-71.888155"><ele>490.0</ele><time>2026-04-17T19:14:30Z</time></rtept><rtept lat="44.589449" lon="-71.88812"><ele>489.40000000000146</ele><time>2026-04-17T19:14:30Z</time></rtept><rtept lat="44.589516" lon="-71.8881"><ele>488.60000000000036</ele><time>2026-04-17T19:14:30Z</time></rtept><rtept lat="44.589597" lon="-71.888096"><ele>487.60000000000036</ele><time>2026-04-17T19:14:30Z</time></rtept><rtept lat="44.589706" lon="-71.888098"><ele>485.8000000000011</ele><time>2026-04-17T19:14:30Z</time></rtept><rtept lat="44.589757" lon="-71.888116"><ele>484.8000000000011</ele><time>2026-04-17T19:14:30Z</time></rtept><rtept lat="44.589815" lon="-71.888016"><ele>483.8000000000011</ele><time>2026-04-17T19:14:30Z</time></rtept><rtept lat="44.589864" lon="-71.887877"><ele>482.40000000000146</ele><time>2026-04-17T19:14:30Z</time></rtept><rtept lat="44.589874" lon="-71.887728"><ele>481.60000000000036</ele><time>2026-04-17T19:14:30Z</time></rtept><rtept lat="44.58986" lon="-71.887585"><ele>481.2000000000007</ele><time>2026-04-17T19:14:30Z</time></rtept><rtept lat="44.589833" lon="-71.88751"><ele>480.40000000000146</ele><time>2026-04-17T19:14:30Z</time></rtept><rtept lat="44.589784" lon="-71.887436"><ele>478.0</ele><time>2026-04-17T19:14:30Z</time></rtept><rtept lat="44.589644" lon="-71.887309"><ele>473.8000000000011</ele><time>2026-04-17T19:14:30Z</time></rtept><rtept lat="44.58941" lon="-71.88717"><ele>473.2000000000007</ele><time>2026-04-17T19:14:30Z</time></rtept><rtept lat="44.589362" lon="-71.887105"><ele>472.8000000000011</ele><time>2026-04-17T19:14:30Z</time></rtept><rtept lat="44.589323" lon="-71.886994"><ele>472.2000000000007</ele><time>2026-04-17T19:14:30Z</time></rtept><rtept lat="44.589261" lon="-71.886601"><ele>478.8000000000011</ele><time>2026-04-17T19:14:30Z</time></rtept><rtept lat="44.589284" lon="-71.886277"><ele>483.40000000000146</ele><time>2026-04-17T19:14:30Z</time></rtept><rtept lat="44.589286" lon="-71.885855"><ele>486.8000000000011</ele><time>2026-04-17T19:14:30Z</time></rtept><rtept lat="44.589263" lon="-71.885637"><ele>485.2000000000007</ele><time>2026-04-17T19:14:30Z</time></rtept><rtept lat="44.589144" lon="-71.885118"><ele>485.40000000000146</ele><time>2026-04-17T19:14:30Z</time></rtept><rtept lat="44.589144" lon="-71.885118"><ele>485.40000000000146</ele><time>2026-04-17T19:14:30Z</time></rtept><rtept lat="44.589" lon="-71.884488"><ele>487.8000000000011</ele><time>2026-04-17T19:14:30Z</time></rtept><rtept lat="44.588978" lon="-71.884306"><ele>486.40000000000146</ele><time>2026-04-17T19:14:30Z</time></rtept><rtept lat="44.588931" lon="-71.88412"><ele>486.0</ele><time>2026-04-17T19:14:30Z</time></rtept><rtept lat="44.588796" lon="-71.883842"><ele>486.40000000000146</ele><time>2026-04-17T19:14:30Z</time></rtept><rtept lat="44.588756" lon="-71.883723"><ele>486.0</ele><time>2026-04-17T19:14:30Z</time></rtept><rtept lat="44.588741" lon="-71.883579"><ele>486.40000000000146</ele><time>2026-04-17T19:14:30Z</time></rtept><rtept lat="44.588725" lon="-71.883017"><ele>484.0</ele><time>2026-04-17T19:14:30Z</time></rtept><rtept lat="44.58866" lon="-71.882785"><ele>484.40000000000146</ele><time>2026-04-17T19:14:30Z</time></rtept><rtept lat="44.588559" lon="-71.882565"><ele>484.60000000000036</ele><time>2026-04-17T19:14:30Z</time></rtept><rtept lat="44.588486" lon="-71.882315"><ele>484.40000000000146</ele><time>2026-04-17T19:14:30Z</time></rtept><rtept lat="44.588455" lon="-71.882105"><ele>483.8000000000011</ele><time>2026-04-17T19:14:30Z</time></rtept><rtept lat="44.588408" lon="-71.881981"><ele>484.2000000000007</ele><time>2026-04-17T19:14:30Z</time></rtept><rtept lat="44.588211" lon="-71.881665"><ele>487.2000000000007</ele><time>2026-04-17T19:14:30Z</time></rtept><rtept lat="44.588177" lon="-71.881582"><ele>488.0</ele><time>2026-04-17T19:14:30Z</time></rtept><rtept lat="44.588099" lon="-71.881214"><ele>485.0</ele><time>2026-04-17T19:14:30Z</time></rtept><rtept lat="44.588018" lon="-71.880954"><ele>484.0</ele><time>2026-04-17T19:14:30Z</time></rtept><rtept lat="44.587759" lon="-71.880408"><ele>484.40000000000146</ele><time>2026-04-17T19:14:30Z</time></rtept><rtept lat="44.587739" lon="-71.880316"><ele>484.0</ele><time>2026-04-17T19:14:30Z</time></rtept><rtept lat="44.587738" lon="-71.880115"><ele>483.2000000000007</ele><time>2026-04-17T19:14:30Z</time></rtept><rtept lat="44.587873" lon="-71.879906"><ele>481.2000000000007</ele><time>2026-04-17T19:14:30Z</time></rtept><rtept lat="44.587966" lon="-71.879622"><ele>479.2000000000007</ele><time>2026-04-17T19:14:30Z</time></rtept><rtept lat="44.58803" lon="-71.879549"><ele>477.40000000000146</ele><time>2026-04-17T19:14:30Z</time></rtept><rtept lat="44.58812" lon="-71.879548"><ele>476.40000000000146</ele><time>2026-04-17T19:14:30Z</time></rtept><rtept lat="44.58825" lon="-71.879593"><ele>474.2000000000007</ele><time>2026-04-17T19:14:30Z</time></rtept><rtept lat="44.588526" lon="-71.879721"><ele>471.2000000000007</ele><time>2026-04-17T19:14:30Z</time></rtept><rtept lat="44.588708" lon="-71.879779"><ele>469.40000000000146</ele><time>2026-04-17T19:14:30Z</time></rtept><rtept lat="44.589199" lon="-71.88012"><ele>465.40000000000146</ele><time>2026-04-17T19:14:30Z</time></rtept><rtept lat="44.589514" lon="-71.880463"><ele>463.0</ele><time>2026-04-17T19:14:30Z</time></rtept><rtept lat="44.589737" lon="-71.880745"><ele>460.60000000000036</ele><time>2026-04-17T19:14:30Z</time></rtept><rtept lat="44.58986" lon="-71.880996"><ele>459.60000000000036</ele><time>2026-04-17T19:14:30Z</time></rtept><rtept lat="44.589935" lon="-71.881109"><ele>459.2000000000007</ele><time>2026-04-17T19:14:30Z</time></rtept><rtept lat="44.590042" lon="-71.88119"><ele>458.40000000000146</ele><time>2026-04-17T19:14:30Z</time></rtept><rtept lat="44.590183" lon="-71.881268"><ele>458.40000000000146</ele><time>2026-04-17T19:14:30Z</time></rtept><rtept lat="44.590311" lon="-71.881314"><ele>456.8000000000011</ele><time>2026-04-17T19:14:30Z</time></rtept><rtept lat="44.590512" lon="-71.881275"><ele>454.60000000000036</ele><time>2026-04-17T19:14:30Z</time></rtept><rtept lat="44.590618" lon="-71.881281"><ele>453.40000000000146</ele><time>2026-04-17T19:14:30Z</time></rtept><rtept lat="44.59071" lon="-71.881319"><ele>452.0</ele><time>2026-04-17T19:14:30Z</time></rtept><rtept lat="44.590894" lon="-71.88149"><ele>452.0</ele><time>2026-04-17T19:14:30Z</time></rtept><rtept lat="44.591015" lon="-71.881565"><ele>452.40000000000146</ele><time>2026-04-17T19:14:30Z</time></rtept><rtept lat="44.591061" lon="-71.881566"><ele>453.0</ele><time>2026-04-17T19:14:30Z</time></rtept><rtept lat="44.591061" lon="-71.881566"><ele>453.0</ele><time>2026-04-17T19:14:30Z</time></rtept><rtept lat="44.591084" lon="-71.881567"><ele>454.40000000000146</ele><time>2026-04-17T19:14:30Z</time></rtept><rtept lat="44.591237" lon="-71.881522"><ele>455.40000000000146</ele><time>2026-04-17T19:14:30Z</time></rtept><rtept lat="44.591305" lon="-71.88154"><ele>456.2000000000007</ele><time>2026-04-17T19:14:30Z</time></rtept><rtept lat="44.591541" lon="-71.88173"><ele>458.2000000000007</ele><time>2026-04-17T19:14:30Z</time></rtept><rtept lat="44.591633" lon="-71.881769"><ele>457.8000000000011</ele><time>2026-04-17T19:14:30Z</time></rtept><rtept lat="44.591915" lon="-71.881802"><ele>458.0</ele><time>2026-04-17T19:14:30Z</time></rtept><rtept lat="44.59198" lon="-71.881797"><ele>458.0</ele><time>2026-04-17T19:14:30Z</time></rtept><rtept lat="44.592025" lon="-71.881756"><ele>458.0</ele><time>2026-04-17T19:14:30Z</time></rtept><rtept lat="44.592058" lon="-71.881651"><ele>458.8000000000011</ele><time>2026-04-17T19:14:30Z</time></rtept><rtept lat="44.592057" lon="-71.881487"><ele>459.40000000000146</ele><time>2026-04-17T19:14:30Z</time></rtept><rtept lat="44.592028" lon="-71.881256"><ele>463.0</ele><time>2026-04-17T19:14:30Z</time></rtept><rtept lat="44.592045" lon="-71.881144"><ele>464.0</ele><time>2026-04-17T19:14:30Z</time></rtept><rtept lat="44.59203" lon="-71.880945"><ele>466.0</ele><time>2026-04-17T19:14:30Z</time></rtept><rtept lat="44.592046" lon="-71.880839"><ele>466.40000000000146</ele><time>2026-04-17T19:14:30Z</time></rtept><rtept lat="44.592098" lon="-71.880788"><ele>467.40000000000146</ele><time>2026-04-17T19:14:30Z</time></rtept><rtept lat="44.592151" lon="-71.880778"><ele>467.2000000000007</ele><time>2026-04-17T19:14:30Z</time></rtept><rtept lat="44.59237" lon="-71.88083"><ele>469.8000000000011</ele><time>2026-04-17T19:14:30Z</time></rtept><rtept lat="44.592573" lon="-71.880808"><ele>469.0</ele><time>2026-04-17T19:14:30Z</time></rtept><rtept lat="44.592776" lon="-71.880863"><ele>473.60000000000036</ele><time>2026-04-17T19:14:30Z</time></rtept><rtept lat="44.592845" lon="-71.880865"><ele>474.60000000000036</ele><time>2026-04-17T19:14:30Z</time></rtept><rtept lat="44.592896" lon="-71.88083"><ele>475.40000000000146</ele><time>2026-04-17T19:14:30Z</time></rtept><rtept lat="44.592908" lon="-71.880715"><ele>476.8000000000011</ele><time>2026-04-17T19:14:30Z</time></rtept><rtept lat="44.592834" lon="-71.880393"><ele>478.8000000000011</ele><time>2026-04-17T19:14:30Z</time></rtept><rtept lat="44.592847" lon="-71.880297"><ele>479.8000000000011</ele><time>2026-04-17T19:14:30Z</time></rtept><rtept lat="44.592894" lon="-71.880255"><ele>481.40000000000146</ele><time>2026-04-17T19:14:30Z</time></rtept><rtept lat="44.592951" lon="-71.880279"><ele>482.0</ele><time>2026-04-17T19:14:30Z</time></rtept><rtept lat="44.592978" lon="-71.880359"><ele>480.60000000000036</ele><time>2026-04-17T19:14:30Z</time></rtept><rtept lat="44.592992" lon="-71.880514"><ele>478.8000000000011</ele><time>2026-04-17T19:14:30Z</time></rtept><rtept lat="44.593027" lon="-71.880572"><ele>478.40000000000146</ele><time>2026-04-17T19:14:30Z</time></rtept><rtept lat="44.59312" lon="-71.880657"><ele>478.2000000000007</ele><time>2026-04-17T19:14:30Z</time></rtept><rtept lat="44.593157" lon="-71.880783"><ele>478.0</ele><time>2026-04-17T19:14:30Z</time></rtept><rtept lat="44.593148" lon="-71.880993"><ele>475.40000000000146</ele><time>2026-04-17T19:14:30Z</time></rtept><rtept lat="44.593168" lon="-71.881078"><ele>474.0</ele><time>2026-04-17T19:14:30Z</time></rtept><rtept lat="44.593216" lon="-71.881143"><ele>472.40000000000146</ele><time>2026-04-17T19:14:30Z</time></rtept><rtept lat="44.593313" lon="-71.881209"><ele>473.0</ele><time>2026-04-17T19:14:30Z</time></rtept><rtept lat="44.593508" lon="-71.881273"><ele>470.8000000000011</ele><time>2026-04-17T19:14:30Z</time></rtept><rtept lat="44.593602" lon="-71.881345"><ele>472.8000000000011</ele><time>2026-04-17T19:14:30Z</time></rtept><rtept lat="44.593664" lon="-71.881505"><ele>470.8000000000011</ele><time>2026-04-17T19:14:30Z</time></rtept><rtept lat="44.593722" lon="-71.881751"><ele>466.8000000000011</ele><time>2026-04-17T19:14:30Z</time></rtept><rtept lat="44.593912" lon="-71.88208"><ele>460.2000000000007</ele><time>2026-04-17T19:14:30Z</time></rtept><rtept lat="44.593979" lon="-71.882128"><ele>458.40000000000146</ele><time>2026-04-17T19:14:30Z</time></rtept><rtept lat="44.594032" lon="-71.882139"><ele>457.8000000000011</ele><time>2026-04-17T19:14:30Z</time></rtept><rtept lat="44.594247" lon="-71.882138"><ele>457.2000000000007</ele><time>2026-04-17T19:14:30Z</time></rtept><rtept lat="44.594343" lon="-71.882166"><ele>457.60000000000036</ele><time>2026-04-17T19:14:30Z</time></rtept><rtept lat="44.594386" lon="-71.882179"><ele>457.0</ele><time>2026-04-17T19:14:30Z</time></rtept><rtept lat="44.595272" lon="-71.882646"><ele>465.2000000000007</ele><time>2026-04-17T19:14:30Z</time></rtept><rtept lat="44.595337" lon="-71.88271"><ele>464.8000000000011</ele><time>2026-04-17T19:14:30Z</time></rtept><rtept lat="44.595354" lon="-71.88274"><ele>464.8000000000011</ele><time>2026-04-17T19:14:30Z</time></rtept><rtept lat="44.595354" lon="-71.88274"><ele>464.8000000000011</ele><time>2026-04-17T19:14:30Z</time></rtept><rtept lat="44.595391" lon="-71.882808"><ele>463.8000000000011</ele><time>2026-04-17T19:14:30Z</time></rtept><rtept lat="44.595484" lon="-71.88312"><ele>458.60000000000036</ele><time>2026-04-17T19:14:30Z</time></rtept><rtept lat="44.595521" lon="-71.883086"><ele>460.0</ele><time>2026-04-17T19:14:30Z</time></rtept><rtept lat="44.595556" lon="-71.883077"><ele>460.2000000000007</ele><time>2026-04-17T19:14:30Z</time></rtept><rtept lat="44.595596" lon="-71.883043"><ele>460.2000000000007</ele><time>2026-04-17T19:14:30Z</time></rtept><rtept lat="44.595638" lon="-71.883031"><ele>460.2000000000007</ele><time>2026-04-17T19:14:30Z</time></rtept><rtept lat="44.595736" lon="-71.882957"><ele>461.2000000000007</ele><time>2026-04-17T19:14:30Z</time></rtept><rtept lat="44.595783" lon="-71.882946"><ele>461.2000000000007</ele><time>2026-04-17T19:14:30Z</time></rtept><rtept lat="44.595832" lon="-71.882912"><ele>461.8000000000011</ele><time>2026-04-17T19:14:30Z</time></rtept><rtept lat="44.595879" lon="-71.882906"><ele>462.2000000000007</ele><time>2026-04-17T19:14:30Z</time></rtept><rtept lat="44.595983" lon="-71.882904"><ele>463.2000000000007</ele><time>2026-04-17T19:14:30Z</time></rtept><rtept lat="44.596045" lon="-71.882915"><ele>463.8000000000011</ele><time>2026-04-17T19:14:30Z</time></rtept><rtept lat="44.596067" lon="-71.882944"><ele>463.8000000000011</ele><time>2026-04-17T19:14:30Z</time></rtept><rtept lat="44.5961" lon="-71.882957"><ele>465.0</ele><time>2026-04-17T19:14:30Z</time></rtept><rtept lat="44.596121" lon="-71.882987"><ele>465.0</ele><time>2026-04-17T19:14:30Z</time></rtept><rtept lat="44.596145" lon="-71.882999"><ele>465.0</ele><time>2026-04-17T19:14:30Z</time></rtept><rtept lat="44.596174" lon="-71.883036"><ele>466.0</ele><time>2026-04-17T19:14:30Z</time></rtept><rtept lat="44.596363" lon="-71.883337"><ele>466.60000000000036</ele><time>2026-04-17T19:14:30Z</time></rtept><rtept lat="44.596434" lon="-71.883478"><ele>464.60000000000036</ele><time>2026-04-17T19:14:30Z</time></rtept><rtept lat="44.59675" lon="-71.884103"><ele>461.0</ele><time>2026-04-17T19:14:30Z</time></rtept><rtept lat="44.59717" lon="-71.884837"><ele>456.40000000000146</ele><time>2026-04-17T19:14:30Z</time></rtept><rtept lat="44.597296" lon="-71.885105"><ele>456.8000000000011</ele><time>2026-04-17T19:14:30Z</time></rtept><rtept lat="44.597356" lon="-71.885265"><ele>456.2000000000007</ele><time>2026-04-17T19:14:30Z</time></rtept><rtept lat="44.597424" lon="-71.885477"><ele>455.0</ele><time>2026-04-17T19:14:30Z</time></rtept><rtept lat="44.597598" lon="-71.886166"><ele>452.40000000000146</ele><time>2026-04-17T19:14:30Z</time></rtept><rtept lat="44.597653" lon="-71.886383"><ele>451.60000000000036</ele><time>2026-04-17T19:14:30Z</time></rtept><rtept lat="44.59778" lon="-71.886769"><ele>447.60000000000036</ele><time>2026-04-17T19:14:30Z</time></rtept><rtept lat="44.597893" lon="-71.887155"><ele>441.60000000000036</ele><time>2026-04-17T19:14:30Z</time></rtept><rtept lat="44.597912" lon="-71.887245"><ele>441.2000000000007</ele><time>2026-04-17T19:14:30Z</time></rtept><rtept lat="44.597937" lon="-71.887436"><ele>440.40000000000146</ele><time>2026-04-17T19:14:30Z</time></rtept><rtept lat="44.597953" lon="-71.887719"><ele>440.40000000000146</ele><time>2026-04-17T19:14:30Z</time></rtept><rtept lat="44.597932" lon="-71.888108"><ele>439.0</ele><time>2026-04-17T19:14:30Z</time></rtept><rtept lat="44.597935" lon="-71.88838"><ele>437.60000000000036</ele><time>2026-04-17T19:14:30Z</time></rtept><rtept lat="44.597944" lon="-71.888469"><ele>437.40000000000146</ele><time>2026-04-17T19:14:30Z</time></rtept><rtept lat="44.597964" lon="-71.888594"><ele>437.40000000000146</ele><time>2026-04-17T19:14:30Z</time></rtept><rtept lat="44.598004" lon="-71.888747"><ele>437.40000000000146</ele><time>2026-04-17T19:14:30Z</time></rtept><rtept lat="44.598088" lon="-71.888928"><ele>438.2000000000007</ele><time>2026-04-17T19:14:30Z</time></rtept><rtept lat="44.598205" lon="-71.889091"><ele>437.8000000000011</ele><time>2026-04-17T19:14:30Z</time></rtept><rtept lat="44.598389" lon="-71.88922"><ele>436.8000000000011</ele><time>2026-04-17T19:14:30Z</time></rtept><rtept lat="44.598435" lon="-71.889229"><ele>437.2000000000007</ele><time>2026-04-17T19:14:30Z</time></rtept><rtept lat="44.598466" lon="-71.889257"><ele>437.2000000000007</ele><time>2026-04-17T19:14:30Z</time></rtept><rtept lat="44.598769" lon="-71.889273"><ele>441.2000000000007</ele><time>2026-04-17T19:14:30Z</time></rtept><rtept lat="44.598844" lon="-71.889304"><ele>442.60000000000036</ele><time>2026-04-17T19:14:30Z</time></rtept><rtept lat="44.598984" lon="-71.889314"><ele>444.0</ele><time>2026-04-17T19:14:30Z</time></rtept><rtept lat="44.599243" lon="-71.889439"><ele>442.0</ele><time>2026-04-17T19:14:30Z</time></rtept><rtept lat="44.599333" lon="-71.889519"><ele>439.2000000000007</ele><time>2026-04-17T19:14:30Z</time></rtept><rtept lat="44.599422" lon="-71.889582"><ele>437.8000000000011</ele><time>2026-04-17T19:14:30Z</time></rtept><rtept lat="44.599514" lon="-71.889697"><ele>436.40000000000146</ele><time>2026-04-17T19:14:30Z</time></rtept><rtept lat="44.599662" lon="-71.889911"><ele>439.2000000000007</ele><time>2026-04-17T19:14:30Z</time></rtept><rtept lat="44.599978" lon="-71.890422"><ele>443.60000000000036</ele><time>2026-04-17T19:14:30Z</time></rtept><rtept lat="44.600016" lon="-71.890467"><ele>443.2000000000007</ele><time>2026-04-17T19:14:30Z</time></rtept><rtept lat="44.600035" lon="-71.89047"><ele>443.2000000000007</ele><time>2026-04-17T19:14:30Z</time></rtept><rtept lat="44.600028" lon="-71.890493"><ele>443.2000000000007</ele><time>2026-04-17T19:14:30Z</time></rtept><rtept lat="44.600184" lon="-71.890326"><ele>442.60000000000036</ele><time>2026-04-17T19:14:30Z</time></rtept><rtept lat="44.600398" lon="-71.890228"><ele>445.40000000000146</ele><time>2026-04-17T19:14:30Z</time></rtept><rtept lat="44.600628" lon="-71.890612"><ele>443.40000000000146</ele><time>2026-04-17T19:14:30Z</time></rtept><rtept lat="44.600928" lon="-71.891341"><ele>450.2000000000007</ele><time>2026-04-17T19:14:30Z</time></rtept><rtept lat="44.601195" lon="-71.891499"><ele>449.8000000000011</ele><time>2026-04-17T19:14:30Z</time></rtept><rtept lat="44.601511" lon="-71.892033"><ele>453.8000000000011</ele><time>2026-04-17T19:14:30Z</time></rtept><rtept lat="44.601608" lon="-71.892401"><ele>456.40000000000146</ele><time>2026-04-17T19:14:30Z</time></rtept><rtept lat="44.601763" lon="-71.892469"><ele>458.2000000000007</ele><time>2026-04-17T19:14:30Z</time></rtept><rtept lat="44.601913" lon="-71.892273"><ele>457.2000000000007</ele><time>2026-04-17T19:14:30Z</time></rtept><rtept lat="44.601993" lon="-71.892035"><ele>458.40000000000146</ele><time>2026-04-17T19:14:30Z</time></rtept><rtept lat="44.602232" lon="-71.891717"><ele>460.40000000000146</ele><time>2026-04-17T19:14:30Z</time></rtept><rtept lat="44.602444" lon="-71.891489"><ele>462.0</ele><time>2026-04-17T19:14:30Z</time></rtept><rtept lat="44.602444" lon="-71.891489"><ele>462.0</ele><time>2026-04-17T19:14:30Z</time></rtept><rtept lat="44.602836" lon="-71.891067"><ele>466.8000000000011</ele><time>2026-04-17T19:14:30Z</time></rtept><rtept lat="44.603254" lon="-71.890694"><ele>469.0</ele><time>2026-04-17T19:14:30Z</time></rtept><rtept lat="44.603556" lon="-71.890698"><ele>465.8000000000011</ele><time>2026-04-17T19:14:30Z</time></rtept><rtept lat="44.60369" lon="-71.890834"><ele>466.60000000000036</ele><time>2026-04-17T19:14:30Z</time></rtept><rtept lat="44.604327" lon="-71.891209"><ele>472.2000000000007</ele><time>2026-04-17T19:14:30Z</time></rtept><rtept lat="44.604578" lon="-71.89151"><ele>471.0</ele><time>2026-04-17T19:14:30Z</time></rtept><rtept lat="44.604755" lon="-71.891818"><ele>472.2000000000007</ele><time>2026-04-17T19:14:30Z</time></rtept><rtept lat="44.605044" lon="-71.892209"><ele>477.2000000000007</ele><time>2026-04-17T19:14:30Z</time></rtept><rtept lat="44.605293" lon="-71.892698"><ele>482.40000000000146</ele><time>2026-04-17T19:14:30Z</time></rtept><rtept lat="44.605352" lon="-71.892856"><ele>482.0</ele><time>2026-04-17T19:14:30Z</time></rtept><rtept lat="44.605408" lon="-71.893239"><ele>478.40000000000146</ele><time>2026-04-17T19:14:30Z</time></rtept><rtept lat="44.605654" lon="-71.893649"><ele>480.40000000000146</ele><time>2026-04-17T19:14:30Z</time></rtept><rtept lat="44.605925" lon="-71.894221"><ele>481.0</ele><time>2026-04-17T19:14:30Z</time></rtept><rtept lat="44.606114" lon="-71.894594"><ele>481.40000000000146</ele><time>2026-04-17T19:14:30Z</time></rtept><rtept lat="44.606334" lon="-71.894536"><ele>480.0</ele><time>2026-04-17T19:14:30Z</time></rtept><rtept lat="44.606378" lon="-71.89451"><ele>479.60000000000036</ele><time>2026-04-17T19:14:30Z</time></rtept><rtept lat="44.606421" lon="-71.894505"><ele>479.8000000000011</ele><time>2026-04-17T19:14:30Z</time></rtept><rtept lat="44.606464" lon="-71.894518"><ele>479.8000000000011</ele><time>2026-04-17T19:14:30Z</time></rtept><rtept lat="44.606503" lon="-71.894538"><ele>480.60000000000036</ele><time>2026-04-17T19:14:30Z</time></rtept><rtept lat="44.606522" lon="-71.894556"><ele>480.60000000000036</ele><time>2026-04-17T19:14:30Z</time></rtept><rtept lat="44.606655" lon="-71.894453"><ele>480.0</ele><time>2026-04-17T19:14:30Z</time></rtept><rtept lat="44.606765" lon="-71.894331"><ele>479.8000000000011</ele><time>2026-04-17T19:14:30Z</time></rtept><rtept lat="44.606968" lon="-71.89412"><ele>479.60000000000036</ele><time>2026-04-17T19:14:30Z</time></rtept><rtept lat="44.607082" lon="-71.894011"><ele>479.8000000000011</ele><time>2026-04-17T19:14:30Z</time></rtept><rtept lat="44.607082" lon="-71.894011"><ele>479.8000000000011</ele><time>2026-04-17T19:14:30Z</time></rtept><rtept lat="44.607179" lon="-71.893918"><ele>480.0</ele><time>2026-04-17T19:14:30Z</time></rtept><rtept lat="44.607392" lon="-71.893715"><ele>479.60000000000036</ele><time>2026-04-17T19:14:30Z</time></rtept><rtept lat="44.607499" lon="-71.893614"><ele>481.8000000000011</ele><time>2026-04-17T19:14:30Z</time></rtept><rtept lat="44.60764" lon="-71.893507"><ele>483.60000000000036</ele><time>2026-04-17T19:14:30Z</time></rtept><rtept lat="44.607766" lon="-71.893419"><ele>486.2000000000007</ele><time>2026-04-17T19:14:30Z</time></rtept><rtept lat="44.607906" lon="-71.893312"><ele>485.0</ele><time>2026-04-17T19:14:30Z</time></rtept><rtept lat="44.607989" lon="-71.893187"><ele>483.60000000000036</ele><time>2026-04-17T19:14:30Z</time></rtept><rtept lat="44.608095" lon="-71.893158"><ele>484.0</ele><time>2026-04-17T19:14:30Z</time></rtept><rtept lat="44.608232" lon="-71.893201"><ele>483.60000000000036</ele><time>2026-04-17T19:14:30Z</time></rtept><rtept lat="44.60848" lon="-71.893228"><ele>480.2000000000007</ele><time>2026-04-17T19:14:30Z</time></rtept><rtept lat="44.608614" lon="-71.893238"><ele>478.60000000000036</ele><time>2026-04-17T19:14:30Z</time></rtept><rtept lat="44.608721" lon="-71.893265"><ele>479.40000000000146</ele><time>2026-04-17T19:14:30Z</time></rtept><rtept lat="44.608769" lon="-71.893265"><ele>479.0</ele><time>2026-04-17T19:14:30Z</time></rtept><rtept lat="44.608913" lon="-71.893217"><ele>476.8000000000011</ele><time>2026-04-17T19:14:30Z</time></rtept><rtept lat="44.609062" lon="-71.893166"><ele>477.60000000000036</ele><time>2026-04-17T19:14:30Z</time></rtept><rtept lat="44.609274" lon="-71.893178"><ele>479.2000000000007</ele><time>2026-04-17T19:14:30Z</time></rtept><rtept lat="44.609568" lon="-71.893287"><ele>477.0</ele><time>2026-04-17T19:14:30Z</time></rtept><rtept lat="44.609745" lon="-71.893349"><ele>475.2000000000007</ele><time>2026-04-17T19:14:30Z</time></rtept><rtept lat="44.609852" lon="-71.893439"><ele>474.0</ele><time>2026-04-17T19:14:30Z</time></rtept><rtept lat="44.609934" lon="-71.893548"><ele>473.60000000000036</ele><time>2026-04-17T19:14:30Z</time></rtept><rtept lat="44.609971" lon="-71.893573"><ele>472.40000000000146</ele><time>2026-04-17T19:14:30Z</time></rtept><rtept lat="44.610085" lon="-71.893614"><ele>470.40000000000146</ele><time>2026-04-17T19:14:30Z</time></rtept><rtept lat="44.610117" lon="-71.893663"><ele>470.40000000000146</ele><time>2026-04-17T19:14:30Z</time></rtept><rtept lat="44.610193" lon="-71.893713"><ele>469.8000000000011</ele><time>2026-04-17T19:14:30Z</time></rtept><rtept lat="44.610275" lon="-71.893789"><ele>467.40000000000146</ele><time>2026-04-17T19:14:30Z</time></rtept><rtept lat="44.61035" lon="-71.893904"><ele>466.40000000000146</ele><time>2026-04-17T19:14:30Z</time></rtept><rtept lat="44.610373" lon="-71.893945"><ele>466.60000000000036</ele><time>2026-04-17T19:14:30Z</time></rtept><rtept lat="44.61042" lon="-71.893982"><ele>465.0</ele><time>2026-04-17T19:14:30Z</time></rtept><rtept lat="44.610454" lon="-71.893986"><ele>463.8000000000011</ele><time>2026-04-17T19:14:30Z</time></rtept><rtept lat="44.610481" lon="-71.893941"><ele>463.8000000000011</ele><time>2026-04-17T19:14:30Z</time></rtept><rtept lat="44.610487" lon="-71.89389"><ele>463.40000000000146</ele><time>2026-04-17T19:14:30Z</time></rtept><rtept lat="44.610484" lon="-71.893811"><ele>462.60000000000036</ele><time>2026-04-17T19:14:30Z</time></rtept><rtept lat="44.610506" lon="-71.893766"><ele>462.60000000000036</ele><time>2026-04-17T19:14:30Z</time></rtept><rtept lat="44.610533" lon="-71.893777"><ele>461.2000000000007</ele><time>2026-04-17T19:14:30Z</time></rtept><rtept lat="44.610538" lon="-71.893828"><ele>461.2000000000007</ele><time>2026-04-17T19:14:30Z</time></rtept><rtept lat="44.610527" lon="-71.893908"><ele>462.0</ele><time>2026-04-17T19:14:30Z</time></rtept><rtept lat="44.610515" lon="-71.893976"><ele>462.60000000000036</ele><time>2026-04-17T19:14:30Z</time></rtept><rtept lat="44.610524" lon="-71.89404"><ele>462.8000000000011</ele><time>2026-04-17T19:14:30Z</time></rtept><rtept lat="44.610569" lon="-71.894134"><ele>462.60000000000036</ele><time>2026-04-17T19:14:30Z</time></rtept><rtept lat="44.610641" lon="-71.894212"><ele>459.60000000000036</ele><time>2026-04-17T19:14:30Z</time></rtept><rtept lat="44.610698" lon="-71.894327"><ele>458.2000000000007</ele><time>2026-04-17T19:14:30Z</time></rtept><rtept lat="44.61072" lon="-71.894445"><ele>458.2000000000007</ele><time>2026-04-17T19:14:30Z</time></rtept><rtept lat="44.610771" lon="-71.89456"><ele>458.2000000000007</ele><time>2026-04-17T19:14:30Z</time></rtept><rtept lat="44.61078" lon="-71.894677"><ele>458.40000000000146</ele><time>2026-04-17T19:14:30Z</time></rtept><rtept lat="44.610796" lon="-71.894749"><ele>458.8000000000011</ele><time>2026-04-17T19:14:30Z</time></rtept><rtept lat="44.610787" lon="-71.894821"><ele>458.8000000000011</ele><time>2026-04-17T19:14:30Z</time></rtept><rtept lat="44.610773" lon="-71.894979"><ele>458.8000000000011</ele><time>2026-04-17T19:14:30Z</time></rtept><rtept lat="44.610817" lon="-71.895078"><ele>458.40000000000146</ele><time>2026-04-17T19:14:30Z</time></rtept><rtept lat="44.610815" lon="-71.895123"><ele>458.40000000000146</ele><time>2026-04-17T19:14:30Z</time></rtept><rtept lat="44.610854" lon="-71.895145"><ele>456.60000000000036</ele><time>2026-04-17T19:14:30Z</time></rtept><rtept lat="44.610885" lon="-71.895121"><ele>455.60000000000036</ele><time>2026-04-17T19:14:30Z</time></rtept><rtept lat="44.610932" lon="-71.895104"><ele>455.60000000000036</ele><time>2026-04-17T19:14:30Z</time></rtept><rtept lat="44.610967" lon="-71.895055"><ele>454.0</ele><time>2026-04-17T19:14:30Z</time></rtept><rtept lat="44.610976" lon="-71.894993"><ele>454.60000000000036</ele><time>2026-04-17T19:14:30Z</time></rtept><rtept lat="44.610961" lon="-71.894958"><ele>455.0</ele><time>2026-04-17T19:14:30Z</time></rtept><rtept lat="44.610976" lon="-71.894942"><ele>455.0</ele><time>2026-04-17T19:14:30Z</time></rtept><rtept lat="44.611005" lon="-71.894987"><ele>453.2000000000007</ele><time>2026-04-17T19:14:30Z</time></rtept><rtept lat="44.611024" lon="-71.895043"><ele>453.2000000000007</ele><time>2026-04-17T19:14:30Z</time></rtept><rtept lat="44.611078" lon="-71.895113"><ele>451.0</ele><time>2026-04-17T19:14:30Z</time></rtept><rtept lat="44.611134" lon="-71.895133"><ele>448.40000000000146</ele><time>2026-04-17T19:14:30Z</time></rtept><rtept lat="44.611169" lon="-71.895096"><ele>449.2000000000007</ele><time>2026-04-17T19:14:30Z</time></rtept><rtept lat="44.611217" lon="-71.895006"><ele>449.0</ele><time>2026-04-17T19:14:30Z</time></rtept><rtept lat="44.611229" lon="-71.894907"><ele>450.0</ele><time>2026-04-17T19:14:30Z</time></rtept><rtept lat="44.611235" lon="-71.894738"><ele>451.0</ele><time>2026-04-17T19:14:30Z</time></rtept><rtept lat="44.61125" lon="-71.894681"><ele>450.2000000000007</ele><time>2026-04-17T19:14:30Z</time></rtept><rtept lat="44.611323" lon="-71.894572"><ele>449.2000000000007</ele><time>2026-04-17T19:14:30Z</time></rtept><rtept lat="44.611349" lon="-71.894471"><ele>448.2000000000007</ele><time>2026-04-17T19:14:30Z</time></rtept><rtept lat="44.611334" lon="-71.894373"><ele>447.40000000000146</ele><time>2026-04-17T19:14:30Z</time></rtept><rtept lat="44.611365" lon="-71.894331"><ele>446.8000000000011</ele><time>2026-04-17T19:14:30Z</time></rtept><rtept lat="44.611406" lon="-71.894245"><ele>445.60000000000036</ele><time>2026-04-17T19:14:30Z</time></rtept><rtept lat="44.611414" lon="-71.89419"><ele>445.60000000000036</ele><time>2026-04-17T19:14:30Z</time></rtept><rtept lat="44.611392" lon="-71.894169"><ele>445.60000000000036</ele><time>2026-04-17T19:14:30Z</time></rtept><rtept lat="44.611348" lon="-71.894138"><ele>446.40000000000146</ele><time>2026-04-17T19:14:30Z</time></rtept><rtept lat="44.611329" lon="-71.894091"><ele>446.40000000000146</ele><time>2026-04-17T19:14:30Z</time></rtept><rtept lat="44.611346" lon="-71.894062"><ele>446.40000000000146</ele><time>2026-04-17T19:14:30Z</time></rtept><rtept lat="44.611394" lon="-71.894083"><ele>445.8000000000011</ele><time>2026-04-17T19:14:30Z</time></rtept><rtept lat="44.611425" lon="-71.894153"><ele>445.60000000000036</ele><time>2026-04-17T19:14:30Z</time></rtept><rtept lat="44.611457" lon="-71.894192"><ele>444.60000000000036</ele><time>2026-04-17T19:14:30Z</time></rtept><rtept lat="44.611465" lon="-71.894169"><ele>444.8000000000011</ele><time>2026-04-17T19:14:30Z</time></rtept><rtept lat="44.611444" lon="-71.894116"><ele>444.8000000000011</ele><time>2026-04-17T19:14:30Z</time></rtept><rtept lat="44.611459" lon="-71.894097"><ele>444.8000000000011</ele><time>2026-04-17T19:14:30Z</time></rtept><rtept lat="44.611491" lon="-71.894128"><ele>443.8000000000011</ele><time>2026-04-17T19:14:30Z</time></rtept><rtept lat="44.611538" lon="-71.894233"><ele>443.60000000000036</ele><time>2026-04-17T19:14:30Z</time></rtept><rtept lat="44.611585" lon="-71.894354"><ele>443.0</ele><time>2026-04-17T19:14:30Z</time></rtept><rtept lat="44.611646" lon="-71.89449"><ele>443.60000000000036</ele><time>2026-04-17T19:14:30Z</time></rtept><rtept lat="44.611688" lon="-71.894613"><ele>443.2000000000007</ele><time>2026-04-17T19:14:30Z</time></rtept><rtept lat="44.611687" lon="-71.894761"><ele>443.0</ele><time>2026-04-17T19:14:30Z</time></rtept><rtept lat="44.61169" lon="-71.89488"><ele>440.8000000000011</ele><time>2026-04-17T19:14:30Z</time></rtept><rtept lat="44.611732" lon="-71.894956"><ele>440.8000000000011</ele><time>2026-04-17T19:14:30Z</time></rtept><rtept lat="44.611757" lon="-71.894846"><ele>441.0</ele><time>2026-04-17T19:14:30Z</time></rtept><rtept lat="44.611776" lon="-71.894725"><ele>442.0</ele><time>2026-04-17T19:14:30Z</time></rtept><rtept lat="44.61178" lon="-71.894633"><ele>442.60000000000036</ele><time>2026-04-17T19:14:30Z</time></rtept><rtept lat="44.611786" lon="-71.894554"><ele>442.60000000000036</ele><time>2026-04-17T19:14:30Z</time></rtept><rtept lat="44.611761" lon="-71.894469"><ele>442.40000000000146</ele><time>2026-04-17T19:14:30Z</time></rtept><rtept lat="44.611623" lon="-71.894119"><ele>442.0</ele><time>2026-04-17T19:14:30Z</time></rtept><rtept lat="44.611452" lon="-71.89374"><ele>443.0</ele><time>2026-04-17T19:14:30Z</time></rtept><rtept lat="44.611353" lon="-71.89359"><ele>444.2000000000007</ele><time>2026-04-17T19:14:30Z</time></rtept><rtept lat="44.611274" lon="-71.893272"><ele>443.0</ele><time>2026-04-17T19:14:30Z</time></rtept><rtept lat="44.611238" lon="-71.893099"><ele>443.0</ele><time>2026-04-17T19:14:30Z</time></rtept><rtept lat="44.611158" lon="-71.892876"><ele>443.40000000000146</ele><time>2026-04-17T19:14:30Z</time></rtept><rtept lat="44.611028" lon="-71.892547"><ele>443.2000000000007</ele><time>2026-04-17T19:14:30Z</time></rtept><rtept lat="44.610936" lon="-71.892229"><ele>445.2000000000007</ele><time>2026-04-17T19:14:30Z</time></rtept><rtept lat="44.610837" lon="-71.891956"><ele>446.2000000000007</ele><time>2026-04-17T19:14:30Z</time></rtept><rtept lat="44.610722" lon="-71.891844"><ele>444.2000000000007</ele><time>2026-04-17T19:14:30Z</time></rtept><rtept lat="44.610694" lon="-71.891755"><ele>443.40000000000146</ele><time>2026-04-17T19:14:30Z</time></rtept><rtept lat="44.61075" lon="-71.891649"><ele>443.40000000000146</ele><time>2026-04-17T19:14:30Z</time></rtept><rtept lat="44.610893" lon="-71.891649"><ele>445.8000000000011</ele><time>2026-04-17T19:14:30Z</time></rtept><rtept lat="44.611047" lon="-71.891666"><ele>445.2000000000007</ele><time>2026-04-17T19:14:30Z</time></rtept><rtept lat="44.611079" lon="-71.891727"><ele>444.40000000000146</ele><time>2026-04-17T19:14:30Z</time></rtept><rtept lat="44.611127" lon="-71.891883"><ele>443.40000000000146</ele><time>2026-04-17T19:14:30Z</time></rtept><rtept lat="44.611206" lon="-71.892112"><ele>441.8000000000011</ele><time>2026-04-17T19:14:30Z</time></rtept><rtept lat="44.611293" lon="-71.892089"><ele>440.8000000000011</ele><time>2026-04-17T19:14:30Z</time></rtept><rtept lat="44.611361" lon="-71.892006"><ele>439.8000000000011</ele><time>2026-04-17T19:14:30Z</time></rtept><rtept lat="44.611393" lon="-71.891816"><ele>438.2000000000007</ele><time>2026-04-17T19:14:30Z</time></rtept><rtept lat="44.611301" lon="-71.891638"><ele>440.40000000000146</ele><time>2026-04-17T19:14:30Z</time></rtept><rtept lat="44.611242" lon="-71.891454"><ele>441.40000000000146</ele><time>2026-04-17T19:14:30Z</time></rtept><rtept lat="44.611286" lon="-71.891381"><ele>439.40000000000146</ele><time>2026-04-17T19:14:30Z</time></rtept><rtept lat="44.611373" lon="-71.891448"><ele>437.0</ele><time>2026-04-17T19:14:30Z</time></rtept><rtept lat="44.61148" lon="-71.891582"><ele>435.60000000000036</ele><time>2026-04-17T19:14:30Z</time></rtept><rtept lat="44.611563" lon="-71.891666"><ele>432.60000000000036</ele><time>2026-04-17T19:14:30Z</time></rtept><rtept lat="44.611619" lon="-71.891816"><ele>432.2000000000007</ele><time>2026-04-17T19:14:30Z</time></rtept><rtept lat="44.611671" lon="-71.891872"><ele>433.0</ele><time>2026-04-17T19:14:30Z</time></rtept><rtept lat="44.611726" lon="-71.89176"><ele>430.0</ele><time>2026-04-17T19:14:30Z</time></rtept><rtept lat="44.611714" lon="-71.891632"><ele>429.60000000000036</ele><time>2026-04-17T19:14:30Z</time></rtept><rtept lat="44.611675" lon="-71.891509"><ele>429.40000000000146</ele><time>2026-04-17T19:14:30Z</time></rtept><rtept lat="44.611667" lon="-71.891426"><ele>430.60000000000036</ele><time>2026-04-17T19:14:30Z</time></rtept><rtept lat="44.611683" lon="-71.891353"><ele>429.0</ele><time>2026-04-17T19:14:30Z</time></rtept><rtept lat="44.611746" lon="-71.891286"><ele>427.60000000000036</ele><time>2026-04-17T19:14:30Z</time></rtept><rtept lat="44.611806" lon="-71.891309"><ele>426.0</ele><time>2026-04-17T19:14:30Z</time></rtept><rtept lat="44.611806" lon="-71.89137"><ele>426.2000000000007</ele><time>2026-04-17T19:14:30Z</time></rtept><rtept lat="44.611794" lon="-71.891476"><ele>427.8000000000011</ele><time>2026-04-17T19:14:30Z</time></rtept><rtept lat="44.61181" lon="-71.891571"><ele>426.2000000000007</ele><time>2026-04-17T19:14:30Z</time></rtept><rtept lat="44.611873" lon="-71.891649"><ele>425.40000000000146</ele><time>2026-04-17T19:14:30Z</time></rtept><rtept lat="44.611944" lon="-71.89138"><ele>423.2000000000007</ele><time>2026-04-17T19:14:30Z</time></rtept><rtept lat="44.611742" lon="-71.890969"><ele>424.8000000000011</ele><time>2026-04-17T19:14:30Z</time></rtept><rtept lat="44.611679" lon="-71.890969"><ele>425.60000000000036</ele><time>2026-04-17T19:14:30Z</time></rtept><rtept lat="44.611623" lon="-71.891002"><ele>426.60000000000036</ele><time>2026-04-17T19:14:30Z</time></rtept><rtept lat="44.611405" lon="-71.890628"><ele>426.8000000000011</ele><time>2026-04-17T19:14:30Z</time></rtept><rtept lat="44.611313" lon="-71.890489"><ele>426.0</ele><time>2026-04-17T19:14:30Z</time></rtept><rtept lat="44.611301" lon="-71.890216"><ele>426.2000000000007</ele><time>2026-04-17T19:14:30Z</time></rtept><rtept lat="44.611147" lon="-71.889809"><ele>429.2000000000007</ele><time>2026-04-17T19:14:30Z</time></rtept><rtept lat="44.610976" lon="-71.889563"><ele>431.40000000000146</ele><time>2026-04-17T19:14:30Z</time></rtept><rtept lat="44.610881" lon="-71.889312"><ele>431.2000000000007</ele><time>2026-04-17T19:14:30Z</time></rtept><rtept lat="44.610829" lon="-71.889139"><ele>431.40000000000146</ele><time>2026-04-17T19:14:30Z</time></rtept><rtept lat="44.61073" lon="-71.88876"><ele>430.8000000000011</ele><time>2026-04-17T19:14:30Z</time></rtept><rtept lat="44.610694" lon="-71.888621"><ele>431.8000000000011</ele><time>2026-04-17T19:14:30Z</time></rtept><rtept lat="44.61065" lon="-71.887979"><ele>427.2000000000007</ele><time>2026-04-17T19:14:30Z</time></rtept><rtept lat="44.610628" lon="-71.887895"><ele>427.40000000000146</ele><time>2026-04-17T19:14:30Z</time></rtept><rtept lat="44.610628" lon="-71.887895"><ele>427.40000000000146</ele><time>2026-04-17T19:14:30Z</time></rtept><rtept lat="44.610539" lon="-71.887561"><ele>426.8000000000011</ele><time>2026-04-17T19:14:30Z</time></rtept><rtept lat="44.610396" lon="-71.887143"><ele>428.2000000000007</ele><time>2026-04-17T19:14:30Z</time></rtept><rtept lat="44.61019" lon="-71.886881"><ele>430.0</ele><time>2026-04-17T19:14:30Z</time></rtept><rtept lat="44.609837" lon="-71.88629"><ele>430.40000000000146</ele><time>2026-04-17T19:14:30Z</time></rtept><rtept lat="44.609475" lon="-71.885615"><ele>436.60000000000036</ele><time>2026-04-17T19:14:30Z</time></rtept><rtept lat="44.609086" lon="-71.885068"><ele>440.0</ele><time>2026-04-17T19:14:30Z</time></rtept><rtept lat="44.608967" lon="-71.88494"><ele>442.40000000000146</ele><time>2026-04-17T19:14:30Z</time></rtept><rtept lat="44.608741" lon="-71.884555"><ele>444.60000000000036</ele><time>2026-04-17T19:14:30Z</time></rtept><rtept lat="44.608542" lon="-71.884243"><ele>446.60000000000036</ele><time>2026-04-17T19:14:30Z</time></rtept><rtept lat="44.608149" lon="-71.883618"><ele>440.60000000000036</ele><time>2026-04-17T19:14:30Z</time></rtept><rtept lat="44.607903" lon="-71.883267"><ele>445.60000000000036</ele><time>2026-04-17T19:14:30Z</time></rtept><rtept lat="44.607754" lon="-71.883118"><ele>448.60000000000036</ele><time>2026-04-17T19:14:30Z</time></rtept><rtept lat="44.607669" lon="-71.88301"><ele>448.60000000000036</ele><time>2026-04-17T19:14:30Z</time></rtept><rtept lat="44.607185" lon="-71.882569"><ele>454.8000000000011</ele><time>2026-04-17T19:14:30Z</time></rtept><rtept lat="44.606671" lon="-71.882132"><ele>459.0</ele><time>2026-04-17T19:14:30Z</time></rtept><rtept lat="44.606234" lon="-71.881621"><ele>469.0</ele><time>2026-04-17T19:14:30Z</time></rtept><rtept lat="44.606078" lon="-71.881388"><ele>469.0</ele><time>2026-04-17T19:14:30Z</time></rtept><rtept lat="44.605944" lon="-71.881242"><ele>470.60000000000036</ele><time>2026-04-17T19:14:30Z</time></rtept><rtept lat="44.605205" lon="-71.880582"><ele>481.60000000000036</ele><time>2026-04-17T19:14:30Z</time></rtept><rtept lat="44.605028" lon="-71.880371"><ele>484.0</ele><time>2026-04-17T19:14:30Z</time></rtept><rtept lat="44.604498" lon="-71.879359"><ele>487.40000000000146</ele><time>2026-04-17T19:14:30Z</time></rtept><rtept lat="44.604548" lon="-71.879204"><ele>483.2000000000007</ele><time>2026-04-17T19:14:30Z</time></rtept><rtept lat="44.60449" lon="-71.87904"><ele>482.2000000000007</ele><time>2026-04-17T19:14:30Z</time></rtept><rtept lat="44.604447" lon="-71.878725"><ele>478.2000000000007</ele><time>2026-04-17T19:14:30Z</time></rtept><rtept lat="44.604435" lon="-71.878652"><ele>476.8000000000011</ele><time>2026-04-17T19:14:30Z</time></rtept><rtept lat="44.604476" lon="-71.878616"><ele>475.40000000000146</ele><time>2026-04-17T19:14:30Z</time></rtept><rtept lat="44.604552" lon="-71.878618"><ele>474.0</ele><time>2026-04-17T19:14:30Z</time></rtept><rtept lat="44.604552" lon="-71.878503"><ele>472.8000000000011</ele><time>2026-04-17T19:14:30Z</time></rtept><rtept lat="44.604502" lon="-71.87846"><ele>473.0</ele><time>2026-04-17T19:14:30Z</time></rtept><rtept lat="44.604424" lon="-71.878417"><ele>474.2000000000007</ele><time>2026-04-17T19:14:30Z</time></rtept><rtept lat="44.604357" lon="-71.878219"><ele>472.60000000000036</ele><time>2026-04-17T19:14:30Z</time></rtept><rtept lat="44.604344" lon="-71.878082"><ele>472.0</ele><time>2026-04-17T19:14:30Z</time></rtept><rtept lat="44.604273" lon="-71.87794"><ele>474.2000000000007</ele><time>2026-04-17T19:14:30Z</time></rtept><rtept lat="44.604258" lon="-71.877798"><ele>473.8000000000011</ele><time>2026-04-17T19:14:30Z</time></rtept><rtept lat="44.604317" lon="-71.877757"><ele>471.60000000000036</ele><time>2026-04-17T19:14:30Z</time></rtept><rtept lat="44.604375" lon="-71.877725"><ele>470.0</ele><time>2026-04-17T19:14:30Z</time></rtept><rtept lat="44.604352" lon="-71.877634"><ele>469.2000000000007</ele><time>2026-04-17T19:14:30Z</time></rtept><rtept lat="44.604327" lon="-71.877435"><ele>468.0</ele><time>2026-04-17T19:14:30Z</time></rtept><rtept lat="44.604212" lon="-71.877285"><ele>470.2000000000007</ele><time>2026-04-17T19:14:30Z</time></rtept><rtept lat="44.60417" lon="-71.877154"><ele>468.0</ele><time>2026-04-17T19:14:30Z</time></rtept><rtept lat="44.604174" lon="-71.876961"><ele>465.2000000000007</ele><time>2026-04-17T19:14:30Z</time></rtept><rtept lat="44.604191" lon="-71.876875"><ele>463.8000000000011</ele><time>2026-04-17T19:14:30Z</time></rtept><rtept lat="44.604132" lon="-71.876714"><ele>462.2000000000007</ele><time>2026-04-17T19:14:30Z</time></rtept><rtept lat="44.604136" lon="-71.876583"><ele>459.2000000000007</ele><time>2026-04-17T19:14:30Z</time></rtept><rtept lat="44.604195" lon="-71.876553"><ele>457.8000000000011</ele><time>2026-04-17T19:14:30Z</time></rtept><rtept lat="44.604235" lon="-71.87658"><ele>456.2000000000007</ele><time>2026-04-17T19:14:30Z</time></rtept><rtept lat="44.604285" lon="-71.876773"><ele>459.2000000000007</ele><time>2026-04-17T19:14:30Z</time></rtept><rtept lat="44.60435" lon="-71.876902"><ele>459.0</ele><time>2026-04-17T19:14:30Z</time></rtept><rtept lat="44.604397" lon="-71.876985"><ele>460.40000000000146</ele><time>2026-04-17T19:14:30Z</time></rtept><rtept lat="44.604462" lon="-71.877071"><ele>460.2000000000007</ele><time>2026-04-17T19:14:30Z</time></rtept><rtept lat="44.604504" lon="-71.877119"><ele>460.0</ele><time>2026-04-17T19:14:30Z</time></rtept><rtept lat="44.604531" lon="-71.87699"><ele>456.0</ele><time>2026-04-17T19:14:30Z</time></rtept><rtept lat="44.604455" lon="-71.876819"><ele>456.40000000000146</ele><time>2026-04-17T19:14:30Z</time></rtept><rtept lat="44.604376" lon="-71.876738"><ele>456.2000000000007</ele><time>2026-04-17T19:14:30Z</time></rtept><rtept lat="44.604323" lon="-71.876607"><ele>456.2000000000007</ele><time>2026-04-17T19:14:30Z</time></rtept><rtept lat="44.604262" lon="-71.876489"><ele>455.0</ele><time>2026-04-17T19:14:30Z</time></rtept><rtept lat="44.604218" lon="-71.876368"><ele>455.0</ele><time>2026-04-17T19:14:30Z</time></rtept><rtept lat="44.604163" lon="-71.87629"><ele>453.40000000000146</ele><time>2026-04-17T19:14:30Z</time></rtept><rtept lat="44.604108" lon="-71.876256"><ele>454.8000000000011</ele><time>2026-04-17T19:14:30Z</time></rtept><rtept lat="44.604017" lon="-71.876107"><ele>455.0</ele><time>2026-04-17T19:14:30Z</time></rtept><rtept lat="44.603993" lon="-71.875936"><ele>452.40000000000146</ele><time>2026-04-17T19:14:30Z</time></rtept><rtept lat="44.603969" lon="-71.875806"><ele>451.0</ele><time>2026-04-17T19:14:30Z</time></rtept><rtept lat="44.603972" lon="-71.875746"><ele>451.0</ele><time>2026-04-17T19:14:30Z</time></rtept><rtept lat="44.604023" lon="-71.875704"><ele>448.0</ele><time>2026-04-17T19:14:30Z</time></rtept><rtept lat="44.604099" lon="-71.875711"><ele>444.60000000000036</ele><time>2026-04-17T19:14:30Z</time></rtept><rtept lat="44.604169" lon="-71.875646"><ele>441.8000000000011</ele><time>2026-04-17T19:14:30Z</time></rtept><rtept lat="44.604168" lon="-71.875527"><ele>440.2000000000007</ele><time>2026-04-17T19:14:30Z</time></rtept><rtept lat="44.604076" lon="-71.875419"><ele>441.2000000000007</ele><time>2026-04-17T19:14:30Z</time></rtept><rtept lat="44.603975" lon="-71.875321"><ele>440.8000000000011</ele><time>2026-04-17T19:14:30Z</time></rtept><rtept lat="44.603908" lon="-71.875256"><ele>441.60000000000036</ele><time>2026-04-17T19:14:30Z</time></rtept><rtept lat="44.603849" lon="-71.875188"><ele>441.40000000000146</ele><time>2026-04-17T19:14:30Z</time></rtept><rtept lat="44.603789" lon="-71.875063"><ele>441.40000000000146</ele><time>2026-04-17T19:14:30Z</time></rtept><rtept lat="44.603798" lon="-71.874954"><ele>437.0</ele><time>2026-04-17T19:14:30Z</time></rtept><rtept lat="44.60382" lon="-71.874886"><ele>437.0</ele><time>2026-04-17T19:14:30Z</time></rtept><rtept lat="44.603849" lon="-71.874856"><ele>436.0</ele><time>2026-04-17T19:14:30Z</time></rtept><rtept lat="44.603894" lon="-71.874834"><ele>435.40000000000146</ele><time>2026-04-17T19:14:30Z</time></rtept><rtept lat="44.603968" lon="-71.874886"><ele>435.2000000000007</ele><time>2026-04-17T19:14:30Z</time></rtept><rtept lat="44.604025" lon="-71.874877"><ele>434.2000000000007</ele><time>2026-04-17T19:14:30Z</time></rtept><rtept lat="44.604178" lon="-71.874829"><ele>432.40000000000146</ele><time>2026-04-17T19:14:30Z</time></rtept><rtept lat="44.604271" lon="-71.874894"><ele>432.2000000000007</ele><time>2026-04-17T19:14:30Z</time></rtept><rtept lat="44.604303" lon="-71.874994"><ele>432.2000000000007</ele><time>2026-04-17T19:14:30Z</time></rtept><rtept lat="44.604352" lon="-71.875197"><ele>432.8000000000011</ele><time>2026-04-17T19:14:30Z</time></rtept><rtept lat="44.604446" lon="-71.875406"><ele>435.2000000000007</ele><time>2026-04-17T19:14:30Z</time></rtept><rtept lat="44.60452" lon="-71.875541"><ele>435.8000000000011</ele><time>2026-04-17T19:14:30Z</time></rtept><rtept lat="44.604607" lon="-71.875734"><ele>436.40000000000146</ele><time>2026-04-17T19:14:30Z</time></rtept><rtept lat="44.604649" lon="-71.87592"><ele>438.0</ele><time>2026-04-17T19:14:30Z</time></rtept><rtept lat="44.604708" lon="-71.876086"><ele>439.2000000000007</ele><time>2026-04-17T19:14:30Z</time></rtept><rtept lat="44.604808" lon="-71.876268"><ele>440.40000000000146</ele><time>2026-04-17T19:14:30Z</time></rtept><rtept lat="44.604873" lon="-71.876339"><ele>440.2000000000007</ele><time>2026-04-17T19:14:30Z</time></rtept><rtept lat="44.604894" lon="-71.876587"><ele>440.8000000000011</ele><time>2026-04-17T19:14:30Z</time></rtept><rtept lat="44.604916" lon="-71.876786"><ele>444.60000000000036</ele><time>2026-04-17T19:14:30Z</time></rtept><rtept lat="44.60496" lon="-71.876919"><ele>444.40000000000146</ele><time>2026-04-17T19:14:30Z</time></rtept><rtept lat="44.604947" lon="-71.876998"><ele>447.0</ele><time>2026-04-17T19:14:30Z</time></rtept><rtept lat="44.60495" lon="-71.877198"><ele>450.8000000000011</ele><time>2026-04-17T19:14:30Z</time></rtept><rtept lat="44.60499" lon="-71.877302"><ele>450.60000000000036</ele><time>2026-04-17T19:14:30Z</time></rtept><rtept lat="44.605064" lon="-71.877523"><ele>451.2000000000007</ele><time>2026-04-17T19:14:30Z</time></rtept><rtept lat="44.605138" lon="-71.877714"><ele>450.8000000000011</ele><time>2026-04-17T19:14:30Z</time></rtept><rtept lat="44.605238" lon="-71.877896"><ele>451.60000000000036</ele><time>2026-04-17T19:14:30Z</time></rtept><rtept lat="44.60531" lon="-71.878014"><ele>451.60000000000036</ele><time>2026-04-17T19:14:30Z</time></rtept><rtept lat="44.605407" lon="-71.878189"><ele>451.60000000000036</ele><time>2026-04-17T19:14:30Z</time></rtept><rtept lat="44.605394" lon="-71.878317"><ele>453.2000000000007</ele><time>2026-04-17T19:14:30Z</time></rtept><rtept lat="44.605346" lon="-71.878466"><ele>455.40000000000146</ele><time>2026-04-17T19:14:30Z</time></rtept><rtept lat="44.605416" lon="-71.878633"><ele>456.2000000000007</ele><time>2026-04-17T19:14:30Z</time></rtept><rtept lat="44.605445" lon="-71.878774"><ele>456.8000000000011</ele><time>2026-04-17T19:14:30Z</time></rtept><rtept lat="44.60548" lon="-71.878874"><ele>458.0</ele><time>2026-04-17T19:14:30Z</time></rtept><rtept lat="44.605552" lon="-71.879032"><ele>458.2000000000007</ele><time>2026-04-17T19:14:30Z</time></rtept><rtept lat="44.605595" lon="-71.879202"><ele>457.8000000000011</ele><time>2026-04-17T19:14:30Z</time></rtept><rtept lat="44.605648" lon="-71.879288"><ele>457.0</ele><time>2026-04-17T19:14:30Z</time></rtept><rtept lat="44.605694" lon="-71.879353"><ele>456.40000000000146</ele><time>2026-04-17T19:14:30Z</time></rtept><rtept lat="44.605719" lon="-71.879446"><ele>457.0</ele><time>2026-04-17T19:14:30Z</time></rtept><rtept lat="44.60578" lon="-71.879729"><ele>458.0</ele><time>2026-04-17T19:14:30Z</time></rtept><rtept lat="44.606017" lon="-71.879922"><ele>456.8000000000011</ele><time>2026-04-17T19:14:30Z</time></rtept><rtept lat="44.606122" lon="-71.879981"><ele>455.60000000000036</ele><time>2026-04-17T19:14:30Z</time></rtept><rtept lat="44.606247" lon="-71.88007"><ele>453.60000000000036</ele><time>2026-04-17T19:14:30Z</time></rtept><rtept lat="44.606386" lon="-71.880161"><ele>451.2000000000007</ele><time>2026-04-17T19:14:30Z</time></rtept><rtept lat="44.606522" lon="-71.880258"><ele>448.0</ele><time>2026-04-17T19:14:30Z</time></rtept><rtept lat="44.606589" lon="-71.880287"><ele>447.2000000000007</ele><time>2026-04-17T19:14:30Z</time></rtept><rtept lat="44.60673" lon="-71.880337"><ele>442.40000000000146</ele><time>2026-04-17T19:14:30Z</time></rtept><rtept lat="44.606815" lon="-71.880353"><ele>441.60000000000036</ele><time>2026-04-17T19:14:30Z</time></rtept><rtept lat="44.606959" lon="-71.880482"><ele>442.2000000000007</ele><time>2026-04-17T19:14:30Z</time></rtept><rtept lat="44.607141" lon="-71.880623"><ele>440.2000000000007</ele><time>2026-04-17T19:14:30Z</time></rtept><rtept lat="44.607329" lon="-71.880656"><ele>436.8000000000011</ele><time>2026-04-17T19:14:30Z</time></rtept><rtept lat="44.607542" lon="-71.880624"><ele>430.2000000000007</ele><time>2026-04-17T19:14:30Z</time></rtept><rtept lat="44.607683" lon="-71.880597"><ele>428.40000000000146</ele><time>2026-04-17T19:14:30Z</time></rtept><rtept lat="44.60777" lon="-71.8806"><ele>426.0</ele><time>2026-04-17T19:14:30Z</time></rtept><rtept lat="44.607906" lon="-71.880625"><ele>423.8000000000011</ele><time>2026-04-17T19:14:30Z</time></rtept><rtept lat="44.608015" lon="-71.880646"><ele>422.0</ele><time>2026-04-17T19:14:30Z</time></rtept><rtept lat="44.608065" lon="-71.880681"><ele>422.0</ele><time>2026-04-17T19:14:30Z</time></rtept><rtept lat="44.60814" lon="-71.880844"><ele>421.60000000000036</ele><time>2026-04-17T19:14:30Z</time></rtept><rtept lat="44.608265" lon="-71.880885"><ele>419.60000000000036</ele><time>2026-04-17T19:14:30Z</time></rtept><rtept lat="44.608345" lon="-71.8809"><ele>418.0</ele><time>2026-04-17T19:14:30Z</time></rtept><rtept lat="44.608409" lon="-71.880919"><ele>416.60000000000036</ele><time>2026-04-17T19:14:30Z</time></rtept><rtept lat="44.60849" lon="-71.880976"><ele>416.40000000000146</ele><time>2026-04-17T19:14:30Z</time></rtept><rtept lat="44.608624" lon="-71.880973"><ele>411.0</ele><time>2026-04-17T19:14:30Z</time></rtept><rtept lat="44.608696" lon="-71.880967"><ele>408.2000000000007</ele><time>2026-04-17T19:14:30Z</time></rtept><rtept lat="44.608773" lon="-71.880924"><ele>406.8000000000011</ele><time>2026-04-17T19:14:30Z</time></rtept><rtept lat="44.608871" lon="-71.880807"><ele>405.2000000000007</ele><time>2026-04-17T19:14:30Z</time></rtept><rtept lat="44.60894" lon="-71.880707"><ele>406.60000000000036</ele><time>2026-04-17T19:14:30Z</time></rtept><rtept lat="44.60894" lon="-71.880707"><ele>406.60000000000036</ele><time>2026-04-17T19:14:30Z</time></rtept><rtept lat="44.608973" lon="-71.880659"><ele>406.60000000000036</ele><time>2026-04-17T19:14:30Z</time></rtept><rtept lat="44.60908" lon="-71.880566"><ele>409.2000000000007</ele><time>2026-04-17T19:14:30Z</time></rtept><rtept lat="44.6092" lon="-71.880517"><ele>410.0</ele><time>2026-04-17T19:14:30Z</time></rtept><rtept lat="44.609316" lon="-71.880439"><ele>409.2000000000007</ele><time>2026-04-17T19:14:30Z</time></rtept><rtept lat="44.609404" lon="-71.880431"><ele>408.40000000000146</ele><time>2026-04-17T19:14:30Z</time></rtept><rtept lat="44.60955" lon="-71.8804"><ele>406.0</ele><time>2026-04-17T19:14:30Z</time></rtept><rtept lat="44.60969" lon="-71.880352"><ele>403.40000000000146</ele><time>2026-04-17T19:14:30Z</time></rtept><rtept lat="44.609833" lon="-71.880247"><ele>400.40000000000146</ele><time>2026-04-17T19:14:30Z</time></rtept><rtept lat="44.609935" lon="-71.880145"><ele>398.0</ele><time>2026-04-17T19:14:30Z</time></rtept><rtept lat="44.610018" lon="-71.880002"><ele>396.8000000000011</ele><time>2026-04-17T19:14:30Z</time></rtept><rtept lat="44.61008" lon="-71.879814"><ele>398.40000000000146</ele><time>2026-04-17T19:14:30Z</time></rtept><rtept lat="44.610163" lon="-71.879658"><ele>401.0</ele><time>2026-04-17T19:14:30Z</time></rtept><rtept lat="44.610228" lon="-71.879559"><ele>401.40000000000146</ele><time>2026-04-17T19:14:30Z</time></rtept><rtept lat="44.610298" lon="-71.879436"><ele>400.8000000000011</ele><time>2026-04-17T19:14:30Z</time></rtept><rtept lat="44.61036" lon="-71.87934"><ele>399.8000000000011</ele><time>2026-04-17T19:14:30Z</time></rtept><rtept lat="44.610409" lon="-71.879218"><ele>399.40000000000146</ele><time>2026-04-17T19:14:30Z</time></rtept><rtept lat="44.610359" lon="-71.879072"><ele>400.2000000000007</ele><time>2026-04-17T19:14:30Z</time></rtept><rtept lat="44.610418" lon="-71.878966"><ele>401.2000000000007</ele><time>2026-04-17T19:14:30Z</time></rtept><rtept lat="44.610446" lon="-71.878795"><ele>403.2000000000007</ele><time>2026-04-17T19:14:30Z</time></rtept><rtept lat="44.610468" lon="-71.878582"><ele>405.8000000000011</ele><time>2026-04-17T19:14:30Z</time></rtept><rtept lat="44.610458" lon="-71.878414"><ele>407.0</ele><time>2026-04-17T19:14:30Z</time></rtept><rtept lat="44.61049" lon="-71.87824"><ele>407.0</ele><time>2026-04-17T19:14:30Z</time></rtept><rtept lat="44.610527" lon="-71.878072"><ele>407.0</ele><time>2026-04-17T19:14:30Z</time></rtept><rtept lat="44.610567" lon="-71.877848"><ele>406.2000000000007</ele><time>2026-04-17T19:14:30Z</time></rtept><rtept lat="44.610616" lon="-71.877575"><ele>407.8000000000011</ele><time>2026-04-17T19:14:30Z</time></rtept><rtept lat="44.610563" lon="-71.8775"><ele>408.60000000000036</ele><time>2026-04-17T19:14:30Z</time></rtept><rtept lat="44.610504" lon="-71.877322"><ele>410.40000000000146</ele><time>2026-04-17T19:14:30Z</time></rtept><rtept lat="44.610462" lon="-71.877157"><ele>411.60000000000036</ele><time>2026-04-17T19:14:30Z</time></rtept><rtept lat="44.610393" lon="-71.877048"><ele>411.40000000000146</ele><time>2026-04-17T19:14:30Z</time></rtept><rtept lat="44.610423" lon="-71.876948"><ele>411.8000000000011</ele><time>2026-04-17T19:14:30Z</time></rtept><rtept lat="44.610487" lon="-71.876823"><ele>413.40000000000146</ele><time>2026-04-17T19:14:30Z</time></rtept><rtept lat="44.610473" lon="-71.876681"><ele>414.0</ele><time>2026-04-17T19:14:30Z</time></rtept><rtept lat="44.610429" lon="-71.876565"><ele>414.60000000000036</ele><time>2026-04-17T19:14:30Z</time></rtept><rtept lat="44.610387" lon="-71.876432"><ele>414.0</ele><time>2026-04-17T19:14:30Z</time></rtept><rtept lat="44.610336" lon="-71.876289"><ele>413.40000000000146</ele><time>2026-04-17T19:14:30Z</time></rtept><rtept lat="44.610311" lon="-71.87622"><ele>412.8000000000011</ele><time>2026-04-17T19:14:30Z</time></rtept><rtept lat="44.610336" lon="-71.876142"><ele>413.2000000000007</ele><time>2026-04-17T19:14:30Z</time></rtept><rtept lat="44.610372" lon="-71.876016"><ele>413.40000000000146</ele><time>2026-04-17T19:14:30Z</time></rtept><rtept lat="44.61038" lon="-71.875843"><ele>414.40000000000146</ele><time>2026-04-17T19:14:30Z</time></rtept><rtept lat="44.610376" lon="-71.875691"><ele>416.2000000000007</ele><time>2026-04-17T19:14:30Z</time></rtept><rtept lat="44.610359" lon="-71.875479"><ele>418.2000000000007</ele><time>2026-04-17T19:14:30Z</time></rtept><rtept lat="44.610414" lon="-71.87537"><ele>421.2000000000007</ele><time>2026-04-17T19:14:30Z</time></rtept><rtept lat="44.610472" lon="-71.875267"><ele>423.0</ele><time>2026-04-17T19:14:30Z</time></rtept><rtept lat="44.610531" lon="-71.875109"><ele>424.0</ele><time>2026-04-17T19:14:30Z</time></rtept><rtept lat="44.6106" lon="-71.87502"><ele>423.8000000000011</ele><time>2026-04-17T19:14:30Z</time></rtept><rtept lat="44.610671" lon="-71.87483"><ele>422.40000000000146</ele><time>2026-04-17T19:14:30Z</time></rtept><rtept lat="44.610673" lon="-71.874716"><ele>422.8000000000011</ele><time>2026-04-17T19:14:30Z</time></rtept><rtept lat="44.610673" lon="-71.874534"><ele>423.60000000000036</ele><time>2026-04-17T19:14:30Z</time></rtept><rtept lat="44.610643" lon="-71.874403"><ele>424.40000000000146</ele><time>2026-04-17T19:14:30Z</time></rtept><rtept lat="44.610699" lon="-71.874149"><ele>424.60000000000036</ele><time>2026-04-17T19:14:30Z</time></rtept><rtept lat="44.610761" lon="-71.874061"><ele>424.8000000000011</ele><time>2026-04-17T19:14:30Z</time></rtept><rtept lat="44.61085" lon="-71.873993"><ele>425.40000000000146</ele><time>2026-04-17T19:14:30Z</time></rtept><rtept lat="44.610958" lon="-71.873858"><ele>426.2000000000007</ele><time>2026-04-17T19:14:30Z</time></rtept><rtept lat="44.611026" lon="-71.87377"><ele>428.2000000000007</ele><time>2026-04-17T19:14:30Z</time></rtept><rtept lat="44.611101" lon="-71.873555"><ele>430.2000000000007</ele><time>2026-04-17T19:14:30Z</time></rtept><rtept lat="44.611131" lon="-71.87337"><ele>430.60000000000036</ele><time>2026-04-17T19:14:30Z</time></rtept><rtept lat="44.611122" lon="-71.873249"><ele>432.2000000000007</ele><time>2026-04-17T19:14:30Z</time></rtept><rtept lat="44.611153" lon="-71.873095"><ele>433.2000000000007</ele><time>2026-04-17T19:14:30Z</time></rtept><rtept lat="44.611227" lon="-71.873003"><ele>433.8000000000011</ele><time>2026-04-17T19:14:30Z</time></rtept><rtept lat="44.611339" lon="-71.872905"><ele>434.60000000000036</ele><time>2026-04-17T19:14:30Z</time></rtept><rtept lat="44.611415" lon="-71.872753"><ele>436.2000000000007</ele><time>2026-04-17T19:14:30Z</time></rtept><rtept lat="44.611481" lon="-71.872657"><ele>436.60000000000036</ele><time>2026-04-17T19:14:30Z</time></rtept><rtept lat="44.611595" lon="-71.872541"><ele>438.0</ele><time>2026-04-17T19:14:30Z</time></rtept><rtept lat="44.611664" lon="-71.872375"><ele>440.8000000000011</ele><time>2026-04-17T19:14:30Z</time></rtept><rtept lat="44.61172" lon="-71.872229"><ele>441.40000000000146</ele><time>2026-04-17T19:14:30Z</time></rtept><rtept lat="44.611714" lon="-71.872102"><ele>443.40000000000146</ele><time>2026-04-17T19:14:30Z</time></rtept><rtept lat="44.611735" lon="-71.871865"><ele>443.40000000000146</ele><time>2026-04-17T19:14:30Z</time></rtept><rtept lat="44.611761" lon="-71.871672"><ele>444.2000000000007</ele><time>2026-04-17T19:14:30Z</time></rtept><rtept lat="44.611821" lon="-71.871464"><ele>444.0</ele><time>2026-04-17T19:14:30Z</time></rtept><rtept lat="44.611899" lon="-71.871238"><ele>443.8000000000011</ele><time>2026-04-17T19:14:30Z</time></rtept><rtept lat="44.611966" lon="-71.870955"><ele>443.40000000000146</ele><time>2026-04-17T19:14:30Z</time></rtept><rtept lat="44.611825" lon="-71.870733"><ele>446.2000000000007</ele><time>2026-04-17T19:14:30Z</time></rtept><rtept lat="44.61197" lon="-71.870453"><ele>443.8000000000011</ele><time>2026-04-17T19:14:30Z</time></rtept><rtept lat="44.612013" lon="-71.870341"><ele>444.2000000000007</ele><time>2026-04-17T19:14:30Z</time></rtept><rtept lat="44.612072" lon="-71.870148"><ele>445.2000000000007</ele><time>2026-04-17T19:14:30Z</time></rtept><rtept lat="44.612065" lon="-71.87005"><ele>445.8000000000011</ele><time>2026-04-17T19:14:30Z</time></rtept><rtept lat="44.612131" lon="-71.869904"><ele>445.60000000000036</ele><time>2026-04-17T19:14:30Z</time></rtept><rtept lat="44.612253" lon="-71.869832"><ele>444.40000000000146</ele><time>2026-04-17T19:14:30Z</time></rtept><rtept lat="44.61242" lon="-71.869781"><ele>445.60000000000036</ele><time>2026-04-17T19:14:30Z</time></rtept><rtept lat="44.612572" lon="-71.869715"><ele>446.0</ele><time>2026-04-17T19:14:30Z</time></rtept><rtept lat="44.612652" lon="-71.869627"><ele>446.2000000000007</ele><time>2026-04-17T19:14:30Z</time></rtept><rtept lat="44.612721" lon="-71.869513"><ele>446.40000000000146</ele><time>2026-04-17T19:14:30Z</time></rtept><rtept lat="44.612771" lon="-71.869443"><ele>447.2000000000007</ele><time>2026-04-17T19:14:30Z</time></rtept><rtept lat="44.612799" lon="-71.869384"><ele>446.0</ele><time>2026-04-17T19:14:30Z</time></rtept><rtept lat="44.612873" lon="-71.869366"><ele>445.2000000000007</ele><time>2026-04-17T19:14:30Z</time></rtept><rtept lat="44.612969" lon="-71.869353"><ele>443.8000000000011</ele><time>2026-04-17T19:14:30Z</time></rtept><rtept lat="44.613045" lon="-71.869366"><ele>444.40000000000146</ele><time>2026-04-17T19:14:30Z</time></rtept><rtept lat="44.613216" lon="-71.869247"><ele>446.40000000000146</ele><time>2026-04-17T19:14:30Z</time></rtept><rtept lat="44.613458" lon="-71.869081"><ele>448.2000000000007</ele><time>2026-04-17T19:14:30Z</time></rtept><rtept lat="44.613596" lon="-71.869034"><ele>448.40000000000146</ele><time>2026-04-17T19:14:30Z</time></rtept><rtept lat="44.613728" lon="-71.868926"><ele>449.0</ele><time>2026-04-17T19:14:30Z</time></rtept><rtept lat="44.613847" lon="-71.868799"><ele>449.8000000000011</ele><time>2026-04-17T19:14:30Z</time></rtept><rtept lat="44.613928" lon="-71.868701"><ele>450.60000000000036</ele><time>2026-04-17T19:14:30Z</time></rtept><rtept lat="44.614031" lon="-71.868616"><ele>450.2000000000007</ele><time>2026-04-17T19:14:30Z</time></rtept><rtept lat="44.614118" lon="-71.868562"><ele>450.0</ele><time>2026-04-17T19:14:30Z</time></rtept><rtept lat="44.614212" lon="-71.868543"><ele>450.0</ele><time>2026-04-17T19:14:30Z</time></rtept><rtept lat="44.61433" lon="-71.86844"><ele>451.2000000000007</ele><time>2026-04-17T19:14:30Z</time></rtept><rtept lat="44.614461" lon="-71.868252"><ele>453.2000000000007</ele><time>2026-04-17T19:14:30Z</time></rtept><rtept lat="44.614561" lon="-71.868028"><ele>454.40000000000146</ele><time>2026-04-17T19:14:30Z</time></rtept><rtept lat="44.614629" lon="-71.867885"><ele>456.0</ele><time>2026-04-17T19:14:30Z</time></rtept><rtept lat="44.614701" lon="-71.867724"><ele>457.0</ele><time>2026-04-17T19:14:30Z</time></rtept><rtept lat="44.614732" lon="-71.86755"><ele>458.40000000000146</ele><time>2026-04-17T19:14:30Z</time></rtept><rtept lat="44.614769" lon="-71.867413"><ele>459.2000000000007</ele><time>2026-04-17T19:14:30Z</time></rtept><rtept lat="44.614866" lon="-71.867217"><ele>459.60000000000036</ele><time>2026-04-17T19:14:30Z</time></rtept><rtept lat="44.614948" lon="-71.867063"><ele>460.8000000000011</ele><time>2026-04-17T19:14:30Z</time></rtept><rtept lat="44.614994" lon="-71.86695"><ele>461.60000000000036</ele><time>2026-04-17T19:14:30Z</time></rtept><rtept lat="44.615039" lon="-71.866785"><ele>463.40000000000146</ele><time>2026-04-17T19:14:30Z</time></rtept><rtept lat="44.615069" lon="-71.866691"><ele>464.2000000000007</ele><time>2026-04-17T19:14:30Z</time></rtept><rtept lat="44.615135" lon="-71.866636"><ele>465.0</ele><time>2026-04-17T19:14:30Z</time></rtept><rtept lat="44.61526" lon="-71.866837"><ele>463.60000000000036</ele><time>2026-04-17T19:14:30Z</time></rtept><rtept lat="44.615356" lon="-71.866905"><ele>463.2000000000007</ele><time>2026-04-17T19:14:30Z</time></rtept><rtept lat="44.615468" lon="-71.867032"><ele>463.2000000000007</ele><time>2026-04-17T19:14:30Z</time></rtept><rtept lat="44.615558" lon="-71.867156"><ele>462.60000000000036</ele><time>2026-04-17T19:14:30Z</time></rtept><rtept lat="44.615561" lon="-71.867319"><ele>463.2000000000007</ele><time>2026-04-17T19:14:30Z</time></rtept><rtept lat="44.615491" lon="-71.867459"><ele>463.0</ele><time>2026-04-17T19:14:30Z</time></rtept><rtept lat="44.615444" lon="-71.867679"><ele>462.40000000000146</ele><time>2026-04-17T19:14:30Z</time></rtept><rtept lat="44.615438" lon="-71.867834"><ele>462.60000000000036</ele><time>2026-04-17T19:14:30Z</time></rtept><rtept lat="44.615452" lon="-71.868035"><ele>461.40000000000146</ele><time>2026-04-17T19:14:30Z</time></rtept><rtept lat="44.615449" lon="-71.868202"><ele>460.0</ele><time>2026-04-17T19:14:30Z</time></rtept><rtept lat="44.61542" lon="-71.868422"><ele>459.2000000000007</ele><time>2026-04-17T19:14:30Z</time></rtept><rtept lat="44.61545" lon="-71.868603"><ele>458.2000000000007</ele><time>2026-04-17T19:14:30Z</time></rtept><rtept lat="44.615522" lon="-71.868756"><ele>458.2000000000007</ele><time>2026-04-17T19:14:30Z</time></rtept><rtept lat="44.615595" lon="-71.868953"><ele>458.60000000000036</ele><time>2026-04-17T19:14:30Z</time></rtept><rtept lat="44.615636" lon="-71.869157"><ele>457.60000000000036</ele><time>2026-04-17T19:14:30Z</time></rtept><rtept lat="44.615596" lon="-71.869424"><ele>457.40000000000146</ele><time>2026-04-17T19:14:30Z</time></rtept><rtept lat="44.615589" lon="-71.869437"><ele>457.40000000000146</ele><time>2026-04-17T19:14:30Z</time></rtept><rtept lat="44.615589" lon="-71.869437"><ele>457.40000000000146</ele><time>2026-04-17T19:14:30Z</time></rtept><rtept lat="44.615525" lon="-71.86956"><ele>454.8000000000011</ele><time>2026-04-17T19:14:30Z</time></rtept><rtept lat="44.615476" lon="-71.869711"><ele>453.8000000000011</ele><time>2026-04-17T19:14:30Z</time></rtept><rtept lat="44.615474" lon="-71.870039"><ele>452.60000000000036</ele><time>2026-04-17T19:14:30Z</time></rtept><rtept lat="44.615495" lon="-71.87024"><ele>452.0</ele><time>2026-04-17T19:14:30Z</time></rtept><rtept lat="44.615499" lon="-71.870441"><ele>450.8000000000011</ele><time>2026-04-17T19:14:30Z</time></rtept><rtept lat="44.615479" lon="-71.870664"><ele>450.0</ele><time>2026-04-17T19:14:30Z</time></rtept><rtept lat="44.615465" lon="-71.870991"><ele>449.0</ele><time>2026-04-17T19:14:30Z</time></rtept><rtept lat="44.6155" lon="-71.871267"><ele>448.60000000000036</ele><time>2026-04-17T19:14:30Z</time></rtept><rtept lat="44.615634" lon="-71.871571"><ele>449.2000000000007</ele><time>2026-04-17T19:14:30Z</time></rtept><rtept lat="44.615753" lon="-71.871843"><ele>449.8000000000011</ele><time>2026-04-17T19:14:30Z</time></rtept><rtept lat="44.615838" lon="-71.872046"><ele>450.40000000000146</ele><time>2026-04-17T19:14:30Z</time></rtept><rtept lat="44.615908" lon="-71.872214"><ele>451.40000000000146</ele><time>2026-04-17T19:14:30Z</time></rtept><rtept lat="44.615952" lon="-71.87236"><ele>452.2000000000007</ele><time>2026-04-17T19:14:30Z</time></rtept><rtept lat="44.615999" lon="-71.872534"><ele>452.2000000000007</ele><time>2026-04-17T19:14:30Z</time></rtept><rtept lat="44.616037" lon="-71.872702"><ele>452.2000000000007</ele><time>2026-04-17T19:14:30Z</time></rtept><rtept lat="44.616079" lon="-71.872906"><ele>452.60000000000036</ele><time>2026-04-17T19:14:30Z</time></rtept><rtept lat="44.616109" lon="-71.873075"><ele>453.40000000000146</ele><time>2026-04-17T19:14:30Z</time></rtept><rtept lat="44.616153" lon="-71.873288"><ele>454.2000000000007</ele><time>2026-04-17T19:14:30Z</time></rtept><rtept lat="44.616196" lon="-71.873381"><ele>454.8000000000011</ele><time>2026-04-17T19:14:30Z</time></rtept><rtept lat="44.616304" lon="-71.873476"><ele>455.60000000000036</ele><time>2026-04-17T19:14:30Z</time></rtept><rtept lat="44.616426" lon="-71.873596"><ele>457.2000000000007</ele><time>2026-04-17T19:14:30Z</time></rtept><rtept lat="44.616554" lon="-71.873735"><ele>458.2000000000007</ele><time>2026-04-17T19:14:30Z</time></rtept><rtept lat="44.616703" lon="-71.874005"><ele>458.40000000000146</ele><time>2026-04-17T19:14:30Z</time></rtept><rtept lat="44.616785" lon="-71.87416"><ele>458.40000000000146</ele><time>2026-04-17T19:14:30Z</time></rtept><rtept lat="44.616893" lon="-71.874371"><ele>459.2000000000007</ele><time>2026-04-17T19:14:30Z</time></rtept><rtept lat="44.617024" lon="-71.874613"><ele>460.2000000000007</ele><time>2026-04-17T19:14:30Z</time></rtept><rtept lat="44.617124" lon="-71.874836"><ele>461.60000000000036</ele><time>2026-04-17T19:14:30Z</time></rtept><rtept lat="44.617082" lon="-71.874916"><ele>460.40000000000146</ele><time>2026-04-17T19:14:30Z</time></rtept><rtept lat="44.616646" lon="-71.87605"><ele>456.0</ele><time>2026-04-17T19:14:30Z</time></rtept><rtept lat="44.616539" lon="-71.876363"><ele>456.40000000000146</ele><time>2026-04-17T19:14:30Z</time></rtept><rtept lat="44.616423" lon="-71.876671"><ele>455.60000000000036</ele><time>2026-04-17T19:14:30Z</time></rtept><rtept lat="44.616624" lon="-71.876662"><ele>461.0</ele><time>2026-04-17T19:14:30Z</time></rtept><rtept lat="44.616685" lon="-71.876963"><ele>463.0</ele><time>2026-04-17T19:14:30Z</time></rtept><rtept lat="44.616876" lon="-71.87736"><ele>464.0</ele><time>2026-04-17T19:14:30Z</time></rtept><rtept lat="44.617258" lon="-71.87766"><ele>467.8000000000011</ele><time>2026-04-17T19:14:30Z</time></rtept><rtept lat="44.617434" lon="-71.878121"><ele>468.40000000000146</ele><time>2026-04-17T19:14:30Z</time></rtept><rtept lat="44.61751" lon="-71.878175"><ele>469.2000000000007</ele><time>2026-04-17T19:14:30Z</time></rtept><rtept lat="44.617502" lon="-71.877703"><ele>474.0</ele><time>2026-04-17T19:14:30Z</time></rtept><rtept lat="44.617556" lon="-71.877638"><ele>475.0</ele><time>2026-04-17T19:14:30Z</time></rtept><rtept lat="44.617816" lon="-71.878239"><ele>476.2000000000007</ele><time>2026-04-17T19:14:30Z</time></rtept><rtept lat="44.617938" lon="-71.878164"><ele>477.60000000000036</ele><time>2026-04-17T19:14:30Z</time></rtept><rtept lat="44.618037" lon="-71.877971"><ele>478.8000000000011</ele><time>2026-04-17T19:14:30Z</time></rtept><rtept lat="44.618174" lon="-71.877993"><ele>480.40000000000146</ele><time>2026-04-17T19:14:30Z</time></rtept><rtept lat="44.61822" lon="-71.878207"><ele>481.2000000000007</ele><time>2026-04-17T19:14:30Z</time></rtept><rtept lat="44.618312" lon="-71.878218"><ele>482.0</ele><time>2026-04-17T19:14:30Z</time></rtept><rtept lat="44.61851" lon="-71.877917"><ele>484.8000000000011</ele><time>2026-04-17T19:14:30Z</time></rtept><rtept lat="44.618556" lon="-71.877327"><ele>486.2000000000007</ele><time>2026-04-17T19:14:30Z</time></rtept><rtept lat="44.618633" lon="-71.877284"><ele>486.60000000000036</ele><time>2026-04-17T19:14:30Z</time></rtept><rtept lat="44.619045" lon="-71.877499"><ele>488.0</ele><time>2026-04-17T19:14:30Z</time></rtept><rtept lat="44.619099" lon="-71.877617"><ele>488.2000000000007</ele><time>2026-04-17T19:14:30Z</time></rtept><rtept lat="44.619152" lon="-71.878035"><ele>492.2000000000007</ele><time>2026-04-17T19:14:30Z</time></rtept><rtept lat="44.619167" lon="-71.878271"><ele>493.60000000000036</ele><time>2026-04-17T19:14:30Z</time></rtept><rtept lat="44.619412" lon="-71.878261"><ele>496.0</ele><time>2026-04-17T19:14:30Z</time></rtept><rtept lat="44.619557" lon="-71.878143"><ele>497.40000000000146</ele><time>2026-04-17T19:14:30Z</time></rtept><rtept lat="44.619916" lon="-71.877928"><ele>499.2000000000007</ele><time>2026-04-17T19:14:30Z</time></rtept><rtept lat="44.619946" lon="-71.877617"><ele>495.60000000000036</ele><time>2026-04-17T19:14:30Z</time></rtept><rtept lat="44.619893" lon="-71.877413"><ele>493.0</ele><time>2026-04-17T19:14:30Z</time></rtept><rtept lat="44.619885" lon="-71.877292"><ele>491.60000000000036</ele><time>2026-04-17T19:14:30Z</time></rtept><rtept lat="44.619885" lon="-71.877292"><ele>491.60000000000036</ele><time>2026-04-17T19:14:30Z</time></rtept><rtept lat="44.61987" lon="-71.877059"><ele>489.2000000000007</ele><time>2026-04-17T19:14:30Z</time></rtept><rtept lat="44.619832" lon="-71.876866"><ele>489.2000000000007</ele><time>2026-04-17T19:14:30Z</time></rtept><rtept lat="44.619862" lon="-71.876716"><ele>491.60000000000036</ele><time>2026-04-17T19:14:30Z</time></rtept><rtept lat="44.619984" lon="-71.876705"><ele>493.0</ele><time>2026-04-17T19:14:30Z</time></rtept><rtept lat="44.620878" lon="-71.877081"><ele>494.60000000000036</ele><time>2026-04-17T19:14:30Z</time></rtept><rtept lat="44.621443" lon="-71.876855"><ele>499.2000000000007</ele><time>2026-04-17T19:14:30Z</time></rtept><rtept lat="44.621794" lon="-71.876662"><ele>498.8000000000011</ele><time>2026-04-17T19:14:30Z</time></rtept><rtept lat="44.622008" lon="-71.875847"><ele>496.40000000000146</ele><time>2026-04-17T19:14:30Z</time></rtept><rtept lat="44.622256" lon="-71.87581"><ele>498.0</ele><time>2026-04-17T19:14:30Z</time></rtept><rtept lat="44.622204" lon="-71.875759"><ele>497.8000000000011</ele><time>2026-04-17T19:14:30Z</time></rtept><rtept lat="44.622172" lon="-71.875759"><ele>497.60000000000036</ele><time>2026-04-17T19:14:30Z</time></rtept><rtept lat="44.622091" lon="-71.875754"><ele>497.40000000000146</ele><time>2026-04-17T19:14:30Z</time></rtept><rtept lat="44.622039" lon="-71.875785"><ele>497.40000000000146</ele><time>2026-04-17T19:14:30Z</time></rtept><rtept lat="44.622001" lon="-71.875761"><ele>497.40000000000146</ele><time>2026-04-17T19:14:30Z</time></rtept><rtept lat="44.621961" lon="-71.8757"><ele>498.8000000000011</ele><time>2026-04-17T19:14:30Z</time></rtept><rtept lat="44.621966" lon="-71.875606"><ele>500.0</ele><time>2026-04-17T19:14:30Z</time></rtept><rtept lat="44.622039" lon="-71.875476"><ele>502.40000000000146</ele><time>2026-04-17T19:14:30Z</time></rtept><rtept lat="44.621973" lon="-71.875311"><ele>503.2000000000007</ele><time>2026-04-17T19:14:30Z</time></rtept><rtept lat="44.621917" lon="-71.875261"><ele>504.0</ele><time>2026-04-17T19:14:30Z</time></rtept><rtept lat="44.621852" lon="-71.875236"><ele>504.0</ele><time>2026-04-17T19:14:30Z</time></rtept><rtept lat="44.621736" lon="-71.875263"><ele>504.2000000000007</ele><time>2026-04-17T19:14:30Z</time></rtept><rtept lat="44.621677" lon="-71.87517"><ele>505.0</ele><time>2026-04-17T19:14:30Z</time></rtept><rtept lat="44.62157" lon="-71.8751"><ele>505.0</ele><time>2026-04-17T19:14:30Z</time></rtept><rtept lat="44.621511" lon="-71.875034"><ele>505.60000000000036</ele><time>2026-04-17T19:14:30Z</time></rtept><rtept lat="44.621427" lon="-71.874956"><ele>505.0</ele><time>2026-04-17T19:14:30Z</time></rtept><rtept lat="44.621343" lon="-71.874887"><ele>504.60000000000036</ele><time>2026-04-17T19:14:30Z</time></rtept><rtept lat="44.621286" lon="-71.874823"><ele>504.8000000000011</ele><time>2026-04-17T19:14:30Z</time></rtept><rtept lat="44.62119" lon="-71.874803"><ele>504.2000000000007</ele><time>2026-04-17T19:14:30Z</time></rtept><rtept lat="44.62109" lon="-71.874738"><ele>504.40000000000146</ele><time>2026-04-17T19:14:30Z</time></rtept><rtept lat="44.621172" lon="-71.874748"><ele>504.8000000000011</ele><time>2026-04-17T19:14:30Z</time></rtept><rtept lat="44.621338" lon="-71.874832"><ele>505.0</ele><time>2026-04-17T19:14:30Z</time></rtept><rtept lat="44.621436" lon="-71.874861"><ele>505.60000000000036</ele><time>2026-04-17T19:14:30Z</time></rtept><rtept lat="44.62154" lon="-71.87487"><ele>506.8000000000011</ele><time>2026-04-17T19:14:30Z</time></rtept><rtept lat="44.621633" lon="-71.874875"><ele>507.2000000000007</ele><time>2026-04-17T19:14:30Z</time></rtept><rtept lat="44.621647" lon="-71.874842"><ele>507.2000000000007</ele><time>2026-04-17T19:14:30Z</time></rtept><rtept lat="44.621642" lon="-71.874792"><ele>507.2000000000007</ele><time>2026-04-17T19:14:30Z</time></rtept><rtept lat="44.621632" lon="-71.874707"><ele>507.60000000000036</ele><time>2026-04-17T19:14:30Z</time></rtept><rtept lat="44.621605" lon="-71.874588"><ele>508.2000000000007</ele><time>2026-04-17T19:14:30Z</time></rtept><rtept lat="44.621539" lon="-71.874487"><ele>508.0</ele><time>2026-04-17T19:14:30Z</time></rtept><rtept lat="44.621486" lon="-71.874309"><ele>508.0</ele><time>2026-04-17T19:14:30Z</time></rtept><rtept lat="44.621415" lon="-71.874245"><ele>508.0</ele><time>2026-04-17T19:14:30Z</time></rtept><rtept lat="44.621357" lon="-71.874131"><ele>508.0</ele><time>2026-04-17T19:14:30Z</time></rtept><rtept lat="44.621412" lon="-71.873981"><ele>509.2000000000007</ele><time>2026-04-17T19:14:30Z</time></rtept><rtept lat="44.621403" lon="-71.873861"><ele>509.60000000000036</ele><time>2026-04-17T19:14:30Z</time></rtept><rtept lat="44.621379" lon="-71.873753"><ele>510.60000000000036</ele><time>2026-04-17T19:14:30Z</time></rtept><rtept lat="44.62135" lon="-71.873593"><ele>511.2000000000007</ele><time>2026-04-17T19:14:30Z</time></rtept><rtept lat="44.621386" lon="-71.873401"><ele>512.8000000000011</ele><time>2026-04-17T19:14:30Z</time></rtept><rtept lat="44.62137" lon="-71.873293"><ele>513.4000000000015</ele><time>2026-04-17T19:14:30Z</time></rtept><rtept lat="44.621393" lon="-71.873238"><ele>514.4000000000015</ele><time>2026-04-17T19:14:30Z</time></rtept><rtept lat="44.621434" lon="-71.873173"><ele>514.4000000000015</ele><time>2026-04-17T19:14:30Z</time></rtept><rtept lat="44.621306" lon="-71.873166"><ele>513.4000000000015</ele><time>2026-04-17T19:14:30Z</time></rtept><rtept lat="44.62122" lon="-71.87315"><ele>513.4000000000015</ele><time>2026-04-17T19:14:30Z</time></rtept><rtept lat="44.621163" lon="-71.873121"><ele>513.2000000000007</ele><time>2026-04-17T19:14:30Z</time></rtept><rtept lat="44.621111" lon="-71.873005"><ele>513.2000000000007</ele><time>2026-04-17T19:14:30Z</time></rtept><rtept lat="44.621078" lon="-71.872998"><ele>512.8000000000011</ele><time>2026-04-17T19:14:30Z</time></rtept><rtept lat="44.621028" lon="-71.872899"><ele>513.8000000000011</ele><time>2026-04-17T19:14:30Z</time></rtept><rtept lat="44.620968" lon="-71.872812"><ele>514.0</ele><time>2026-04-17T19:14:30Z</time></rtept><rtept lat="44.620898" lon="-71.872678"><ele>513.6000000000004</ele><time>2026-04-17T19:14:30Z</time></rtept><rtept lat="44.620838" lon="-71.872499"><ele>515.2000000000007</ele><time>2026-04-17T19:14:30Z</time></rtept><rtept lat="44.620831" lon="-71.872393"><ele>515.4000000000015</ele><time>2026-04-17T19:14:30Z</time></rtept><rtept lat="44.620809" lon="-71.872322"><ele>516.2000000000007</ele><time>2026-04-17T19:14:30Z</time></rtept><rtept lat="44.620778" lon="-71.87214"><ele>518.0</ele><time>2026-04-17T19:14:30Z</time></rtept><rtept lat="44.620743" lon="-71.872101"><ele>518.0</ele><time>2026-04-17T19:14:30Z</time></rtept><rtept lat="44.620714" lon="-71.872091"><ele>517.4000000000015</ele><time>2026-04-17T19:14:30Z</time></rtept><rtept lat="44.620657" lon="-71.872098"><ele>517.4000000000015</ele><time>2026-04-17T19:14:30Z</time></rtept><rtept lat="44.620604" lon="-71.872101"><ele>516.6000000000004</ele><time>2026-04-17T19:14:30Z</time></rtept><rtept lat="44.620487" lon="-71.871929"><ele>515.4000000000015</ele><time>2026-04-17T19:14:30Z</time></rtept><rtept lat="44.620437" lon="-71.87176"><ele>514.8000000000011</ele><time>2026-04-17T19:14:30Z</time></rtept><rtept lat="44.620408" lon="-71.871732"><ele>514.0</ele><time>2026-04-17T19:14:30Z</time></rtept><rtept lat="44.620361" lon="-71.871713"><ele>514.0</ele><time>2026-04-17T19:14:30Z</time></rtept><rtept lat="44.620302" lon="-71.871515"><ele>513.2000000000007</ele><time>2026-04-17T19:14:30Z</time></rtept><rtept lat="44.620318" lon="-71.871348"><ele>513.2000000000007</ele><time>2026-04-17T19:14:30Z</time></rtept><rtept lat="44.620322" lon="-71.871222"><ele>513.2000000000007</ele><time>2026-04-17T19:14:30Z</time></rtept><rtept lat="44.620364" lon="-71.871106"><ele>513.8000000000011</ele><time>2026-04-17T19:14:30Z</time></rtept><rtept lat="44.620327" lon="-71.870982"><ele>513.0</ele><time>2026-04-17T19:14:30Z</time></rtept><rtept lat="44.620329" lon="-71.870848"><ele>513.0</ele><time>2026-04-17T19:14:30Z</time></rtept><rtept lat="44.620342" lon="-71.870751"><ele>512.8000000000011</ele><time>2026-04-17T19:14:30Z</time></rtept><rtept lat="44.620388" lon="-71.870634"><ele>513.0</ele><time>2026-04-17T19:14:30Z</time></rtept><rtept lat="44.620422" lon="-71.870478"><ele>513.2000000000007</ele><time>2026-04-17T19:14:30Z</time></rtept><rtept lat="44.620432" lon="-71.870298"><ele>513.0</ele><time>2026-04-17T19:14:30Z</time></rtept><rtept lat="44.620465" lon="-71.870124"><ele>513.0</ele><time>2026-04-17T19:14:30Z</time></rtept><rtept lat="44.620499" lon="-71.870026"><ele>513.4000000000015</ele><time>2026-04-17T19:14:30Z</time></rtept><rtept lat="44.620578" lon="-71.869956"><ele>513.4000000000015</ele><time>2026-04-17T19:14:30Z</time></rtept><rtept lat="44.620664" lon="-71.869782"><ele>511.0</ele><time>2026-04-17T19:14:30Z</time></rtept><rtept lat="44.620725" lon="-71.86973"><ele>511.2000000000007</ele><time>2026-04-17T19:14:30Z</time></rtept><rtept lat="44.620741" lon="-71.869716"><ele>508.60000000000036</ele><time>2026-04-17T19:14:30Z</time></rtept><rtept lat="44.620741" lon="-71.869716"><ele>508.60000000000036</ele><time>2026-04-17T19:14:30Z</time></rtept><rtept lat="44.620778" lon="-71.869683"><ele>509.2000000000007</ele><time>2026-04-17T19:14:30Z</time></rtept><rtept lat="44.620878" lon="-71.869657"><ele>510.2000000000007</ele><time>2026-04-17T19:14:30Z</time></rtept><rtept lat="44.620956" lon="-71.869629"><ele>509.8000000000011</ele><time>2026-04-17T19:14:30Z</time></rtept><rtept lat="44.621021" lon="-71.869631"><ele>511.60000000000036</ele><time>2026-04-17T19:14:30Z</time></rtept><rtept lat="44.621088" lon="-71.869594"><ele>513.6000000000004</ele><time>2026-04-17T19:14:30Z</time></rtept><rtept lat="44.621178" lon="-71.869548"><ele>513.4000000000015</ele><time>2026-04-17T19:14:30Z</time></rtept><rtept lat="44.621231" lon="-71.8694"><ele>512.8000000000011</ele><time>2026-04-17T19:14:30Z</time></rtept><rtept lat="44.621329" lon="-71.86933"><ele>512.0</ele><time>2026-04-17T19:14:30Z</time></rtept><rtept lat="44.621388" lon="-71.869318"><ele>512.8000000000011</ele><time>2026-04-17T19:14:30Z</time></rtept><rtept lat="44.621485" lon="-71.869315"><ele>513.2000000000007</ele><time>2026-04-17T19:14:30Z</time></rtept><rtept lat="44.621585" lon="-71.869278"><ele>510.60000000000036</ele><time>2026-04-17T19:14:30Z</time></rtept><rtept lat="44.621731" lon="-71.869307"><ele>511.2000000000007</ele><time>2026-04-17T19:14:30Z</time></rtept><rtept lat="44.621803" lon="-71.869277"><ele>509.8000000000011</ele><time>2026-04-17T19:14:30Z</time></rtept><rtept lat="44.621876" lon="-71.869245"><ele>510.0</ele><time>2026-04-17T19:14:30Z</time></rtept><rtept lat="44.62195" lon="-71.869152"><ele>509.0</ele><time>2026-04-17T19:14:30Z</time></rtept><rtept lat="44.622033" lon="-71.869122"><ele>508.40000000000146</ele><time>2026-04-17T19:14:30Z</time></rtept><rtept lat="44.622128" lon="-71.869134"><ele>508.8000000000011</ele><time>2026-04-17T19:14:30Z</time></rtept><rtept lat="44.622182" lon="-71.869163"><ele>508.60000000000036</ele><time>2026-04-17T19:14:30Z</time></rtept><rtept lat="44.622293" lon="-71.869204"><ele>508.40000000000146</ele><time>2026-04-17T19:14:30Z</time></rtept><rtept lat="44.622393" lon="-71.86926"><ele>509.40000000000146</ele><time>2026-04-17T19:14:30Z</time></rtept><rtept lat="44.622451" lon="-71.869242"><ele>509.8000000000011</ele><time>2026-04-17T19:14:30Z</time></rtept><rtept lat="44.622514" lon="-71.869267"><ele>510.40000000000146</ele><time>2026-04-17T19:14:30Z</time></rtept><rtept lat="44.622611" lon="-71.869283"><ele>511.0</ele><time>2026-04-17T19:14:30Z</time></rtept><rtept lat="44.622695" lon="-71.869281"><ele>511.0</ele><time>2026-04-17T19:14:30Z</time></rtept><rtept lat="44.622827" lon="-71.869275"><ele>510.8000000000011</ele><time>2026-04-17T19:14:30Z</time></rtept><rtept lat="44.622908" lon="-71.869258"><ele>510.40000000000146</ele><time>2026-04-17T19:14:30Z</time></rtept><rtept lat="44.622976" lon="-71.869272"><ele>509.40000000000146</ele><time>2026-04-17T19:14:30Z</time></rtept><rtept lat="44.623051" lon="-71.869315"><ele>509.40000000000146</ele><time>2026-04-17T19:14:30Z</time></rtept><rtept lat="44.623091" lon="-71.869448"><ele>510.0</ele><time>2026-04-17T19:14:30Z</time></rtept><rtept lat="44.623147" lon="-71.869566"><ele>511.8000000000011</ele><time>2026-04-17T19:14:30Z</time></rtept><rtept lat="44.623181" lon="-71.869646"><ele>512.0</ele><time>2026-04-17T19:14:30Z</time></rtept><rtept lat="44.623193" lon="-71.869719"><ele>512.0</ele><time>2026-04-17T19:14:30Z</time></rtept><rtept lat="44.623228" lon="-71.869816"><ele>512.6000000000004</ele><time>2026-04-17T19:14:30Z</time></rtept><rtept lat="44.623246" lon="-71.869955"><ele>513.4000000000015</ele><time>2026-04-17T19:14:30Z</time></rtept><rtept lat="44.623209" lon="-71.870051"><ele>514.8000000000011</ele><time>2026-04-17T19:14:30Z</time></rtept><rtept lat="44.623161" lon="-71.870117"><ele>515.0</ele><time>2026-04-17T19:14:30Z</time></rtept><rtept lat="44.623096" lon="-71.870045"><ele>516.0</ele><time>2026-04-17T19:14:30Z</time></rtept><rtept lat="44.62302" lon="-71.869975"><ele>516.4000000000015</ele><time>2026-04-17T19:14:30Z</time></rtept><rtept lat="44.622972" lon="-71.869968"><ele>517.4000000000015</ele><time>2026-04-17T19:14:30Z</time></rtept><rtept lat="44.622904" lon="-71.870004"><ele>518.4000000000015</ele><time>2026-04-17T19:14:30Z</time></rtept><rtept lat="44.62297" lon="-71.870041"><ele>517.6000000000004</ele><time>2026-04-17T19:14:30Z</time></rtept><rtept lat="44.623004" lon="-71.870108"><ele>517.2000000000007</ele><time>2026-04-17T19:14:30Z</time></rtept><rtept lat="44.62302" lon="-71.870215"><ele>517.6000000000004</ele><time>2026-04-17T19:14:30Z</time></rtept><rtept lat="44.623046" lon="-71.870367"><ele>518.2000000000007</ele><time>2026-04-17T19:14:30Z</time></rtept><rtept lat="44.623067" lon="-71.870542"><ele>519.4000000000015</ele><time>2026-04-17T19:14:30Z</time></rtept><rtept lat="44.623062" lon="-71.870644"><ele>519.8000000000011</ele><time>2026-04-17T19:14:30Z</time></rtept><rtept lat="44.623071" lon="-71.870708"><ele>520.4000000000015</ele><time>2026-04-17T19:14:30Z</time></rtept><rtept lat="44.62307" lon="-71.870843"><ele>521.2000000000007</ele><time>2026-04-17T19:14:30Z</time></rtept><rtept lat="44.623072" lon="-71.870992"><ele>521.2000000000007</ele><time>2026-04-17T19:14:30Z</time></rtept><rtept lat="44.623087" lon="-71.871137"><ele>521.4000000000015</ele><time>2026-04-17T19:14:30Z</time></rtept><rtept lat="44.623068" lon="-71.871216"><ele>521.6000000000004</ele><time>2026-04-17T19:14:30Z</time></rtept><rtept lat="44.623016" lon="-71.871319"><ele>522.0</ele><time>2026-04-17T19:14:30Z</time></rtept><rtept lat="44.622891" lon="-71.871358"><ele>522.8000000000011</ele><time>2026-04-17T19:14:30Z</time></rtept><rtept lat="44.622837" lon="-71.871467"><ele>523.2000000000007</ele><time>2026-04-17T19:14:30Z</time></rtept><rtept lat="44.622789" lon="-71.871533"><ele>523.2000000000007</ele><time>2026-04-17T19:14:30Z</time></rtept><rtept lat="44.622709" lon="-71.87162"><ele>523.4000000000015</ele><time>2026-04-17T19:14:30Z</time></rtept><rtept lat="44.622638" lon="-71.871679"><ele>523.8000000000011</ele><time>2026-04-17T19:14:30Z</time></rtept><rtept lat="44.622557" lon="-71.871731"><ele>524.2000000000007</ele><time>2026-04-17T19:14:30Z</time></rtept><rtept lat="44.622477" lon="-71.87182"><ele>524.4000000000015</ele><time>2026-04-17T19:14:30Z</time></rtept><rtept lat="44.622424" lon="-71.871944"><ele>524.8000000000011</ele><time>2026-04-17T19:14:30Z</time></rtept><rtept lat="44.622433" lon="-71.872018"><ele>525.0</ele><time>2026-04-17T19:14:30Z</time></rtept><rtept lat="44.62236" lon="-71.872114"><ele>525.2000000000007</ele><time>2026-04-17T19:14:30Z</time></rtept><rtept lat="44.622303" lon="-71.872165"><ele>525.6000000000004</ele><time>2026-04-17T19:14:30Z</time></rtept><rtept lat="44.622246" lon="-71.872152"><ele>525.6000000000004</ele><time>2026-04-17T19:14:30Z</time></rtept><rtept lat="44.622199" lon="-71.872079"><ele>525.2000000000007</ele><time>2026-04-17T19:14:30Z</time></rtept><rtept lat="44.622146" lon="-71.872033"><ele>524.8000000000011</ele><time>2026-04-17T19:14:30Z</time></rtept><rtept lat="44.622104" lon="-71.87197"><ele>524.6000000000004</ele><time>2026-04-17T19:14:30Z</time></rtept><rtept lat="44.622066" lon="-71.871901"><ele>524.6000000000004</ele><time>2026-04-17T19:14:30Z</time></rtept><rtept lat="44.622084" lon="-71.871965"><ele>524.6000000000004</ele><time>2026-04-17T19:14:30Z</time></rtept><rtept lat="44.622075" lon="-71.872004"><ele>524.6000000000004</ele><time>2026-04-17T19:14:30Z</time></rtept><rtept lat="44.622082" lon="-71.872041"><ele>524.6000000000004</ele><time>2026-04-17T19:14:30Z</time></rtept><rtept lat="44.622106" lon="-71.872069"><ele>525.0</ele><time>2026-04-17T19:14:30Z</time></rtept><rtept lat="44.622119" lon="-71.872088"><ele>525.0</ele><time>2026-04-17T19:14:30Z</time></rtept><rtept lat="44.622137" lon="-71.872115"><ele>525.0</ele><time>2026-04-17T19:14:30Z</time></rtept><rtept lat="44.622151" lon="-71.872154"><ele>525.4000000000015</ele><time>2026-04-17T19:14:30Z</time></rtept><rtept lat="44.622155" lon="-71.87221"><ele>525.4000000000015</ele><time>2026-04-17T19:14:30Z</time></rtept><rtept lat="44.622157" lon="-71.872228"><ele>525.8000000000011</ele><time>2026-04-17T19:14:30Z</time></rtept><rtept lat="44.622184" lon="-71.872246"><ele>526.2000000000007</ele><time>2026-04-17T19:14:30Z</time></rtept><rtept lat="44.622224" lon="-71.872252"><ele>526.2000000000007</ele><time>2026-04-17T19:14:30Z</time></rtept><rtept lat="44.62227" lon="-71.872277"><ele>526.4000000000015</ele><time>2026-04-17T19:14:30Z</time></rtept><rtept lat="44.6223" lon="-71.872269"><ele>526.4000000000015</ele><time>2026-04-17T19:14:30Z</time></rtept><rtept lat="44.622336" lon="-71.872277"><ele>526.6000000000004</ele><time>2026-04-17T19:14:30Z</time></rtept><rtept lat="44.622362" lon="-71.8723"><ele>526.6000000000004</ele><time>2026-04-17T19:14:30Z</time></rtept><rtept lat="44.622394" lon="-71.872321"><ele>527.0</ele><time>2026-04-17T19:14:30Z</time></rtept><rtept lat="44.62243" lon="-71.872322"><ele>527.0</ele><time>2026-04-17T19:14:30Z</time></rtept><rtept lat="44.622475" lon="-71.872263"><ele>526.6000000000004</ele><time>2026-04-17T19:14:30Z</time></rtept><rtept lat="44.622505" lon="-71.872203"><ele>526.0</ele><time>2026-04-17T19:14:30Z</time></rtept><rtept lat="44.622529" lon="-71.872135"><ele>526.0</ele><time>2026-04-17T19:14:30Z</time></rtept><rtept lat="44.622524" lon="-71.872066"><ele>525.4000000000015</ele><time>2026-04-17T19:14:30Z</time></rtept><rtept lat="44.622517" lon="-71.871984"><ele>525.0</ele><time>2026-04-17T19:14:30Z</time></rtept><rtept lat="44.622515" lon="-71.871882"><ele>524.4000000000015</ele><time>2026-04-17T19:14:30Z</time></rtept><rtept lat="44.622527" lon="-71.871841"><ele>524.4000000000015</ele><time>2026-04-17T19:14:30Z</time></rtept><rtept lat="44.622539" lon="-71.871799"><ele>524.4000000000015</ele><time>2026-04-17T19:14:30Z</time></rtept><rtept lat="44.622569" lon="-71.871768"><ele>524.2000000000007</ele><time>2026-04-17T19:14:30Z</time></rtept><rtept lat="44.622593" lon="-71.871758"><ele>524.2000000000007</ele><time>2026-04-17T19:14:30Z</time></rtept><rtept lat="44.622696" lon="-71.871784"><ele>523.6000000000004</ele><time>2026-04-17T19:14:30Z</time></rtept><rtept lat="44.62277" lon="-71.871817"><ele>523.4000000000015</ele><time>2026-04-17T19:14:30Z</time></rtept><rtept lat="44.622827" lon="-71.871874"><ele>523.6000000000004</ele><time>2026-04-17T19:14:30Z</time></rtept><rtept lat="44.622869" lon="-71.871895"><ele>523.4000000000015</ele><time>2026-04-17T19:14:30Z</time></rtept><rtept lat="44.622929" lon="-71.871981"><ele>523.4000000000015</ele><time>2026-04-17T19:14:30Z</time></rtept><rtept lat="44.623013" lon="-71.872068"><ele>523.0</ele><time>2026-04-17T19:14:30Z</time></rtept><rtept lat="44.623045" lon="-71.872146"><ele>522.2000000000007</ele><time>2026-04-17T19:14:30Z</time></rtept><rtept lat="44.623084" lon="-71.8722"><ele>522.2000000000007</ele><time>2026-04-17T19:14:30Z</time></rtept><rtept lat="44.62314" lon="-71.872329"><ele>521.6000000000004</ele><time>2026-04-17T19:14:30Z</time></rtept><rtept lat="44.623209" lon="-71.872427"><ele>520.8000000000011</ele><time>2026-04-17T19:14:30Z</time></rtept><rtept lat="44.623301" lon="-71.872529"><ele>519.2000000000007</ele><time>2026-04-17T19:14:30Z</time></rtept><rtept lat="44.62333" lon="-71.872611"><ele>519.4000000000015</ele><time>2026-04-17T19:14:30Z</time></rtept><rtept lat="44.623363" lon="-71.872767"><ele>519.0</ele><time>2026-04-17T19:14:30Z</time></rtept><rtept lat="44.623363" lon="-71.872767"><ele>519.0</ele><time>2026-04-17T19:14:30Z</time></rtept><rtept lat="44.623363" lon="-71.872767"><ele>519.0</ele><time>2026-04-17T19:14:30Z</time></rtept><rtept lat="44.623364" lon="-71.872866"><ele>518.8000000000011</ele><time>2026-04-17T19:14:30Z</time></rtept><rtept lat="44.623364" lon="-71.872981"><ele>518.6000000000004</ele><time>2026-04-17T19:14:30Z</time></rtept><rtept lat="44.623353" lon="-71.87302"><ele>518.4000000000015</ele><time>2026-04-17T19:14:30Z</time></rtept><rtept lat="44.623334" lon="-71.873045"><ele>519.0</ele><time>2026-04-17T19:14:30Z</time></rtept><rtept lat="44.623336" lon="-71.873173"><ele>518.0</ele><time>2026-04-17T19:14:30Z</time></rtept><rtept lat="44.623313" lon="-71.873245"><ele>518.0</ele><time>2026-04-17T19:14:30Z</time></rtept><rtept lat="44.623263" lon="-71.873301"><ele>517.6000000000004</ele><time>2026-04-17T19:14:30Z</time></rtept><rtept lat="44.623223" lon="-71.873343"><ele>516.8000000000011</ele><time>2026-04-17T19:14:30Z</time></rtept><rtept lat="44.623201" lon="-71.873376"><ele>517.0</ele><time>2026-04-17T19:14:30Z</time></rtept><rtept lat="44.623182" lon="-71.873431"><ele>516.0</ele><time>2026-04-17T19:14:30Z</time></rtept><rtept lat="44.623197" lon="-71.873492"><ele>516.0</ele><time>2026-04-17T19:14:30Z</time></rtept><rtept lat="44.623233" lon="-71.873545"><ele>515.0</ele><time>2026-04-17T19:14:30Z</time></rtept><rtept lat="44.623271" lon="-71.873577"><ele>515.0</ele><time>2026-04-17T19:14:30Z</time></rtept><rtept lat="44.623323" lon="-71.873595"><ele>514.0</ele><time>2026-04-17T19:14:30Z</time></rtept><rtept lat="44.623368" lon="-71.873626"><ele>513.6000000000004</ele><time>2026-04-17T19:14:30Z</time></rtept><rtept lat="44.623447" lon="-71.873635"><ele>513.4000000000015</ele><time>2026-04-17T19:14:30Z</time></rtept><rtept lat="44.623501" lon="-71.873695"><ele>512.4000000000015</ele><time>2026-04-17T19:14:30Z</time></rtept><rtept lat="44.623592" lon="-71.873697"><ele>511.8000000000011</ele><time>2026-04-17T19:14:30Z</time></rtept><rtept lat="44.623736" lon="-71.873633"><ele>511.60000000000036</ele><time>2026-04-17T19:14:30Z</time></rtept><rtept lat="44.623819" lon="-71.873585"><ele>511.8000000000011</ele><time>2026-04-17T19:14:30Z</time></rtept><rtept lat="44.623899" lon="-71.873506"><ele>511.0</ele><time>2026-04-17T19:14:30Z</time></rtept><rtept lat="44.623978" lon="-71.873456"><ele>510.8000000000011</ele><time>2026-04-17T19:14:30Z</time></rtept><rtept lat="44.62403" lon="-71.873329"><ele>510.8000000000011</ele><time>2026-04-17T19:14:30Z</time></rtept><rtept lat="44.624058" lon="-71.873239"><ele>511.0</ele><time>2026-04-17T19:14:30Z</time></rtept><rtept lat="44.624104" lon="-71.873174"><ele>510.40000000000146</ele><time>2026-04-17T19:14:30Z</time></rtept><rtept lat="44.624101" lon="-71.873064"><ele>510.60000000000036</ele><time>2026-04-17T19:14:30Z</time></rtept><rtept lat="44.624112" lon="-71.873012"><ele>510.60000000000036</ele><time>2026-04-17T19:14:30Z</time></rtept><rtept lat="44.624151" lon="-71.872962"><ele>509.8000000000011</ele><time>2026-04-17T19:14:30Z</time></rtept><rtept lat="44.624215" lon="-71.872954"><ele>509.2000000000007</ele><time>2026-04-17T19:14:30Z</time></rtept><rtept lat="44.624278" lon="-71.873083"><ele>508.40000000000146</ele><time>2026-04-17T19:14:30Z</time></rtept><rtept lat="44.624344" lon="-71.873247"><ele>507.0</ele><time>2026-04-17T19:14:30Z</time></rtept><rtept lat="44.624396" lon="-71.873362"><ele>506.0</ele><time>2026-04-17T19:14:30Z</time></rtept><rtept lat="44.624408" lon="-71.873495"><ele>505.60000000000036</ele><time>2026-04-17T19:14:30Z</time></rtept><rtept lat="44.624407" lon="-71.873574"><ele>505.60000000000036</ele><time>2026-04-17T19:14:30Z</time></rtept><rtept lat="44.624401" lon="-71.873687"><ele>505.0</ele><time>2026-04-17T19:14:30Z</time></rtept><rtept lat="44.624389" lon="-71.873764"><ele>504.8000000000011</ele><time>2026-04-17T19:14:30Z</time></rtept><rtept lat="44.624422" lon="-71.873822"><ele>504.8000000000011</ele><time>2026-04-17T19:14:30Z</time></rtept><rtept lat="44.624464" lon="-71.87381"><ele>504.0</ele><time>2026-04-17T19:14:30Z</time></rtept><rtept lat="44.624507" lon="-71.873751"><ele>503.0</ele><time>2026-04-17T19:14:30Z</time></rtept><rtept lat="44.624545" lon="-71.873693"><ele>503.0</ele><time>2026-04-17T19:14:30Z</time></rtept><rtept lat="44.62457" lon="-71.87367"><ele>502.2000000000007</ele><time>2026-04-17T19:14:30Z</time></rtept><rtept lat="44.624638" lon="-71.873697"><ele>500.8000000000011</ele><time>2026-04-17T19:14:30Z</time></rtept><rtept lat="44.624679" lon="-71.873743"><ele>500.8000000000011</ele><time>2026-04-17T19:14:30Z</time></rtept><rtept lat="44.624726" lon="-71.873776"><ele>500.0</ele><time>2026-04-17T19:14:30Z</time></rtept><rtept lat="44.625017" lon="-71.873701"><ele>497.8000000000011</ele><time>2026-04-17T19:14:30Z</time></rtept><rtept lat="44.62523" lon="-71.873508"><ele>496.60000000000036</ele><time>2026-04-17T19:14:30Z</time></rtept><rtept lat="44.625375" lon="-71.873304"><ele>495.2000000000007</ele><time>2026-04-17T19:14:30Z</time></rtept><rtept lat="44.625582" lon="-71.873315"><ele>493.2000000000007</ele><time>2026-04-17T19:14:30Z</time></rtept><rtept lat="44.625651" lon="-71.873444"><ele>493.0</ele><time>2026-04-17T19:14:30Z</time></rtept><rtept lat="44.625781" lon="-71.873498"><ele>491.2000000000007</ele><time>2026-04-17T19:14:30Z</time></rtept><rtept lat="44.625911" lon="-71.873551"><ele>489.60000000000036</ele><time>2026-04-17T19:14:30Z</time></rtept><rtept lat="44.62601" lon="-71.873519"><ele>488.8000000000011</ele><time>2026-04-17T19:14:30Z</time></rtept><rtept lat="44.626117" lon="-71.873498"><ele>487.0</ele><time>2026-04-17T19:14:30Z</time></rtept><rtept lat="44.626239" lon="-71.873605"><ele>486.40000000000146</ele><time>2026-04-17T19:14:30Z</time></rtept><rtept lat="44.626361" lon="-71.873734"><ele>485.2000000000007</ele><time>2026-04-17T19:14:30Z</time></rtept><rtept lat="44.626445" lon="-71.873864"><ele>485.2000000000007</ele><time>2026-04-17T19:14:30Z</time></rtept><rtept lat="44.626445" lon="-71.873864"><ele>485.2000000000007</ele><time>2026-04-17T19:14:30Z</time></rtept><rtept lat="44.626445" lon="-71.873865"><ele>485.2000000000007</ele><time>2026-04-17T19:14:30Z</time></rtept><rtept lat="44.626491" lon="-71.873937"><ele>484.60000000000036</ele><time>2026-04-17T19:14:30Z</time></rtept><rtept lat="44.626582" lon="-71.874066"><ele>483.40000000000146</ele><time>2026-04-17T19:14:30Z</time></rtept><rtept lat="44.626651" lon="-71.874195"><ele>482.60000000000036</ele><time>2026-04-17T19:14:30Z</time></rtept><rtept lat="44.626735" lon="-71.874249"><ele>482.0</ele><time>2026-04-17T19:14:30Z</time></rtept><rtept lat="44.626781" lon="-71.874131"><ele>481.40000000000146</ele><time>2026-04-17T19:14:30Z</time></rtept><rtept lat="44.626781" lon="-71.87397"><ele>480.8000000000011</ele><time>2026-04-17T19:14:30Z</time></rtept><rtept lat="44.626812" lon="-71.873895"><ele>480.40000000000146</ele><time>2026-04-17T19:14:30Z</time></rtept><rtept lat="44.62688" lon="-71.874013"><ele>480.0</ele><time>2026-04-17T19:14:30Z</time></rtept><rtept lat="44.626987" lon="-71.87412"><ele>479.0</ele><time>2026-04-17T19:14:30Z</time></rtept><rtept lat="44.627056" lon="-71.874216"><ele>478.0</ele><time>2026-04-17T19:14:30Z</time></rtept><rtept lat="44.627109" lon="-71.874291"><ele>477.0</ele><time>2026-04-17T19:14:30Z</time></rtept><rtept lat="44.627239" lon="-71.874088"><ele>475.2000000000007</ele><time>2026-04-17T19:14:30Z</time></rtept><rtept lat="44.627339" lon="-71.874088"><ele>473.8000000000011</ele><time>2026-04-17T19:14:30Z</time></rtept><rtept lat="44.627422" lon="-71.874216"><ele>473.0</ele><time>2026-04-17T19:14:30Z</time></rtept><rtept lat="44.627545" lon="-71.874388"><ele>471.0</ele><time>2026-04-17T19:14:30Z</time></rtept><rtept lat="44.62772" lon="-71.874538"><ele>468.8000000000011</ele><time>2026-04-17T19:14:30Z</time></rtept><rtept lat="44.627812" lon="-71.874592"><ele>467.40000000000146</ele><time>2026-04-17T19:14:30Z</time></rtept><rtept lat="44.627896" lon="-71.874688"><ele>466.8000000000011</ele><time>2026-04-17T19:14:30Z</time></rtept><rtept lat="44.628041" lon="-71.874742"><ele>465.8000000000011</ele><time>2026-04-17T19:14:30Z</time></rtept><rtept lat="44.628201" lon="-71.874839"><ele>463.0</ele><time>2026-04-17T19:14:30Z</time></rtept><rtept lat="44.628301" lon="-71.874989"><ele>461.0</ele><time>2026-04-17T19:14:30Z</time></rtept><rtept lat="44.628415" lon="-71.875193"><ele>460.0</ele><time>2026-04-17T19:14:30Z</time></rtept><rtept lat="44.628507" lon="-71.875332"><ele>460.60000000000036</ele><time>2026-04-17T19:14:30Z</time></rtept><rtept lat="44.628606" lon="-71.875493"><ele>459.0</ele><time>2026-04-17T19:14:30Z</time></rtept><rtept lat="44.628713" lon="-71.875622"><ele>458.40000000000146</ele><time>2026-04-17T19:14:30Z</time></rtept><rtept lat="44.628805" lon="-71.875729"><ele>457.40000000000146</ele><time>2026-04-17T19:14:30Z</time></rtept><rtept lat="44.628927" lon="-71.875922"><ele>454.60000000000036</ele><time>2026-04-17T19:14:30Z</time></rtept><rtept lat="44.628942" lon="-71.876137"><ele>453.8000000000011</ele><time>2026-04-17T19:14:30Z</time></rtept><rtept lat="44.629041" lon="-71.87619"><ele>452.60000000000036</ele><time>2026-04-17T19:14:30Z</time></rtept><rtept lat="44.629074" lon="-71.876247"><ele>452.60000000000036</ele><time>2026-04-17T19:14:30Z</time></rtept><rtept lat="44.629148" lon="-71.876373"><ele>451.40000000000146</ele><time>2026-04-17T19:14:30Z</time></rtept><rtept lat="44.629156" lon="-71.876577"><ele>450.8000000000011</ele><time>2026-04-17T19:14:30Z</time></rtept><rtept lat="44.629156" lon="-71.876781"><ele>449.40000000000146</ele><time>2026-04-17T19:14:30Z</time></rtept><rtept lat="44.629148" lon="-71.87707"><ele>447.0</ele><time>2026-04-17T19:14:30Z</time></rtept><rtept lat="44.629087" lon="-71.877285"><ele>445.2000000000007</ele><time>2026-04-17T19:14:30Z</time></rtept><rtept lat="44.629072" lon="-71.877446"><ele>445.40000000000146</ele><time>2026-04-17T19:14:30Z</time></rtept><rtept lat="44.629079" lon="-71.877542"><ele>443.2000000000007</ele><time>2026-04-17T19:14:30Z</time></rtept><rtept lat="44.629163" lon="-71.877564"><ele>443.0</ele><time>2026-04-17T19:14:30Z</time></rtept><rtept lat="44.629263" lon="-71.877596"><ele>443.2000000000007</ele><time>2026-04-17T19:14:30Z</time></rtept><rtept lat="44.629324" lon="-71.877725"><ele>445.2000000000007</ele><time>2026-04-17T19:14:30Z</time></rtept><rtept lat="44.629324" lon="-71.877939"><ele>445.2000000000007</ele><time>2026-04-17T19:14:30Z</time></rtept><rtept lat="44.62927" lon="-71.878186"><ele>444.60000000000036</ele><time>2026-04-17T19:14:30Z</time></rtept><rtept lat="44.629255" lon="-71.878411"><ele>444.0</ele><time>2026-04-17T19:14:30Z</time></rtept><rtept lat="44.629217" lon="-71.878604"><ele>443.60000000000036</ele><time>2026-04-17T19:14:30Z</time></rtept><rtept lat="44.629209" lon="-71.878755"><ele>442.8000000000011</ele><time>2026-04-17T19:14:30Z</time></rtept><rtept lat="44.629179" lon="-71.878894"><ele>442.8000000000011</ele><time>2026-04-17T19:14:30Z</time></rtept><rtept lat="44.629156" lon="-71.879055"><ele>441.2000000000007</ele><time>2026-04-17T19:14:30Z</time></rtept><rtept lat="44.629181" lon="-71.879171"><ele>440.0</ele><time>2026-04-17T19:14:30Z</time></rtept><rtept lat="44.629194" lon="-71.879227"><ele>440.0</ele><time>2026-04-17T19:14:30Z</time></rtept><rtept lat="44.62924" lon="-71.879377"><ele>438.40000000000146</ele><time>2026-04-17T19:14:30Z</time></rtept><rtept lat="44.629285" lon="-71.879495"><ele>437.0</ele><time>2026-04-17T19:14:30Z</time></rtept><rtept lat="44.629285" lon="-71.879699"><ele>433.8000000000011</ele><time>2026-04-17T19:14:30Z</time></rtept><rtept lat="44.629278" lon="-71.879838"><ele>433.2000000000007</ele><time>2026-04-17T19:14:30Z</time></rtept><rtept lat="44.629278" lon="-71.879978"><ele>432.40000000000146</ele><time>2026-04-17T19:14:30Z</time></rtept><rtept lat="44.629301" lon="-71.880117"><ele>431.2000000000007</ele><time>2026-04-17T19:14:30Z</time></rtept><rtept lat="44.629369" lon="-71.880246"><ele>430.2000000000007</ele><time>2026-04-17T19:14:30Z</time></rtept><rtept lat="44.629438" lon="-71.880407"><ele>428.40000000000146</ele><time>2026-04-17T19:14:30Z</time></rtept><rtept lat="44.629438" lon="-71.880622"><ele>426.0</ele><time>2026-04-17T19:14:30Z</time></rtept><rtept lat="44.629492" lon="-71.880772"><ele>425.0</ele><time>2026-04-17T19:14:30Z</time></rtept><rtept lat="44.629614" lon="-71.880782"><ele>424.60000000000036</ele><time>2026-04-17T19:14:30Z</time></rtept><rtept lat="44.629713" lon="-71.880858"><ele>424.0</ele><time>2026-04-17T19:14:30Z</time></rtept><rtept lat="44.629774" lon="-71.880986"><ele>422.8000000000011</ele><time>2026-04-17T19:14:30Z</time></rtept><rtept lat="44.629805" lon="-71.881136"><ele>422.40000000000146</ele><time>2026-04-17T19:14:30Z</time></rtept><rtept lat="44.629805" lon="-71.881351"><ele>420.60000000000036</ele><time>2026-04-17T19:14:30Z</time></rtept><rtept lat="44.629866" lon="-71.881544"><ele>419.2000000000007</ele><time>2026-04-17T19:14:30Z</time></rtept><rtept lat="44.629957" lon="-71.881727"><ele>417.40000000000146</ele><time>2026-04-17T19:14:30Z</time></rtept><rtept lat="44.630095" lon="-71.881834"><ele>415.2000000000007</ele><time>2026-04-17T19:14:30Z</time></rtept><rtept lat="44.63024" lon="-71.88192"><ele>413.8000000000011</ele><time>2026-04-17T19:14:30Z</time></rtept><rtept lat="44.630339" lon="-71.881963"><ele>413.0</ele><time>2026-04-17T19:14:30Z</time></rtept><rtept lat="44.630484" lon="-71.882027"><ele>412.2000000000007</ele><time>2026-04-17T19:14:30Z</time></rtept><rtept lat="44.630606" lon="-71.882059"><ele>411.40000000000146</ele><time>2026-04-17T19:14:30Z</time></rtept><rtept lat="44.630736" lon="-71.882059"><ele>410.2000000000007</ele><time>2026-04-17T19:14:30Z</time></rtept><rtept lat="44.630858" lon="-71.882188"><ele>409.2000000000007</ele><time>2026-04-17T19:14:30Z</time></rtept><rtept lat="44.630965" lon="-71.88237"><ele>408.2000000000007</ele><time>2026-04-17T19:14:30Z</time></rtept><rtept lat="44.630975" lon="-71.882396"><ele>408.2000000000007</ele><time>2026-04-17T19:14:30Z</time></rtept><rtept lat="44.630975" lon="-71.882396"><ele>408.2000000000007</ele><time>2026-04-17T19:14:30Z</time></rtept><rtept lat="44.631034" lon="-71.882553"><ele>406.8000000000011</ele><time>2026-04-17T19:14:30Z</time></rtept><rtept lat="44.631065" lon="-71.882789"><ele>404.2000000000007</ele><time>2026-04-17T19:14:30Z</time></rtept><rtept lat="44.631065" lon="-71.88296"><ele>403.0</ele><time>2026-04-17T19:14:30Z</time></rtept><rtept lat="44.631133" lon="-71.883132"><ele>400.60000000000036</ele><time>2026-04-17T19:14:30Z</time></rtept><rtept lat="44.63121" lon="-71.883336"><ele>399.0</ele><time>2026-04-17T19:14:30Z</time></rtept><rtept lat="44.631271" lon="-71.883497"><ele>397.40000000000146</ele><time>2026-04-17T19:14:30Z</time></rtept><rtept lat="44.631332" lon="-71.883636"><ele>396.8000000000011</ele><time>2026-04-17T19:14:30Z</time></rtept><rtept lat="44.631353" lon="-71.883659"><ele>396.40000000000146</ele><time>2026-04-17T19:14:30Z</time></rtept><rtept lat="44.631462" lon="-71.883776"><ele>396.40000000000146</ele><time>2026-04-17T19:14:30Z</time></rtept><rtept lat="44.631538" lon="-71.883829"><ele>395.2000000000007</ele><time>2026-04-17T19:14:30Z</time></rtept><rtept lat="44.631622" lon="-71.883894"><ele>395.40000000000146</ele><time>2026-04-17T19:14:30Z</time></rtept><rtept lat="44.631691" lon="-71.884044"><ele>394.40000000000146</ele><time>2026-04-17T19:14:30Z</time></rtept><rtept lat="44.631729" lon="-71.884205"><ele>392.8000000000011</ele><time>2026-04-17T19:14:30Z</time></rtept><rtept lat="44.631691" lon="-71.884312"><ele>393.0</ele><time>2026-04-17T19:14:30Z</time></rtept><rtept lat="44.631668" lon="-71.884484"><ele>390.40000000000146</ele><time>2026-04-17T19:14:30Z</time></rtept><rtept lat="44.631767" lon="-71.884516"><ele>389.40000000000146</ele><time>2026-04-17T19:14:30Z</time></rtept><rtept lat="44.631843" lon="-71.884473"><ele>388.0</ele><time>2026-04-17T19:14:30Z</time></rtept><rtept lat="44.631935" lon="-71.884462"><ele>387.2000000000007</ele><time>2026-04-17T19:14:30Z</time></rtept><rtept lat="44.632049" lon="-71.884505"><ele>386.8000000000011</ele><time>2026-04-17T19:14:30Z</time></rtept><rtept lat="44.63211" lon="-71.884688"><ele>386.0</ele><time>2026-04-17T19:14:30Z</time></rtept><rtept lat="44.632172" lon="-71.884892"><ele>385.0</ele><time>2026-04-17T19:14:30Z</time></rtept><rtept lat="44.632256" lon="-71.885138"><ele>386.60000000000036</ele><time>2026-04-17T19:14:30Z</time></rtept><rtept lat="44.632385" lon="-71.885396"><ele>385.40000000000146</ele><time>2026-04-17T19:14:30Z</time></rtept><rtept lat="44.632492" lon="-71.885653"><ele>385.2000000000007</ele><time>2026-04-17T19:14:30Z</time></rtept><rtept lat="44.632599" lon="-71.885857"><ele>383.40000000000146</ele><time>2026-04-17T19:14:30Z</time></rtept><rtept lat="44.632698" lon="-71.886082"><ele>381.60000000000036</ele><time>2026-04-17T19:14:30Z</time></rtept><rtept lat="44.632798" lon="-71.886351"><ele>380.40000000000146</ele><time>2026-04-17T19:14:30Z</time></rtept><rtept lat="44.632798" lon="-71.886533"><ele>379.8000000000011</ele><time>2026-04-17T19:14:30Z</time></rtept><rtept lat="44.632729" lon="-71.886769"><ele>379.60000000000036</ele><time>2026-04-17T19:14:30Z</time></rtept><rtept lat="44.632683" lon="-71.886909"><ele>379.60000000000036</ele><time>2026-04-17T19:14:30Z</time></rtept><rtept lat="44.632614" lon="-71.88707"><ele>378.8000000000011</ele><time>2026-04-17T19:14:30Z</time></rtept><rtept lat="44.632523" lon="-71.88722"><ele>378.2000000000007</ele><time>2026-04-17T19:14:30Z</time></rtept><rtept lat="44.63266" lon="-71.88723"><ele>376.40000000000146</ele><time>2026-04-17T19:14:30Z</time></rtept><rtept lat="44.632759" lon="-71.887112"><ele>374.8000000000011</ele><time>2026-04-17T19:14:30Z</time></rtept><rtept lat="44.632859" lon="-71.887037"><ele>374.2000000000007</ele><time>2026-04-17T19:14:30Z</time></rtept><rtept lat="44.632927" lon="-71.886973"><ele>373.8000000000011</ele><time>2026-04-17T19:14:30Z</time></rtept><rtept lat="44.632996" lon="-71.886919"><ele>371.8000000000011</ele><time>2026-04-17T19:14:30Z</time></rtept><rtept lat="44.633141" lon="-71.886833"><ele>370.40000000000146</ele><time>2026-04-17T19:14:30Z</time></rtept><rtept lat="44.633095" lon="-71.887027"><ele>369.8000000000011</ele><time>2026-04-17T19:14:30Z</time></rtept><rtept lat="44.633042" lon="-71.887134"><ele>369.40000000000146</ele><time>2026-04-17T19:14:30Z</time></rtept><rtept lat="44.632958" lon="-71.887327"><ele>367.40000000000146</ele><time>2026-04-17T19:14:30Z</time></rtept><rtept lat="44.63305" lon="-71.887348"><ele>366.60000000000036</ele><time>2026-04-17T19:14:30Z</time></rtept><rtept lat="44.633149" lon="-71.887295"><ele>364.8000000000011</ele><time>2026-04-17T19:14:30Z</time></rtept><rtept lat="44.633286" lon="-71.887241"><ele>363.8000000000011</ele><time>2026-04-17T19:14:30Z</time></rtept><rtept lat="44.633386" lon="-71.887209"><ele>363.60000000000036</ele><time>2026-04-17T19:14:30Z</time></rtept><rtept lat="44.633454" lon="-71.887166"><ele>362.60000000000036</ele><time>2026-04-17T19:14:30Z</time></rtept><rtept lat="44.633576" lon="-71.887134"><ele>362.2000000000007</ele><time>2026-04-17T19:14:30Z</time></rtept><rtept lat="44.633752" lon="-71.887284"><ele>359.2000000000007</ele><time>2026-04-17T19:14:30Z</time></rtept><rtept lat="44.633859" lon="-71.887381"><ele>357.40000000000146</ele><time>2026-04-17T19:14:30Z</time></rtept><rtept lat="44.633958" lon="-71.887477"><ele>356.8000000000011</ele><time>2026-04-17T19:14:30Z</time></rtept><rtept lat="44.634096" lon="-71.887563"><ele>356.2000000000007</ele><time>2026-04-17T19:14:30Z</time></rtept><rtept lat="44.634202" lon="-71.887735"><ele>353.8000000000011</ele><time>2026-04-17T19:14:30Z</time></rtept><rtept lat="44.634264" lon="-71.887842"><ele>350.8000000000011</ele><time>2026-04-17T19:14:30Z</time></rtept><rtept lat="44.634347" lon="-71.887917"><ele>351.0</ele><time>2026-04-17T19:14:30Z</time></rtept><rtept lat="44.634454" lon="-71.888003"><ele>350.2000000000007</ele><time>2026-04-17T19:14:30Z</time></rtept><rtept lat="44.634477" lon="-71.888132"><ele>348.2000000000007</ele><time>2026-04-17T19:14:30Z</time></rtept><rtept lat="44.634432" lon="-71.888228"><ele>347.2000000000007</ele><time>2026-04-17T19:14:30Z</time></rtept><rtept lat="44.634332" lon="-71.888346"><ele>347.0</ele><time>2026-04-17T19:14:30Z</time></rtept><rtept lat="44.634202" lon="-71.888411"><ele>346.40000000000146</ele><time>2026-04-17T19:14:30Z</time></rtept><rtept lat="44.63408" lon="-71.888529"><ele>345.2000000000007</ele><time>2026-04-17T19:14:30Z</time></rtept><rtept lat="44.634027" lon="-71.888614"><ele>344.8000000000011</ele><time>2026-04-17T19:14:30Z</time></rtept><rtept lat="44.634004" lon="-71.888733"><ele>343.40000000000146</ele><time>2026-04-17T19:14:30Z</time></rtept><rtept lat="44.63405" lon="-71.888797"><ele>341.2000000000007</ele><time>2026-04-17T19:14:30Z</time></rtept><rtept lat="44.634218" lon="-71.88869"><ele>340.2000000000007</ele><time>2026-04-17T19:14:30Z</time></rtept><rtept lat="44.634355" lon="-71.888582"><ele>341.0</ele><time>2026-04-17T19:14:30Z</time></rtept><rtept lat="44.634454" lon="-71.888507"><ele>342.2000000000007</ele><time>2026-04-17T19:14:30Z</time></rtept><rtept lat="44.634592" lon="-71.888486"><ele>337.0</ele><time>2026-04-17T19:14:30Z</time></rtept><rtept lat="44.634729" lon="-71.888475"><ele>335.8000000000011</ele><time>2026-04-17T19:14:30Z</time></rtept><rtept lat="44.634851" lon="-71.888679"><ele>334.60000000000036</ele><time>2026-04-17T19:14:30Z</time></rtept><rtept lat="44.634989" lon="-71.888861"><ele>333.40000000000146</ele><time>2026-04-17T19:14:30Z</time></rtept><rtept lat="44.635149" lon="-71.88899"><ele>332.0</ele><time>2026-04-17T19:14:30Z</time></rtept><rtept lat="44.63534" lon="-71.889097"><ele>332.0</ele><time>2026-04-17T19:14:30Z</time></rtept><rtept lat="44.63547" lon="-71.889162"><ele>331.60000000000036</ele><time>2026-04-17T19:14:30Z</time></rtept><rtept lat="44.63553" lon="-71.889216"><ele>331.2000000000007</ele><time>2026-04-17T19:14:30Z</time></rtept><rtept lat="44.63553" lon="-71.889216"><ele>331.2000000000007</ele><time>2026-04-17T19:14:30Z</time></rtept><rtept lat="44.6356" lon="-71.88928"><ele>331.0</ele><time>2026-04-17T19:14:30Z</time></rtept><rtept lat="44.635714" lon="-71.889387"><ele>329.40000000000146</ele><time>2026-04-17T19:14:30Z</time></rtept><rtept lat="44.63589" lon="-71.889516"><ele>326.40000000000146</ele><time>2026-04-17T19:14:30Z</time></rtept><rtept lat="44.635943" lon="-71.889784"><ele>325.8000000000011</ele><time>2026-04-17T19:14:30Z</time></rtept><rtept lat="44.636012" lon="-71.890031"><ele>324.40000000000146</ele><time>2026-04-17T19:14:30Z</time></rtept><rtept lat="44.636103" lon="-71.890224"><ele>323.2000000000007</ele><time>2026-04-17T19:14:30Z</time></rtept><rtept lat="44.636271" lon="-71.89031"><ele>322.2000000000007</ele><time>2026-04-17T19:14:30Z</time></rtept><rtept lat="44.636424" lon="-71.89046"><ele>320.40000000000146</ele><time>2026-04-17T19:14:30Z</time></rtept><rtept lat="44.636508" lon="-71.890707"><ele>318.8000000000011</ele><time>2026-04-17T19:14:30Z</time></rtept><rtept lat="44.6365" lon="-71.890986"><ele>317.40000000000146</ele><time>2026-04-17T19:14:30Z</time></rtept><rtept lat="44.636485" lon="-71.891329"><ele>316.2000000000007</ele><time>2026-04-17T19:14:30Z</time></rtept><rtept lat="44.636432" lon="-71.891608"><ele>315.60000000000036</ele><time>2026-04-17T19:14:30Z</time></rtept><rtept lat="44.63634" lon="-71.89179"><ele>315.0</ele><time>2026-04-17T19:14:30Z</time></rtept><rtept lat="44.636103" lon="-71.891973"><ele>313.40000000000146</ele><time>2026-04-17T19:14:30Z</time></rtept><rtept lat="44.635836" lon="-71.892058"><ele>313.2000000000007</ele><time>2026-04-17T19:14:30Z</time></rtept><rtept lat="44.635707" lon="-71.892209"><ele>312.0</ele><time>2026-04-17T19:14:30Z</time></rtept><rtept lat="44.6355" lon="-71.89238"><ele>312.0</ele><time>2026-04-17T19:14:30Z</time></rtept><rtept lat="44.635386" lon="-71.892455"><ele>311.8000000000011</ele><time>2026-04-17T19:14:30Z</time></rtept><rtept lat="44.63531" lon="-71.892681"><ele>306.40000000000146</ele><time>2026-04-17T19:14:30Z</time></rtept><rtept lat="44.635233" lon="-71.892992"><ele>302.60000000000036</ele><time>2026-04-17T19:14:30Z</time></rtept><rtept lat="44.635157" lon="-71.893217"><ele>301.8000000000011</ele><time>2026-04-17T19:14:30Z</time></rtept><rtept lat="44.635104" lon="-71.893433"><ele>299.8000000000011</ele><time>2026-04-17T19:14:30Z</time></rtept><rtept lat="44.635117" lon="-71.893514"><ele>299.60000000000036</ele><time>2026-04-17T19:14:30Z</time></rtept><rtept lat="44.635085" lon="-71.893636"><ele>299.8000000000011</ele><time>2026-04-17T19:14:30Z</time></rtept><rtept lat="44.635064" lon="-71.893745"><ele>301.0</ele><time>2026-04-17T19:14:30Z</time></rtept><rtept lat="44.635025" lon="-71.893813"><ele>301.0</ele><time>2026-04-17T19:14:30Z</time></rtept><rtept lat="44.634927" lon="-71.893972"><ele>299.0</ele><time>2026-04-17T19:14:30Z</time></rtept><rtept lat="44.634723" lon="-71.893982"><ele>297.2000000000007</ele><time>2026-04-17T19:14:30Z</time></rtept><rtept lat="44.634624" lon="-71.894014"><ele>297.8000000000011</ele><time>2026-04-17T19:14:30Z</time></rtept><rtept lat="44.634503" lon="-71.894091"><ele>297.8000000000011</ele><time>2026-04-17T19:14:30Z</time></rtept><rtept lat="44.634439" lon="-71.894078"><ele>298.0</ele><time>2026-04-17T19:14:30Z</time></rtept><rtept lat="44.63438" lon="-71.894139"><ele>298.0</ele><time>2026-04-17T19:14:30Z</time></rtept><rtept lat="44.634392" lon="-71.894213"><ele>297.8000000000011</ele><time>2026-04-17T19:14:30Z</time></rtept><rtept lat="44.634392" lon="-71.894213"><ele>297.8000000000011</ele><time>2026-04-17T19:14:30Z</time></rtept><rtept lat="44.63438" lon="-71.894139"><ele>298.0</ele><time>2026-04-17T19:14:30Z</time></rtept><rtept lat="44.634322" lon="-71.894"><ele>298.60000000000036</ele><time>2026-04-17T19:14:30Z</time></rtept><rtept lat="44.634195" lon="-71.893748"><ele>300.40000000000146</ele><time>2026-04-17T19:14:30Z</time></rtept><rtept lat="44.634108" lon="-71.893613"><ele>301.60000000000036</ele><time>2026-04-17T19:14:30Z</time></rtept><rtept lat="44.634032" lon="-71.893463"><ele>302.8000000000011</ele><time>2026-04-17T19:14:30Z</time></rtept><rtept lat="44.633864" lon="-71.893099"><ele>306.60000000000036</ele><time>2026-04-17T19:14:30Z</time></rtept><rtept lat="44.633803" lon="-71.892777"><ele>311.0</ele><time>2026-04-17T19:14:30Z</time></rtept><rtept lat="44.633818" lon="-71.892412"><ele>312.60000000000036</ele><time>2026-04-17T19:14:30Z</time></rtept><rtept lat="44.633864" lon="-71.891854"><ele>315.8000000000011</ele><time>2026-04-17T19:14:30Z</time></rtept><rtept lat="44.633833" lon="-71.891403"><ele>318.40000000000146</ele><time>2026-04-17T19:14:30Z</time></rtept><rtept lat="44.633726" lon="-71.89106"><ele>322.0</ele><time>2026-04-17T19:14:30Z</time></rtept><rtept lat="44.633711" lon="-71.890652"><ele>327.2000000000007</ele><time>2026-04-17T19:14:30Z</time></rtept><rtept lat="44.633726" lon="-71.890245"><ele>331.40000000000146</ele><time>2026-04-17T19:14:30Z</time></rtept><rtept lat="44.633726" lon="-71.889751"><ele>336.2000000000007</ele><time>2026-04-17T19:14:30Z</time></rtept><rtept lat="44.63362" lon="-71.889301"><ele>339.2000000000007</ele><time>2026-04-17T19:14:30Z</time></rtept><rtept lat="44.633406" lon="-71.889064"><ele>342.8000000000011</ele><time>2026-04-17T19:14:30Z</time></rtept><rtept lat="44.633177" lon="-71.888828"><ele>346.2000000000007</ele><time>2026-04-17T19:14:30Z</time></rtept><rtept lat="44.632932" lon="-71.888614"><ele>350.2000000000007</ele><time>2026-04-17T19:14:30Z</time></rtept><rtept lat="44.632551" lon="-71.888507"><ele>352.60000000000036</ele><time>2026-04-17T19:14:30Z</time></rtept><rtept lat="44.63223" lon="-71.888356"><ele>355.60000000000036</ele><time>2026-04-17T19:14:30Z</time></rtept><rtept lat="44.63197" lon="-71.88812"><ele>362.2000000000007</ele><time>2026-04-17T19:14:30Z</time></rtept><rtept lat="44.631665" lon="-71.887798"><ele>366.40000000000146</ele><time>2026-04-17T19:14:30Z</time></rtept><rtept lat="44.631558" lon="-71.887305"><ele>371.40000000000146</ele><time>2026-04-17T19:14:30Z</time></rtept><rtept lat="44.631558" lon="-71.886897"><ele>376.0</ele><time>2026-04-17T19:14:30Z</time></rtept><rtept lat="44.631634" lon="-71.886296"><ele>381.2000000000007</ele><time>2026-04-17T19:14:30Z</time></rtept><rtept lat="44.631558" lon="-71.885739"><ele>385.0</ele><time>2026-04-17T19:14:30Z</time></rtept><rtept lat="44.631482" lon="-71.885417"><ele>387.0</ele><time>2026-04-17T19:14:30Z</time></rtept><rtept lat="44.631329" lon="-71.885073"><ele>387.60000000000036</ele><time>2026-04-17T19:14:30Z</time></rtept><rtept lat="44.631222" lon="-71.884494"><ele>392.2000000000007</ele><time>2026-04-17T19:14:30Z</time></rtept><rtept lat="44.631069" lon="-71.884"><ele>395.60000000000036</ele><time>2026-04-17T19:14:30Z</time></rtept><rtept lat="44.631039" lon="-71.883908"><ele>396.2000000000007</ele><time>2026-04-17T19:14:30Z</time></rtept><rtept lat="44.630963" lon="-71.883271"><ele>401.0</ele><time>2026-04-17T19:14:30Z</time></rtept><rtept lat="44.630856" lon="-71.883013"><ele>403.8000000000011</ele><time>2026-04-17T19:14:30Z</time></rtept><rtept lat="44.630779" lon="-71.882734"><ele>406.2000000000007</ele><time>2026-04-17T19:14:30Z</time></rtept><rtept lat="44.630566" lon="-71.88252"><ele>409.40000000000146</ele><time>2026-04-17T19:14:30Z</time></rtept><rtept lat="44.630398" lon="-71.882305"><ele>411.60000000000036</ele><time>2026-04-17T19:14:30Z</time></rtept><rtept lat="44.630153" lon="-71.882198"><ele>413.40000000000146</ele><time>2026-04-17T19:14:30Z</time></rtept><rtept lat="44.629955" lon="-71.882026"><ele>415.40000000000146</ele><time>2026-04-17T19:14:30Z</time></rtept><rtept lat="44.629741" lon="-71.881855"><ele>418.2000000000007</ele><time>2026-04-17T19:14:30Z</time></rtept><rtept lat="44.629619" lon="-71.88164"><ele>420.40000000000146</ele><time>2026-04-17T19:14:30Z</time></rtept><rtept lat="44.629497" lon="-71.88134"><ele>423.60000000000036</ele><time>2026-04-17T19:14:30Z</time></rtept><rtept lat="44.629344" lon="-71.881061"><ele>425.2000000000007</ele><time>2026-04-17T19:14:30Z</time></rtept><rtept lat="44.629176" lon="-71.880696"><ele>429.2000000000007</ele><time>2026-04-17T19:14:30Z</time></rtept><rtept lat="44.628977" lon="-71.88031"><ele>431.40000000000146</ele><time>2026-04-17T19:14:30Z</time></rtept><rtept lat="44.628932" lon="-71.880009"><ele>432.8000000000011</ele><time>2026-04-17T19:14:30Z</time></rtept><rtept lat="44.628871" lon="-71.879773"><ele>434.60000000000036</ele><time>2026-04-17T19:14:30Z</time></rtept><rtept lat="44.628886" lon="-71.879323"><ele>439.8000000000011</ele><time>2026-04-17T19:14:30Z</time></rtept><rtept lat="44.628825" lon="-71.878915"><ele>438.8000000000011</ele><time>2026-04-17T19:14:30Z</time></rtept><rtept lat="44.628825" lon="-71.878679"><ele>439.60000000000036</ele><time>2026-04-17T19:14:30Z</time></rtept><rtept lat="44.628809" lon="-71.878524"><ele>440.60000000000036</ele><time>2026-04-17T19:14:30Z</time></rtept><rtept lat="44.628809" lon="-71.878524"><ele>440.60000000000036</ele><time>2026-04-17T19:14:30Z</time></rtept><rtept lat="44.628794" lon="-71.878379"><ele>441.2000000000007</ele><time>2026-04-17T19:14:30Z</time></rtept><rtept lat="44.628779" lon="-71.878014"><ele>445.0</ele><time>2026-04-17T19:14:30Z</time></rtept><rtept lat="44.628748" lon="-71.877606"><ele>448.2000000000007</ele><time>2026-04-17T19:14:30Z</time></rtept><rtept lat="44.62884" lon="-71.877198"><ele>449.8000000000011</ele><time>2026-04-17T19:14:30Z</time></rtept><rtept lat="44.628889" lon="-71.876741"><ele>451.60000000000036</ele><time>2026-04-17T19:14:30Z</time></rtept><rtept lat="44.628732" lon="-71.876856"><ele>451.60000000000036</ele><time>2026-04-17T19:14:30Z</time></rtept><rtept lat="44.628633" lon="-71.876831"><ele>452.2000000000007</ele><time>2026-04-17T19:14:30Z</time></rtept><rtept lat="44.628539" lon="-71.876847"><ele>452.60000000000036</ele><time>2026-04-17T19:14:30Z</time></rtept><rtept lat="44.628418" lon="-71.876757"><ele>454.8000000000011</ele><time>2026-04-17T19:14:30Z</time></rtept><rtept lat="44.628301" lon="-71.876741"><ele>455.8000000000011</ele><time>2026-04-17T19:14:30Z</time></rtept><rtept lat="44.628168" lon="-71.876704"><ele>457.2000000000007</ele><time>2026-04-17T19:14:30Z</time></rtept><rtept lat="44.628162" lon="-71.876593"><ele>457.8000000000011</ele><time>2026-04-17T19:14:30Z</time></rtept><rtept lat="44.628133" lon="-71.876431"><ele>458.60000000000036</ele><time>2026-04-17T19:14:30Z</time></rtept><rtept lat="44.628187" lon="-71.876319"><ele>458.8000000000011</ele><time>2026-04-17T19:14:30Z</time></rtept><rtept lat="44.628173" lon="-71.876291"><ele>458.8000000000011</ele><time>2026-04-17T19:14:30Z</time></rtept><rtept lat="44.62827" lon="-71.876147"><ele>459.40000000000146</ele><time>2026-04-17T19:14:30Z</time></rtept><rtept lat="44.628216" lon="-71.875988"><ele>460.2000000000007</ele><time>2026-04-17T19:14:30Z</time></rtept><rtept lat="44.628103" lon="-71.875827"><ele>460.60000000000036</ele><time>2026-04-17T19:14:30Z</time></rtept><rtept lat="44.62804" lon="-71.875621"><ele>461.2000000000007</ele><time>2026-04-17T19:14:30Z</time></rtept><rtept lat="44.627893" lon="-71.875538"><ele>462.0</ele><time>2026-04-17T19:14:30Z</time></rtept><rtept lat="44.627828" lon="-71.875559"><ele>462.8000000000011</ele><time>2026-04-17T19:14:30Z</time></rtept><rtept lat="44.627677" lon="-71.875638"><ele>467.0</ele><time>2026-04-17T19:14:30Z</time></rtept><rtept lat="44.627644" lon="-71.875793"><ele>466.40000000000146</ele><time>2026-04-17T19:14:30Z</time></rtept><rtept lat="44.627542" lon="-71.875945"><ele>467.60000000000036</ele><time>2026-04-17T19:14:30Z</time></rtept><rtept lat="44.627487" lon="-71.87607"><ele>467.8000000000011</ele><time>2026-04-17T19:14:30Z</time></rtept><rtept lat="44.627492" lon="-71.876242"><ele>466.8000000000011</ele><time>2026-04-17T19:14:30Z</time></rtept><rtept lat="44.627492" lon="-71.876242"><ele>466.8000000000011</ele><time>2026-04-17T19:14:30Z</time></rtept><rtept lat="44.627494" lon="-71.876317"><ele>466.2000000000007</ele><time>2026-04-17T19:14:30Z</time></rtept><rtept lat="44.62747" lon="-71.876493"><ele>465.2000000000007</ele><time>2026-04-17T19:14:30Z</time></rtept><rtept lat="44.627359" lon="-71.876608"><ele>464.60000000000036</ele><time>2026-04-17T19:14:30Z</time></rtept><rtept lat="44.62719" lon="-71.876644"><ele>465.40000000000146</ele><time>2026-04-17T19:14:30Z</time></rtept><rtept lat="44.626994" lon="-71.876567"><ele>467.8000000000011</ele><time>2026-04-17T19:14:30Z</time></rtept><rtept lat="44.626779" lon="-71.876493"><ele>471.60000000000036</ele><time>2026-04-17T19:14:30Z</time></rtept><rtept lat="44.626607" lon="-71.876266"><ele>474.60000000000036</ele><time>2026-04-17T19:14:30Z</time></rtept><rtept lat="44.626626" lon="-71.876065"><ele>476.0</ele><time>2026-04-17T19:14:30Z</time></rtept><rtept lat="44.626656" lon="-71.875985"><ele>476.2000000000007</ele><time>2026-04-17T19:14:30Z</time></rtept><rtept lat="44.626678" lon="-71.875868"><ele>476.60000000000036</ele><time>2026-04-17T19:14:30Z</time></rtept><rtept lat="44.626749" lon="-71.875836"><ele>476.2000000000007</ele><time>2026-04-17T19:14:30Z</time></rtept><rtept lat="44.626728" lon="-71.875779"><ele>477.0</ele><time>2026-04-17T19:14:30Z</time></rtept><rtept lat="44.626658" lon="-71.875785"><ele>477.40000000000146</ele><time>2026-04-17T19:14:30Z</time></rtept><rtept lat="44.626609" lon="-71.87573"><ele>478.8000000000011</ele><time>2026-04-17T19:14:30Z</time></rtept><rtept lat="44.626437" lon="-71.875796"><ele>479.2000000000007</ele><time>2026-04-17T19:14:30Z</time></rtept><rtept lat="44.626317" lon="-71.875803"><ele>480.40000000000146</ele><time>2026-04-17T19:14:30Z</time></rtept><rtept lat="44.626211" lon="-71.875829"><ele>481.2000000000007</ele><time>2026-04-17T19:14:30Z</time></rtept><rtept lat="44.626034" lon="-71.875831"><ele>482.60000000000036</ele><time>2026-04-17T19:14:30Z</time></rtept><rtept lat="44.625878" lon="-71.87576"><ele>486.0</ele><time>2026-04-17T19:14:30Z</time></rtept><rtept lat="44.625773" lon="-71.875668"><ele>488.0</ele><time>2026-04-17T19:14:30Z</time></rtept><rtept lat="44.625643" lon="-71.875657"><ele>489.60000000000036</ele><time>2026-04-17T19:14:30Z</time></rtept><rtept lat="44.625513" lon="-71.875648"><ele>492.0</ele><time>2026-04-17T19:14:30Z</time></rtept><rtept lat="44.625405" lon="-71.875579"><ele>493.2000000000007</ele><time>2026-04-17T19:14:30Z</time></rtept><rtept lat="44.625289" lon="-71.875502"><ele>495.8000000000011</ele><time>2026-04-17T19:14:30Z</time></rtept><rtept lat="44.625265" lon="-71.875404"><ele>497.0</ele><time>2026-04-17T19:14:30Z</time></rtept><rtept lat="44.625362" lon="-71.875192"><ele>491.8000000000011</ele><time>2026-04-17T19:14:30Z</time></rtept><rtept lat="44.625416" lon="-71.875116"><ele>491.40000000000146</ele><time>2026-04-17T19:14:30Z</time></rtept><rtept lat="44.625439" lon="-71.875042"><ele>491.2000000000007</ele><time>2026-04-17T19:14:30Z</time></rtept><rtept lat="44.625412" lon="-71.87492"><ele>492.0</ele><time>2026-04-17T19:14:30Z</time></rtept><rtept lat="44.625358" lon="-71.874859"><ele>492.8000000000011</ele><time>2026-04-17T19:14:30Z</time></rtept><rtept lat="44.62524" lon="-71.874877"><ele>492.8000000000011</ele><time>2026-04-17T19:14:30Z</time></rtept><rtept lat="44.625112" lon="-71.874907"><ele>494.8000000000011</ele><time>2026-04-17T19:14:30Z</time></rtept><rtept lat="44.624961" lon="-71.87504"><ele>499.2000000000007</ele><time>2026-04-17T19:14:30Z</time></rtept><rtept lat="44.624831" lon="-71.875044"><ele>503.0</ele><time>2026-04-17T19:14:30Z</time></rtept><rtept lat="44.624742" lon="-71.875042"><ele>506.2000000000007</ele><time>2026-04-17T19:14:30Z</time></rtept><rtept lat="44.624671" lon="-71.874985"><ele>507.0</ele><time>2026-04-17T19:14:30Z</time></rtept><rtept lat="44.624585" lon="-71.874713"><ele>502.8000000000011</ele><time>2026-04-17T19:14:30Z</time></rtept><rtept lat="44.624485" lon="-71.874524"><ele>502.0</ele><time>2026-04-17T19:14:30Z</time></rtept><rtept lat="44.624311" lon="-71.874385"><ele>503.60000000000036</ele><time>2026-04-17T19:14:30Z</time></rtept><rtept lat="44.623902" lon="-71.874838"><ele>505.0</ele><time>2026-04-17T19:14:30Z</time></rtept><rtept lat="44.623665" lon="-71.874946"><ele>505.60000000000036</ele><time>2026-04-17T19:14:30Z</time></rtept><rtept lat="44.62336" lon="-71.87501"><ele>506.60000000000036</ele><time>2026-04-17T19:14:30Z</time></rtept><rtept lat="44.623054" lon="-71.87531"><ele>506.8000000000011</ele><time>2026-04-17T19:14:30Z</time></rtept><rtept lat="44.622367" lon="-71.875793"><ele>498.40000000000146</ele><time>2026-04-17T19:14:30Z</time></rtept><rtept lat="44.622256" lon="-71.87581"><ele>498.0</ele><time>2026-04-17T19:14:30Z</time></rtept><rtept lat="44.622008" lon="-71.875847"><ele>496.40000000000146</ele><time>2026-04-17T19:14:30Z</time></rtept><rtept lat="44.621794" lon="-71.876662"><ele>498.8000000000011</ele><time>2026-04-17T19:14:30Z</time></rtept><rtept lat="44.621785" lon="-71.876752"><ele>499.0</ele><time>2026-04-17T19:14:30Z</time></rtept><rtept lat="44.621775" lon="-71.876822"><ele>499.0</ele><time>2026-04-17T19:14:30Z</time></rtept><rtept lat="44.621774" lon="-71.876866"><ele>498.8000000000011</ele><time>2026-04-17T19:14:30Z</time></rtept><rtept lat="44.621746" lon="-71.877004"><ele>497.8000000000011</ele><time>2026-04-17T19:14:30Z</time></rtept><rtept lat="44.621704" lon="-71.877068"><ele>497.0</ele><time>2026-04-17T19:14:30Z</time></rtept><rtept lat="44.621697" lon="-71.877082"><ele>497.0</ele><time>2026-04-17T19:14:30Z</time></rtept><rtept lat="44.621681" lon="-71.877094"><ele>496.60000000000036</ele><time>2026-04-17T19:14:30Z</time></rtept><rtept lat="44.621666" lon="-71.877106"><ele>496.60000000000036</ele><time>2026-04-17T19:14:30Z</time></rtept><rtept lat="44.621658" lon="-71.877115"><ele>496.0</ele><time>2026-04-17T19:14:30Z</time></rtept><rtept lat="44.621622" lon="-71.877193"><ele>495.8000000000011</ele><time>2026-04-17T19:14:30Z</time></rtept><rtept lat="44.621597" lon="-71.877226"><ele>495.60000000000036</ele><time>2026-04-17T19:14:30Z</time></rtept><rtept lat="44.621593" lon="-71.877251"><ele>495.60000000000036</ele><time>2026-04-17T19:14:30Z</time></rtept><rtept lat="44.621557" lon="-71.877288"><ele>496.0</ele><time>2026-04-17T19:14:30Z</time></rtept><rtept lat="44.621537" lon="-71.877296"><ele>496.0</ele><time>2026-04-17T19:14:30Z</time></rtept><rtept lat="44.621484" lon="-71.877319"><ele>497.2000000000007</ele><time>2026-04-17T19:14:30Z</time></rtept><rtept lat="44.621465" lon="-71.877337"><ele>497.2000000000007</ele><time>2026-04-17T19:14:30Z</time></rtept><rtept lat="44.621424" lon="-71.877366"><ele>498.2000000000007</ele><time>2026-04-17T19:14:30Z</time></rtept><rtept lat="44.621412" lon="-71.877364"><ele>498.40000000000146</ele><time>2026-04-17T19:14:30Z</time></rtept><rtept lat="44.621396" lon="-71.877381"><ele>498.2000000000007</ele><time>2026-04-17T19:14:30Z</time></rtept><rtept lat="44.621385" lon="-71.877382"><ele>499.2000000000007</ele><time>2026-04-17T19:14:30Z</time></rtept><rtept lat="44.621366" lon="-71.877396"><ele>499.2000000000007</ele><time>2026-04-17T19:14:30Z</time></rtept><rtept lat="44.621347" lon="-71.877392"><ele>499.2000000000007</ele><time>2026-04-17T19:14:30Z</time></rtept><rtept lat="44.62134" lon="-71.877399"><ele>499.2000000000007</ele><time>2026-04-17T19:14:30Z</time></rtept><rtept lat="44.621312" lon="-71.877402"><ele>499.40000000000146</ele><time>2026-04-17T19:14:30Z</time></rtept><rtept lat="44.6213" lon="-71.877466"><ele>498.8000000000011</ele><time>2026-04-17T19:14:30Z</time></rtept><rtept lat="44.621316" lon="-71.877489"><ele>498.8000000000011</ele><time>2026-04-17T19:14:30Z</time></rtept><rtept lat="44.621321" lon="-71.877536"><ele>498.8000000000011</ele><time>2026-04-17T19:14:30Z</time></rtept><rtept lat="44.62134" lon="-71.87756"><ele>498.2000000000007</ele><time>2026-04-17T19:14:30Z</time></rtept><rtept lat="44.621363" lon="-71.877609"><ele>498.2000000000007</ele><time>2026-04-17T19:14:30Z</time></rtept><rtept lat="44.621389" lon="-71.87763"><ele>497.2000000000007</ele><time>2026-04-17T19:14:30Z</time></rtept><rtept lat="44.621414" lon="-71.877666"><ele>497.2000000000007</ele><time>2026-04-17T19:14:30Z</time></rtept><rtept lat="44.621467" lon="-71.877692"><ele>496.8000000000011</ele><time>2026-04-17T19:14:30Z</time></rtept><rtept lat="44.621485" lon="-71.87771"><ele>496.60000000000036</ele><time>2026-04-17T19:14:30Z</time></rtept><rtept lat="44.621485" lon="-71.87771"><ele>496.60000000000036</ele><time>2026-04-17T19:14:30Z</time></rtept><rtept lat="44.621507" lon="-71.877731"><ele>496.60000000000036</ele><time>2026-04-17T19:14:30Z</time></rtept><rtept lat="44.62153" lon="-71.87776"><ele>496.60000000000036</ele><time>2026-04-17T19:14:30Z</time></rtept><rtept lat="44.62157" lon="-71.877814"><ele>496.2000000000007</ele><time>2026-04-17T19:14:30Z</time></rtept><rtept lat="44.621602" lon="-71.877848"><ele>496.60000000000036</ele><time>2026-04-17T19:14:30Z</time></rtept><rtept lat="44.621658" lon="-71.877883"><ele>496.2000000000007</ele><time>2026-04-17T19:14:30Z</time></rtept><rtept lat="44.621705" lon="-71.877946"><ele>496.8000000000011</ele><time>2026-04-17T19:14:30Z</time></rtept><rtept lat="44.621731" lon="-71.877982"><ele>495.8000000000011</ele><time>2026-04-17T19:14:30Z</time></rtept><rtept lat="44.621771" lon="-71.878028"><ele>496.2000000000007</ele><time>2026-04-17T19:14:30Z</time></rtept><rtept lat="44.621809" lon="-71.87806"><ele>495.0</ele><time>2026-04-17T19:14:30Z</time></rtept><rtept lat="44.621825" lon="-71.878083"><ele>495.40000000000146</ele><time>2026-04-17T19:14:30Z</time></rtept><rtept lat="44.621868" lon="-71.878109"><ele>495.40000000000146</ele><time>2026-04-17T19:14:30Z</time></rtept><rtept lat="44.621889" lon="-71.878109"><ele>495.8000000000011</ele><time>2026-04-17T19:14:30Z</time></rtept><rtept lat="44.621889" lon="-71.878123"><ele>495.8000000000011</ele><time>2026-04-17T19:14:30Z</time></rtept><rtept lat="44.62191" lon="-71.87815"><ele>494.60000000000036</ele><time>2026-04-17T19:14:30Z</time></rtept><rtept lat="44.621917" lon="-71.878173"><ele>494.60000000000036</ele><time>2026-04-17T19:14:30Z</time></rtept><rtept lat="44.621889" lon="-71.878227"><ele>493.2000000000007</ele><time>2026-04-17T19:14:30Z</time></rtept><rtept lat="44.621892" lon="-71.878245"><ele>493.2000000000007</ele><time>2026-04-17T19:14:30Z</time></rtept><rtept lat="44.621856" lon="-71.878302"><ele>492.60000000000036</ele><time>2026-04-17T19:14:30Z</time></rtept><rtept lat="44.621827" lon="-71.878353"><ele>491.40000000000146</ele><time>2026-04-17T19:14:30Z</time></rtept><rtept lat="44.621788" lon="-71.878374"><ele>491.0</ele><time>2026-04-17T19:14:30Z</time></rtept><rtept lat="44.621749" lon="-71.878387"><ele>491.0</ele><time>2026-04-17T19:14:30Z</time></rtept><rtept lat="44.621707" lon="-71.878384"><ele>491.0</ele><time>2026-04-17T19:14:30Z</time></rtept><rtept lat="44.621662" lon="-71.878399"><ele>490.60000000000036</ele><time>2026-04-17T19:14:30Z</time></rtept><rtept lat="44.621647" lon="-71.878398"><ele>490.60000000000036</ele><time>2026-04-17T19:14:30Z</time></rtept><rtept lat="44.621605" lon="-71.87841"><ele>490.8000000000011</ele><time>2026-04-17T19:14:30Z</time></rtept><rtept lat="44.621578" lon="-71.878391"><ele>491.2000000000007</ele><time>2026-04-17T19:14:30Z</time></rtept><rtept lat="44.621523" lon="-71.878334"><ele>491.60000000000036</ele><time>2026-04-17T19:14:30Z</time></rtept><rtept lat="44.621478" lon="-71.878316"><ele>492.0</ele><time>2026-04-17T19:14:30Z</time></rtept><rtept lat="44.621423" lon="-71.878304"><ele>492.8000000000011</ele><time>2026-04-17T19:14:30Z</time></rtept><rtept lat="44.621406" lon="-71.878299"><ele>492.8000000000011</ele><time>2026-04-17T19:14:30Z</time></rtept><rtept lat="44.621383" lon="-71.878316"><ele>493.2000000000007</ele><time>2026-04-17T19:14:30Z</time></rtept><rtept lat="44.621339" lon="-71.878316"><ele>493.2000000000007</ele><time>2026-04-17T19:14:30Z</time></rtept><rtept lat="44.621308" lon="-71.878279"><ele>493.60000000000036</ele><time>2026-04-17T19:14:30Z</time></rtept><rtept lat="44.62128" lon="-71.878271"><ele>493.60000000000036</ele><time>2026-04-17T19:14:30Z</time></rtept><rtept lat="44.62121" lon="-71.878224"><ele>493.60000000000036</ele><time>2026-04-17T19:14:30Z</time></rtept><rtept lat="44.621175" lon="-71.878212"><ele>493.60000000000036</ele><time>2026-04-17T19:14:30Z</time></rtept><rtept lat="44.621151" lon="-71.878175"><ele>493.60000000000036</ele><time>2026-04-17T19:14:30Z</time></rtept><rtept lat="44.621115" lon="-71.878163"><ele>493.2000000000007</ele><time>2026-04-17T19:14:30Z</time></rtept><rtept lat="44.621097" lon="-71.878172"><ele>493.2000000000007</ele><time>2026-04-17T19:14:30Z</time></rtept><rtept lat="44.621061" lon="-71.878168"><ele>492.60000000000036</ele><time>2026-04-17T19:14:30Z</time></rtept><rtept lat="44.621056" lon="-71.878119"><ele>493.40000000000146</ele><time>2026-04-17T19:14:30Z</time></rtept><rtept lat="44.621007" lon="-71.878047"><ele>493.8000000000011</ele><time>2026-04-17T19:14:30Z</time></rtept><rtept lat="44.620954" lon="-71.877998"><ele>493.40000000000146</ele><time>2026-04-17T19:14:30Z</time></rtept><rtept lat="44.620928" lon="-71.877922"><ele>494.40000000000146</ele><time>2026-04-17T19:14:30Z</time></rtept><rtept lat="44.620926" lon="-71.877901"><ele>494.40000000000146</ele><time>2026-04-17T19:14:30Z</time></rtept><rtept lat="44.620908" lon="-71.877849"><ele>495.40000000000146</ele><time>2026-04-17T19:14:30Z</time></rtept><rtept lat="44.620861" lon="-71.877826"><ele>495.0</ele><time>2026-04-17T19:14:30Z</time></rtept><rtept lat="44.620848" lon="-71.877809"><ele>495.0</ele><time>2026-04-17T19:14:30Z</time></rtept><rtept lat="44.620788" lon="-71.877753"><ele>495.2000000000007</ele><time>2026-04-17T19:14:30Z</time></rtept><rtept lat="44.620759" lon="-71.87771"><ele>494.8000000000011</ele><time>2026-04-17T19:14:30Z</time></rtept><rtept lat="44.620752" lon="-71.877715"><ele>494.8000000000011</ele><time>2026-04-17T19:14:30Z</time></rtept><rtept lat="44.62073" lon="-71.877715"><ele>494.8000000000011</ele><time>2026-04-17T19:14:30Z</time></rtept><rtept lat="44.620714" lon="-71.87773"><ele>494.2000000000007</ele><time>2026-04-17T19:14:30Z</time></rtept><rtept lat="44.620711" lon="-71.877737"><ele>494.2000000000007</ele><time>2026-04-17T19:14:30Z</time></rtept><rtept lat="44.620663" lon="-71.877766"><ele>494.2000000000007</ele><time>2026-04-17T19:14:30Z</time></rtept><rtept lat="44.620607" lon="-71.877796"><ele>493.2000000000007</ele><time>2026-04-17T19:14:30Z</time></rtept><rtept lat="44.620582" lon="-71.877819"><ele>493.0</ele><time>2026-04-17T19:14:30Z</time></rtept><rtept lat="44.620565" lon="-71.877825"><ele>493.0</ele><time>2026-04-17T19:14:30Z</time></rtept><rtept lat="44.620526" lon="-71.877842"><ele>493.0</ele><time>2026-04-17T19:14:30Z</time></rtept><rtept lat="44.620511" lon="-71.877856"><ele>493.0</ele><time>2026-04-17T19:14:30Z</time></rtept><rtept lat="44.620493" lon="-71.87786"><ele>493.0</ele><time>2026-04-17T19:14:30Z</time></rtept><rtept lat="44.62048" lon="-71.877867"><ele>493.0</ele><time>2026-04-17T19:14:30Z</time></rtept><rtept lat="44.620475" lon="-71.87786"><ele>493.0</ele><time>2026-04-17T19:14:30Z</time></rtept><rtept lat="44.620407" lon="-71.877828"><ele>493.8000000000011</ele><time>2026-04-17T19:14:30Z</time></rtept><rtept lat="44.620387" lon="-71.877843"><ele>493.8000000000011</ele><time>2026-04-17T19:14:30Z</time></rtept><rtept lat="44.620328" lon="-71.87791"><ele>495.0</ele><time>2026-04-17T19:14:30Z</time></rtept><rtept lat="44.620319" lon="-71.877946"><ele>495.0</ele><time>2026-04-17T19:14:30Z</time></rtept><rtept lat="44.620301" lon="-71.877998"><ele>495.60000000000036</ele><time>2026-04-17T19:14:30Z</time></rtept><rtept lat="44.620298" lon="-71.878074"><ele>495.8000000000011</ele><time>2026-04-17T19:14:30Z</time></rtept><rtept lat="44.620303" lon="-71.878082"><ele>495.8000000000011</ele><time>2026-04-17T19:14:30Z</time></rtept><rtept lat="44.620307" lon="-71.878144"><ele>496.0</ele><time>2026-04-17T19:14:30Z</time></rtept><rtept lat="44.620319" lon="-71.878196"><ele>496.0</ele><time>2026-04-17T19:14:30Z</time></rtept><rtept lat="44.620305" lon="-71.878205"><ele>496.0</ele><time>2026-04-17T19:14:30Z</time></rtept><rtept lat="44.620307" lon="-71.878213"><ele>496.0</ele><time>2026-04-17T19:14:30Z</time></rtept><rtept lat="44.620288" lon="-71.878255"><ele>495.8000000000011</ele><time>2026-04-17T19:14:30Z</time></rtept><rtept lat="44.620262" lon="-71.878311"><ele>496.2000000000007</ele><time>2026-04-17T19:14:30Z</time></rtept><rtept lat="44.620187" lon="-71.878334"><ele>497.2000000000007</ele><time>2026-04-17T19:14:30Z</time></rtept><rtept lat="44.62016" lon="-71.878368"><ele>497.8000000000011</ele><time>2026-04-17T19:14:30Z</time></rtept><rtept lat="44.620081" lon="-71.878337"><ele>498.40000000000146</ele><time>2026-04-17T19:14:30Z</time></rtept><rtept lat="44.620071" lon="-71.878341"><ele>498.40000000000146</ele><time>2026-04-17T19:14:30Z</time></rtept><rtept lat="44.620027" lon="-71.878334"><ele>498.8000000000011</ele><time>2026-04-17T19:14:30Z</time></rtept><rtept lat="44.620003" lon="-71.87832"><ele>498.8000000000011</ele><time>2026-04-17T19:14:30Z</time></rtept><rtept lat="44.619966" lon="-71.878326"><ele>499.2000000000007</ele><time>2026-04-17T19:14:30Z</time></rtept><rtept lat="44.619935" lon="-71.878343"><ele>499.2000000000007</ele><time>2026-04-17T19:14:30Z</time></rtept><rtept lat="44.619903" lon="-71.878365"><ele>499.0</ele><time>2026-04-17T19:14:30Z</time></rtept><rtept lat="44.619886" lon="-71.878377"><ele>499.0</ele><time>2026-04-17T19:14:30Z</time></rtept><rtept lat="44.619836" lon="-71.878423"><ele>497.8000000000011</ele><time>2026-04-17T19:14:30Z</time></rtept><rtept lat="44.619799" lon="-71.878468"><ele>497.2000000000007</ele><time>2026-04-17T19:14:30Z</time></rtept><rtept lat="44.61979" lon="-71.878469"><ele>497.2000000000007</ele><time>2026-04-17T19:14:30Z</time></rtept><rtept lat="44.619779" lon="-71.878457"><ele>497.2000000000007</ele><time>2026-04-17T19:14:30Z</time></rtept><rtept lat="44.619759" lon="-71.878419"><ele>497.2000000000007</ele><time>2026-04-17T19:14:30Z</time></rtept><rtept lat="44.619745" lon="-71.878367"><ele>498.2000000000007</ele><time>2026-04-17T19:14:30Z</time></rtept><rtept lat="44.619747" lon="-71.87832"><ele>498.2000000000007</ele><time>2026-04-17T19:14:30Z</time></rtept><rtept lat="44.619742" lon="-71.878303"><ele>498.8000000000011</ele><time>2026-04-17T19:14:30Z</time></rtept><rtept lat="44.619732" lon="-71.878282"><ele>498.2000000000007</ele><time>2026-04-17T19:14:30Z</time></rtept><rtept lat="44.619708" lon="-71.878261"><ele>498.2000000000007</ele><time>2026-04-17T19:14:30Z</time></rtept><rtept lat="44.619679" lon="-71.878246"><ele>498.2000000000007</ele><time>2026-04-17T19:14:30Z</time></rtept><rtept lat="44.619643" lon="-71.878205"><ele>498.0</ele><time>2026-04-17T19:14:30Z</time></rtept><rtept lat="44.619557" lon="-71.878143"><ele>497.40000000000146</ele><time>2026-04-17T19:14:30Z</time></rtept><rtept lat="44.619412" lon="-71.878261"><ele>496.0</ele><time>2026-04-17T19:14:30Z</time></rtept><rtept lat="44.619167" lon="-71.878271"><ele>493.60000000000036</ele><time>2026-04-17T19:14:30Z</time></rtept><rtept lat="44.619152" lon="-71.878035"><ele>492.2000000000007</ele><time>2026-04-17T19:14:30Z</time></rtept><rtept lat="44.619099" lon="-71.877617"><ele>488.2000000000007</ele><time>2026-04-17T19:14:30Z</time></rtept><rtept lat="44.619045" lon="-71.877499"><ele>488.0</ele><time>2026-04-17T19:14:30Z</time></rtept><rtept lat="44.618633" lon="-71.877284"><ele>486.60000000000036</ele><time>2026-04-17T19:14:30Z</time></rtept><rtept lat="44.618556" lon="-71.877327"><ele>486.2000000000007</ele><time>2026-04-17T19:14:30Z</time></rtept><rtept lat="44.61851" lon="-71.877917"><ele>484.8000000000011</ele><time>2026-04-17T19:14:30Z</time></rtept><rtept lat="44.618312" lon="-71.878218"><ele>482.0</ele><time>2026-04-17T19:14:30Z</time></rtept><rtept lat="44.61822" lon="-71.878207"><ele>481.2000000000007</ele><time>2026-04-17T19:14:30Z</time></rtept><rtept lat="44.618174" lon="-71.877993"><ele>480.40000000000146</ele><time>2026-04-17T19:14:30Z</time></rtept><rtept lat="44.618037" lon="-71.877971"><ele>478.8000000000011</ele><time>2026-04-17T19:14:30Z</time></rtept><rtept lat="44.617938" lon="-71.878164"><ele>477.60000000000036</ele><time>2026-04-17T19:14:30Z</time></rtept><rtept lat="44.617816" lon="-71.878239"><ele>476.2000000000007</ele><time>2026-04-17T19:14:30Z</time></rtept><rtept lat="44.617556" lon="-71.877638"><ele>475.0</ele><time>2026-04-17T19:14:30Z</time></rtept><rtept lat="44.617502" lon="-71.877703"><ele>474.0</ele><time>2026-04-17T19:14:30Z</time></rtept><rtept lat="44.61751" lon="-71.878175"><ele>469.2000000000007</ele><time>2026-04-17T19:14:30Z</time></rtept><rtept lat="44.617434" lon="-71.878121"><ele>468.40000000000146</ele><time>2026-04-17T19:14:30Z</time></rtept><rtept lat="44.617258" lon="-71.87766"><ele>467.8000000000011</ele><time>2026-04-17T19:14:30Z</time></rtept><rtept lat="44.616876" lon="-71.87736"><ele>464.0</ele><time>2026-04-17T19:14:30Z</time></rtept><rtept lat="44.616685" lon="-71.876963"><ele>463.0</ele><time>2026-04-17T19:14:30Z</time></rtept><rtept lat="44.616624" lon="-71.876662"><ele>461.0</ele><time>2026-04-17T19:14:30Z</time></rtept><rtept lat="44.616423" lon="-71.876671"><ele>455.60000000000036</ele><time>2026-04-17T19:14:30Z</time></rtept><rtept lat="44.616423" lon="-71.876671"><ele>455.60000000000036</ele><time>2026-04-17T19:14:30Z</time></rtept><rtept lat="44.61639" lon="-71.87676"><ele>455.60000000000036</ele><time>2026-04-17T19:14:30Z</time></rtept><rtept lat="44.61585" lon="-71.877964"><ele>447.2000000000007</ele><time>2026-04-17T19:14:30Z</time></rtept><rtept lat="44.615477" lon="-71.878753"><ele>439.0</ele><time>2026-04-17T19:14:30Z</time></rtept><rtept lat="44.615416" lon="-71.878888"><ele>438.40000000000146</ele><time>2026-04-17T19:14:30Z</time></rtept><rtept lat="44.615357" lon="-71.879019"><ele>436.2000000000007</ele><time>2026-04-17T19:14:30Z</time></rtept><rtept lat="44.615263" lon="-71.879216"><ele>435.0</ele><time>2026-04-17T19:14:30Z</time></rtept><rtept lat="44.615051" lon="-71.879599"><ele>431.60000000000036</ele><time>2026-04-17T19:14:30Z</time></rtept><rtept lat="44.614936" lon="-71.879786"><ele>430.0</ele><time>2026-04-17T19:14:30Z</time></rtept><rtept lat="44.614697" lon="-71.880152"><ele>424.0</ele><time>2026-04-17T19:14:30Z</time></rtept><rtept lat="44.614446" lon="-71.88051"><ele>415.2000000000007</ele><time>2026-04-17T19:14:30Z</time></rtept><rtept lat="44.614331" lon="-71.880694"><ele>410.60000000000036</ele><time>2026-04-17T19:14:30Z</time></rtept><rtept lat="44.614111" lon="-71.881072"><ele>403.8000000000011</ele><time>2026-04-17T19:14:30Z</time></rtept><rtept lat="44.613986" lon="-71.88125"><ele>401.2000000000007</ele><time>2026-04-17T19:14:30Z</time></rtept><rtept lat="44.61384" lon="-71.881408"><ele>400.0</ele><time>2026-04-17T19:14:30Z</time></rtept><rtept lat="44.613674" lon="-71.881546"><ele>401.2000000000007</ele><time>2026-04-17T19:14:30Z</time></rtept><rtept lat="44.613499" lon="-71.881669"><ele>406.0</ele><time>2026-04-17T19:14:30Z</time></rtept><rtept lat="44.613178" lon="-71.881955"><ele>409.60000000000036</ele><time>2026-04-17T19:14:30Z</time></rtept><rtept lat="44.613053" lon="-71.882095"><ele>406.8000000000011</ele><time>2026-04-17T19:14:30Z</time></rtept><rtept lat="44.613033" lon="-71.882117"><ele>406.8000000000011</ele><time>2026-04-17T19:14:30Z</time></rtept><rtept lat="44.612911" lon="-71.8823"><ele>402.2000000000007</ele><time>2026-04-17T19:14:30Z</time></rtept><rtept lat="44.612818" lon="-71.882497"><ele>396.8000000000011</ele><time>2026-04-17T19:14:30Z</time></rtept><rtept lat="44.612747" lon="-71.882526"><ele>394.40000000000146</ele><time>2026-04-17T19:14:30Z</time></rtept><rtept lat="44.612676" lon="-71.882537"><ele>393.40000000000146</ele><time>2026-04-17T19:14:30Z</time></rtept><rtept lat="44.612593" lon="-71.882521"><ele>392.40000000000146</ele><time>2026-04-17T19:14:30Z</time></rtept><rtept lat="44.612464" lon="-71.882276"><ele>391.60000000000036</ele><time>2026-04-17T19:14:30Z</time></rtept><rtept lat="44.612342" lon="-71.882094"><ele>392.2000000000007</ele><time>2026-04-17T19:14:30Z</time></rtept><rtept lat="44.612198" lon="-71.88193"><ele>395.40000000000146</ele><time>2026-04-17T19:14:30Z</time></rtept><rtept lat="44.61204" lon="-71.881774"><ele>399.8000000000011</ele><time>2026-04-17T19:14:30Z</time></rtept><rtept lat="44.611854" lon="-71.881655"><ele>397.8000000000011</ele><time>2026-04-17T19:14:30Z</time></rtept><rtept lat="44.611467" lon="-71.881457"><ele>391.40000000000146</ele><time>2026-04-17T19:14:30Z</time></rtept><rtept lat="44.611285" lon="-71.881346"><ele>390.40000000000146</ele><time>2026-04-17T19:14:30Z</time></rtept><rtept lat="44.61113" lon="-71.8812"><ele>391.8000000000011</ele><time>2026-04-17T19:14:30Z</time></rtept><rtept lat="44.611006" lon="-71.881029"><ele>394.0</ele><time>2026-04-17T19:14:30Z</time></rtept><rtept lat="44.610909" lon="-71.880829"><ele>393.8000000000011</ele><time>2026-04-17T19:14:30Z</time></rtept><rtept lat="44.610845" lon="-71.88062"><ele>392.2000000000007</ele><time>2026-04-17T19:14:30Z</time></rtept><rtept lat="44.61074" lon="-71.880212"><ele>390.8000000000011</ele><time>2026-04-17T19:14:30Z</time></rtept><rtept lat="44.610707" lon="-71.880109"><ele>392.0</ele><time>2026-04-17T19:14:30Z</time></rtept><rtept lat="44.61061" lon="-71.879803"><ele>395.60000000000036</ele><time>2026-04-17T19:14:30Z</time></rtept><rtept lat="44.610409" lon="-71.879218"><ele>399.40000000000146</ele><time>2026-04-17T19:14:30Z</time></rtept><rtept lat="44.61036" lon="-71.87934"><ele>399.8000000000011</ele><time>2026-04-17T19:14:30Z</time></rtept><rtept lat="44.610298" lon="-71.879436"><ele>400.8000000000011</ele><time>2026-04-17T19:14:30Z</time></rtept><rtept lat="44.610228" lon="-71.879559"><ele>401.40000000000146</ele><time>2026-04-17T19:14:30Z</time></rtept><rtept lat="44.610163" lon="-71.879658"><ele>401.0</ele><time>2026-04-17T19:14:30Z</time></rtept><rtept lat="44.61008" lon="-71.879814"><ele>398.40000000000146</ele><time>2026-04-17T19:14:30Z</time></rtept><rtept lat="44.610018" lon="-71.880002"><ele>396.8000000000011</ele><time>2026-04-17T19:14:30Z</time></rtept><rtept lat="44.609935" lon="-71.880145"><ele>398.0</ele><time>2026-04-17T19:14:30Z</time></rtept><rtept lat="44.609833" lon="-71.880247"><ele>400.40000000000146</ele><time>2026-04-17T19:14:30Z</time></rtept><rtept lat="44.60969" lon="-71.880352"><ele>403.40000000000146</ele><time>2026-04-17T19:14:30Z</time></rtept><rtept lat="44.60955" lon="-71.8804"><ele>406.0</ele><time>2026-04-17T19:14:30Z</time></rtept><rtept lat="44.609404" lon="-71.880431"><ele>408.40000000000146</ele><time>2026-04-17T19:14:30Z</time></rtept><rtept lat="44.609316" lon="-71.880439"><ele>409.2000000000007</ele><time>2026-04-17T19:14:30Z</time></rtept><rtept lat="44.6092" lon="-71.880517"><ele>410.0</ele><time>2026-04-17T19:14:30Z</time></rtept><rtept lat="44.60908" lon="-71.880566"><ele>409.2000000000007</ele><time>2026-04-17T19:14:30Z</time></rtept><rtept lat="44.608973" lon="-71.880659"><ele>406.60000000000036</ele><time>2026-04-17T19:14:30Z</time></rtept><rtept lat="44.608871" lon="-71.880807"><ele>405.2000000000007</ele><time>2026-04-17T19:14:30Z</time></rtept><rtept lat="44.608773" lon="-71.880924"><ele>406.8000000000011</ele><time>2026-04-17T19:14:30Z</time></rtept><rtept lat="44.608696" lon="-71.880967"><ele>408.2000000000007</ele><time>2026-04-17T19:14:30Z</time></rtept><rtept lat="44.608624" lon="-71.880973"><ele>411.0</ele><time>2026-04-17T19:14:30Z</time></rtept><rtept lat="44.60849" lon="-71.880976"><ele>416.40000000000146</ele><time>2026-04-17T19:14:30Z</time></rtept><rtept lat="44.608409" lon="-71.880919"><ele>416.60000000000036</ele><time>2026-04-17T19:14:30Z</time></rtept><rtept lat="44.608345" lon="-71.8809"><ele>418.0</ele><time>2026-04-17T19:14:30Z</time></rtept><rtept lat="44.608265" lon="-71.880885"><ele>419.60000000000036</ele><time>2026-04-17T19:14:30Z</time></rtept><rtept lat="44.60814" lon="-71.880844"><ele>421.60000000000036</ele><time>2026-04-17T19:14:30Z</time></rtept><rtept lat="44.608065" lon="-71.880681"><ele>422.0</ele><time>2026-04-17T19:14:30Z</time></rtept><rtept lat="44.608015" lon="-71.880646"><ele>422.0</ele><time>2026-04-17T19:14:30Z</time></rtept><rtept lat="44.607906" lon="-71.880625"><ele>423.8000000000011</ele><time>2026-04-17T19:14:30Z</time></rtept><rtept lat="44.60777" lon="-71.8806"><ele>426.0</ele><time>2026-04-17T19:14:30Z</time></rtept><rtept lat="44.607683" lon="-71.880597"><ele>428.40000000000146</ele><time>2026-04-17T19:14:30Z</time></rtept><rtept lat="44.607542" lon="-71.880624"><ele>430.2000000000007</ele><time>2026-04-17T19:14:30Z</time></rtept><rtept lat="44.607329" lon="-71.880656"><ele>436.8000000000011</ele><time>2026-04-17T19:14:30Z</time></rtept><rtept lat="44.607141" lon="-71.880623"><ele>440.2000000000007</ele><time>2026-04-17T19:14:30Z</time></rtept><rtept lat="44.606959" lon="-71.880482"><ele>442.2000000000007</ele><time>2026-04-17T19:14:30Z</time></rtept><rtept lat="44.606815" lon="-71.880353"><ele>441.60000000000036</ele><time>2026-04-17T19:14:30Z</time></rtept><rtept lat="44.60673" lon="-71.880337"><ele>442.40000000000146</ele><time>2026-04-17T19:14:30Z</time></rtept><rtept lat="44.606589" lon="-71.880287"><ele>447.2000000000007</ele><time>2026-04-17T19:14:30Z</time></rtept><rtept lat="44.606522" lon="-71.880258"><ele>448.0</ele><time>2026-04-17T19:14:30Z</time></rtept><rtept lat="44.606386" lon="-71.880161"><ele>451.2000000000007</ele><time>2026-04-17T19:14:30Z</time></rtept><rtept lat="44.606247" lon="-71.88007"><ele>453.60000000000036</ele><time>2026-04-17T19:14:30Z</time></rtept><rtept lat="44.606122" lon="-71.879981"><ele>455.60000000000036</ele><time>2026-04-17T19:14:30Z</time></rtept><rtept lat="44.606017" lon="-71.879922"><ele>456.8000000000011</ele><time>2026-04-17T19:14:30Z</time></rtept><rtept lat="44.605922" lon="-71.879845"><ele>456.8000000000011</ele><time>2026-04-17T19:14:30Z</time></rtept><rtept lat="44.605922" lon="-71.879845"><ele>456.8000000000011</ele><time>2026-04-17T19:14:30Z</time></rtept><rtept lat="44.60578" lon="-71.879729"><ele>458.0</ele><time>2026-04-17T19:14:30Z</time></rtept><rtept lat="44.605719" lon="-71.879446"><ele>457.0</ele><time>2026-04-17T19:14:30Z</time></rtept><rtept lat="44.605694" lon="-71.879353"><ele>456.40000000000146</ele><time>2026-04-17T19:14:30Z</time></rtept><rtept lat="44.605648" lon="-71.879288"><ele>457.0</ele><time>2026-04-17T19:14:30Z</time></rtept><rtept lat="44.605595" lon="-71.879202"><ele>457.8000000000011</ele><time>2026-04-17T19:14:30Z</time></rtept><rtept lat="44.605552" lon="-71.879032"><ele>458.2000000000007</ele><time>2026-04-17T19:14:30Z</time></rtept><rtept lat="44.60548" lon="-71.878874"><ele>458.0</ele><time>2026-04-17T19:14:30Z</time></rtept><rtept lat="44.605445" lon="-71.878774"><ele>456.8000000000011</ele><time>2026-04-17T19:14:30Z</time></rtept><rtept lat="44.605416" lon="-71.878633"><ele>456.2000000000007</ele><time>2026-04-17T19:14:30Z</time></rtept><rtept lat="44.605346" lon="-71.878466"><ele>455.40000000000146</ele><time>2026-04-17T19:14:30Z</time></rtept><rtept lat="44.605394" lon="-71.878317"><ele>453.2000000000007</ele><time>2026-04-17T19:14:30Z</time></rtept><rtept lat="44.605407" lon="-71.878189"><ele>451.60000000000036</ele><time>2026-04-17T19:14:30Z</time></rtept><rtept lat="44.60531" lon="-71.878014"><ele>451.60000000000036</ele><time>2026-04-17T19:14:30Z</time></rtept><rtept lat="44.605238" lon="-71.877896"><ele>451.60000000000036</ele><time>2026-04-17T19:14:30Z</time></rtept><rtept lat="44.605138" lon="-71.877714"><ele>450.8000000000011</ele><time>2026-04-17T19:14:30Z</time></rtept><rtept lat="44.605064" lon="-71.877523"><ele>451.2000000000007</ele><time>2026-04-17T19:14:30Z</time></rtept><rtept lat="44.60499" lon="-71.877302"><ele>450.60000000000036</ele><time>2026-04-17T19:14:30Z</time></rtept><rtept lat="44.60495" lon="-71.877198"><ele>450.8000000000011</ele><time>2026-04-17T19:14:30Z</time></rtept><rtept lat="44.604947" lon="-71.876998"><ele>447.0</ele><time>2026-04-17T19:14:30Z</time></rtept><rtept lat="44.60496" lon="-71.876919"><ele>444.40000000000146</ele><time>2026-04-17T19:14:30Z</time></rtept><rtept lat="44.604916" lon="-71.876786"><ele>444.60000000000036</ele><time>2026-04-17T19:14:30Z</time></rtept><rtept lat="44.604894" lon="-71.876587"><ele>440.8000000000011</ele><time>2026-04-17T19:14:30Z</time></rtept><rtept lat="44.604873" lon="-71.876339"><ele>440.2000000000007</ele><time>2026-04-17T19:14:30Z</time></rtept><rtept lat="44.604808" lon="-71.876268"><ele>440.40000000000146</ele><time>2026-04-17T19:14:30Z</time></rtept><rtept lat="44.604708" lon="-71.876086"><ele>439.2000000000007</ele><time>2026-04-17T19:14:30Z</time></rtept><rtept lat="44.604649" lon="-71.87592"><ele>438.0</ele><time>2026-04-17T19:14:30Z</time></rtept><rtept lat="44.604607" lon="-71.875734"><ele>436.40000000000146</ele><time>2026-04-17T19:14:30Z</time></rtept><rtept lat="44.60452" lon="-71.875541"><ele>435.8000000000011</ele><time>2026-04-17T19:14:30Z</time></rtept><rtept lat="44.604446" lon="-71.875406"><ele>435.2000000000007</ele><time>2026-04-17T19:14:30Z</time></rtept><rtept lat="44.604352" lon="-71.875197"><ele>432.8000000000011</ele><time>2026-04-17T19:14:30Z</time></rtept><rtept lat="44.604303" lon="-71.874994"><ele>432.2000000000007</ele><time>2026-04-17T19:14:30Z</time></rtept><rtept lat="44.604271" lon="-71.874894"><ele>432.2000000000007</ele><time>2026-04-17T19:14:30Z</time></rtept><rtept lat="44.604178" lon="-71.874829"><ele>432.40000000000146</ele><time>2026-04-17T19:14:30Z</time></rtept><rtept lat="44.604025" lon="-71.874877"><ele>434.2000000000007</ele><time>2026-04-17T19:14:30Z</time></rtept><rtept lat="44.603968" lon="-71.874886"><ele>435.2000000000007</ele><time>2026-04-17T19:14:30Z</time></rtept><rtept lat="44.603894" lon="-71.874834"><ele>435.40000000000146</ele><time>2026-04-17T19:14:30Z</time></rtept><rtept lat="44.603849" lon="-71.874856"><ele>436.0</ele><time>2026-04-17T19:14:30Z</time></rtept><rtept lat="44.60382" lon="-71.874886"><ele>437.0</ele><time>2026-04-17T19:14:30Z</time></rtept><rtept lat="44.603798" lon="-71.874954"><ele>437.0</ele><time>2026-04-17T19:14:30Z</time></rtept><rtept lat="44.603789" lon="-71.875063"><ele>441.40000000000146</ele><time>2026-04-17T19:14:30Z</time></rtept><rtept lat="44.603849" lon="-71.875188"><ele>441.40000000000146</ele><time>2026-04-17T19:14:30Z</time></rtept><rtept lat="44.603908" lon="-71.875256"><ele>441.60000000000036</ele><time>2026-04-17T19:14:30Z</time></rtept><rtept lat="44.603975" lon="-71.875321"><ele>440.8000000000011</ele><time>2026-04-17T19:14:30Z</time></rtept><rtept lat="44.604076" lon="-71.875419"><ele>441.2000000000007</ele><time>2026-04-17T19:14:30Z</time></rtept><rtept lat="44.604168" lon="-71.875527"><ele>440.2000000000007</ele><time>2026-04-17T19:14:30Z</time></rtept><rtept lat="44.604169" lon="-71.875646"><ele>441.8000000000011</ele><time>2026-04-17T19:14:30Z</time></rtept><rtept lat="44.604099" lon="-71.875711"><ele>444.60000000000036</ele><time>2026-04-17T19:14:30Z</time></rtept><rtept lat="44.604023" lon="-71.875704"><ele>448.0</ele><time>2026-04-17T19:14:30Z</time></rtept><rtept lat="44.603972" lon="-71.875746"><ele>451.0</ele><time>2026-04-17T19:14:30Z</time></rtept><rtept lat="44.603969" lon="-71.875806"><ele>451.0</ele><time>2026-04-17T19:14:30Z</time></rtept><rtept lat="44.603993" lon="-71.875936"><ele>452.40000000000146</ele><time>2026-04-17T19:14:30Z</time></rtept><rtept lat="44.604017" lon="-71.876107"><ele>455.0</ele><time>2026-04-17T19:14:30Z</time></rtept><rtept lat="44.604108" lon="-71.876256"><ele>454.8000000000011</ele><time>2026-04-17T19:14:30Z</time></rtept><rtept lat="44.604163" lon="-71.87629"><ele>453.40000000000146</ele><time>2026-04-17T19:14:30Z</time></rtept><rtept lat="44.604218" lon="-71.876368"><ele>455.0</ele><time>2026-04-17T19:14:30Z</time></rtept><rtept lat="44.604262" lon="-71.876489"><ele>455.0</ele><time>2026-04-17T19:14:30Z</time></rtept><rtept lat="44.604323" lon="-71.876607"><ele>456.2000000000007</ele><time>2026-04-17T19:14:30Z</time></rtept><rtept lat="44.604376" lon="-71.876738"><ele>456.2000000000007</ele><time>2026-04-17T19:14:30Z</time></rtept><rtept lat="44.604455" lon="-71.876819"><ele>456.40000000000146</ele><time>2026-04-17T19:14:30Z</time></rtept><rtept lat="44.604531" lon="-71.87699"><ele>456.0</ele><time>2026-04-17T19:14:30Z</time></rtept><rtept lat="44.604504" lon="-71.877119"><ele>460.0</ele><time>2026-04-17T19:14:30Z</time></rtept><rtept lat="44.604462" lon="-71.877071"><ele>460.2000000000007</ele><time>2026-04-17T19:14:30Z</time></rtept><rtept lat="44.604397" lon="-71.876985"><ele>460.40000000000146</ele><time>2026-04-17T19:14:30Z</time></rtept><rtept lat="44.60435" lon="-71.876902"><ele>459.0</ele><time>2026-04-17T19:14:30Z</time></rtept><rtept lat="44.604285" lon="-71.876773"><ele>459.2000000000007</ele><time>2026-04-17T19:14:30Z</time></rtept><rtept lat="44.604235" lon="-71.87658"><ele>456.2000000000007</ele><time>2026-04-17T19:14:30Z</time></rtept><rtept lat="44.604195" lon="-71.876553"><ele>457.8000000000011</ele><time>2026-04-17T19:14:30Z</time></rtept><rtept lat="44.604136" lon="-71.876583"><ele>459.2000000000007</ele><time>2026-04-17T19:14:30Z</time></rtept><rtept lat="44.604132" lon="-71.876714"><ele>462.2000000000007</ele><time>2026-04-17T19:14:30Z</time></rtept><rtept lat="44.604191" lon="-71.876875"><ele>463.8000000000011</ele><time>2026-04-17T19:14:30Z</time></rtept><rtept lat="44.604174" lon="-71.876961"><ele>465.2000000000007</ele><time>2026-04-17T19:14:30Z</time></rtept><rtept lat="44.60417" lon="-71.877154"><ele>468.0</ele><time>2026-04-17T19:14:30Z</time></rtept><rtept lat="44.604212" lon="-71.877285"><ele>470.2000000000007</ele><time>2026-04-17T19:14:30Z</time></rtept><rtept lat="44.604327" lon="-71.877435"><ele>468.0</ele><time>2026-04-17T19:14:30Z</time></rtept><rtept lat="44.604352" lon="-71.877634"><ele>469.2000000000007</ele><time>2026-04-17T19:14:30Z</time></rtept><rtept lat="44.604375" lon="-71.877725"><ele>470.0</ele><time>2026-04-17T19:14:30Z</time></rtept><rtept lat="44.604317" lon="-71.877757"><ele>471.60000000000036</ele><time>2026-04-17T19:14:30Z</time></rtept><rtept lat="44.604258" lon="-71.877798"><ele>473.8000000000011</ele><time>2026-04-17T19:14:30Z</time></rtept><rtept lat="44.604273" lon="-71.87794"><ele>474.2000000000007</ele><time>2026-04-17T19:14:30Z</time></rtept><rtept lat="44.604344" lon="-71.878082"><ele>472.0</ele><time>2026-04-17T19:14:30Z</time></rtept><rtept lat="44.604357" lon="-71.878219"><ele>472.60000000000036</ele><time>2026-04-17T19:14:30Z</time></rtept><rtept lat="44.604424" lon="-71.878417"><ele>474.2000000000007</ele><time>2026-04-17T19:14:30Z</time></rtept><rtept lat="44.604502" lon="-71.87846"><ele>473.0</ele><time>2026-04-17T19:14:30Z</time></rtept><rtept lat="44.604552" lon="-71.878503"><ele>472.8000000000011</ele><time>2026-04-17T19:14:30Z</time></rtept><rtept lat="44.604552" lon="-71.878618"><ele>474.0</ele><time>2026-04-17T19:14:30Z</time></rtept><rtept lat="44.604476" lon="-71.878616"><ele>475.40000000000146</ele><time>2026-04-17T19:14:30Z</time></rtept><rtept lat="44.604435" lon="-71.878652"><ele>476.8000000000011</ele><time>2026-04-17T19:14:30Z</time></rtept><rtept lat="44.604447" lon="-71.878725"><ele>478.2000000000007</ele><time>2026-04-17T19:14:30Z</time></rtept><rtept lat="44.60449" lon="-71.87904"><ele>482.2000000000007</ele><time>2026-04-17T19:14:30Z</time></rtept><rtept lat="44.604548" lon="-71.879204"><ele>483.2000000000007</ele><time>2026-04-17T19:14:30Z</time></rtept><rtept lat="44.604498" lon="-71.879359"><ele>487.40000000000146</ele><time>2026-04-17T19:14:30Z</time></rtept><rtept lat="44.605028" lon="-71.880371"><ele>484.0</ele><time>2026-04-17T19:14:30Z</time></rtept><rtept lat="44.605205" lon="-71.880582"><ele>481.60000000000036</ele><time>2026-04-17T19:14:30Z</time></rtept><rtept lat="44.605944" lon="-71.881242"><ele>470.60000000000036</ele><time>2026-04-17T19:14:30Z</time></rtept><rtept lat="44.606078" lon="-71.881388"><ele>469.0</ele><time>2026-04-17T19:14:30Z</time></rtept><rtept lat="44.606234" lon="-71.881621"><ele>469.0</ele><time>2026-04-17T19:14:30Z</time></rtept><rtept lat="44.606671" lon="-71.882132"><ele>459.0</ele><time>2026-04-17T19:14:30Z</time></rtept><rtept lat="44.607185" lon="-71.882569"><ele>454.8000000000011</ele><time>2026-04-17T19:14:30Z</time></rtept><rtept lat="44.607669" lon="-71.88301"><ele>448.60000000000036</ele><time>2026-04-17T19:14:30Z</time></rtept><rtept lat="44.607754" lon="-71.883118"><ele>448.60000000000036</ele><time>2026-04-17T19:14:30Z</time></rtept><rtept lat="44.607808" lon="-71.883257"><ele>448.2000000000007</ele><time>2026-04-17T19:14:30Z</time></rtept><rtept lat="44.607834" lon="-71.883638"><ele>451.40000000000146</ele><time>2026-04-17T19:14:30Z</time></rtept><rtept lat="44.607784" lon="-71.884031"><ele>458.40000000000146</ele><time>2026-04-17T19:14:30Z</time></rtept><rtept lat="44.607682" lon="-71.884358"><ele>463.2000000000007</ele><time>2026-04-17T19:14:30Z</time></rtept><rtept lat="44.607644" lon="-71.884535"><ele>463.60000000000036</ele><time>2026-04-17T19:14:30Z</time></rtept><rtept lat="44.607633" lon="-71.884808"><ele>464.40000000000146</ele><time>2026-04-17T19:14:30Z</time></rtept><rtept lat="44.60766" lon="-71.885028"><ele>463.40000000000146</ele><time>2026-04-17T19:14:30Z</time></rtept><rtept lat="44.607653" lon="-71.885162"><ele>462.8000000000011</ele><time>2026-04-17T19:14:30Z</time></rtept><rtept lat="44.607624" lon="-71.885266"><ele>461.60000000000036</ele><time>2026-04-17T19:14:30Z</time></rtept><rtept lat="44.60754" lon="-71.885426"><ele>461.60000000000036</ele><time>2026-04-17T19:14:30Z</time></rtept><rtept lat="44.607381" lon="-71.885647"><ele>465.0</ele><time>2026-04-17T19:14:30Z</time></rtept><rtept lat="44.607292" lon="-71.885819"><ele>467.60000000000036</ele><time>2026-04-17T19:14:30Z</time></rtept><rtept lat="44.607157" lon="-71.886183"><ele>470.0</ele><time>2026-04-17T19:14:30Z</time></rtept><rtept lat="44.607098" lon="-71.886276"><ele>470.40000000000146</ele><time>2026-04-17T19:14:30Z</time></rtept><rtept lat="44.606405" lon="-71.886895"><ele>472.2000000000007</ele><time>2026-04-17T19:14:30Z</time></rtept><rtept lat="44.606348" lon="-71.886955"><ele>474.0</ele><time>2026-04-17T19:14:30Z</time></rtept><rtept lat="44.606307" lon="-71.88703"><ele>473.8000000000011</ele><time>2026-04-17T19:14:30Z</time></rtept><rtept lat="44.606298" lon="-71.88716"><ele>473.8000000000011</ele><time>2026-04-17T19:14:30Z</time></rtept><rtept lat="44.606373" lon="-71.887404"><ele>472.0</ele><time>2026-04-17T19:14:30Z</time></rtept><rtept lat="44.606409" lon="-71.88757"><ele>470.40000000000146</ele><time>2026-04-17T19:14:30Z</time></rtept><rtept lat="44.606413" lon="-71.887682"><ele>468.2000000000007</ele><time>2026-04-17T19:14:30Z</time></rtept><rtept lat="44.606395" lon="-71.887829"><ele>467.0</ele><time>2026-04-17T19:14:30Z</time></rtept><rtept lat="44.606278" lon="-71.888244"><ele>465.40000000000146</ele><time>2026-04-17T19:14:30Z</time></rtept><rtept lat="44.60623" lon="-71.888362"><ele>466.40000000000146</ele><time>2026-04-17T19:14:30Z</time></rtept><rtept lat="44.606129" lon="-71.888501"><ele>467.8000000000011</ele><time>2026-04-17T19:14:30Z</time></rtept><rtept lat="44.606033" lon="-71.888565"><ele>470.8000000000011</ele><time>2026-04-17T19:14:30Z</time></rtept><rtept lat="44.605832" lon="-71.888656"><ele>473.60000000000036</ele><time>2026-04-17T19:14:30Z</time></rtept><rtept lat="44.605516" lon="-71.888717"><ele>469.60000000000036</ele><time>2026-04-17T19:14:30Z</time></rtept><rtept lat="44.605454" lon="-71.888765"><ele>468.8000000000011</ele><time>2026-04-17T19:14:30Z</time></rtept><rtept lat="44.60514" lon="-71.889192"><ele>467.40000000000146</ele><time>2026-04-17T19:14:30Z</time></rtept><rtept lat="44.604849" lon="-71.889546"><ele>471.0</ele><time>2026-04-17T19:14:30Z</time></rtept><rtept lat="44.604588" lon="-71.889943"><ele>470.0</ele><time>2026-04-17T19:14:30Z</time></rtept><rtept lat="44.604506" lon="-71.890135"><ele>468.0</ele><time>2026-04-17T19:14:30Z</time></rtept><rtept lat="44.604455" lon="-71.890503"><ele>470.60000000000036</ele><time>2026-04-17T19:14:30Z</time></rtept><rtept lat="44.604467" lon="-71.890764"><ele>470.40000000000146</ele><time>2026-04-17T19:14:30Z</time></rtept><rtept lat="44.604461" lon="-71.89086"><ele>470.8000000000011</ele><time>2026-04-17T19:14:30Z</time></rtept><rtept lat="44.604437" lon="-71.890923"><ele>470.8000000000011</ele><time>2026-04-17T19:14:30Z</time></rtept><rtept lat="44.604292" lon="-71.891128"><ele>472.2000000000007</ele><time>2026-04-17T19:14:30Z</time></rtept><rtept lat="44.604214" lon="-71.891132"><ele>472.60000000000036</ele><time>2026-04-17T19:14:30Z</time></rtept><rtept lat="44.60416" lon="-71.891087"><ele>472.60000000000036</ele><time>2026-04-17T19:14:30Z</time></rtept><rtept lat="44.604336" lon="-71.891217"><ele>472.2000000000007</ele><time>2026-04-17T19:14:30Z</time></rtept><rtept lat="44.604527" lon="-71.891427"><ele>470.8000000000011</ele><time>2026-04-17T19:14:30Z</time></rtept><rtept lat="44.604729" lon="-71.891751"><ele>471.8000000000011</ele><time>2026-04-17T19:14:30Z</time></rtept><rtept lat="44.604974" lon="-71.892076"><ele>476.0</ele><time>2026-04-17T19:14:30Z</time></rtept><rtept lat="44.605068" lon="-71.892228"><ele>477.8000000000011</ele><time>2026-04-17T19:14:30Z</time></rtept><rtept lat="44.605187" lon="-71.892443"><ele>480.40000000000146</ele><time>2026-04-17T19:14:30Z</time></rtept><rtept lat="44.605298" lon="-71.892662"><ele>482.40000000000146</ele><time>2026-04-17T19:14:30Z</time></rtept><rtept lat="44.605346" lon="-71.892787"><ele>482.40000000000146</ele><time>2026-04-17T19:14:30Z</time></rtept><rtept lat="44.605383" lon="-71.892931"><ele>481.40000000000146</ele><time>2026-04-17T19:14:30Z</time></rtept><rtept lat="44.605422" lon="-71.893209"><ele>478.40000000000146</ele><time>2026-04-17T19:14:30Z</time></rtept><rtept lat="44.605441" lon="-71.893274"><ele>477.40000000000146</ele><time>2026-04-17T19:14:30Z</time></rtept><rtept lat="44.605489" lon="-71.893376"><ele>477.0</ele><time>2026-04-17T19:14:30Z</time></rtept><rtept lat="44.605817" lon="-71.893969"><ele>481.2000000000007</ele><time>2026-04-17T19:14:30Z</time></rtept><rtept lat="44.606114" lon="-71.894594"><ele>481.40000000000146</ele><time>2026-04-17T19:14:30Z</time></rtept><rtept lat="44.606334" lon="-71.894536"><ele>480.0</ele><time>2026-04-17T19:14:30Z</time></rtept><rtept lat="44.606378" lon="-71.89451"><ele>479.60000000000036</ele><time>2026-04-17T19:14:30Z</time></rtept><rtept lat="44.606421" lon="-71.894505"><ele>479.8000000000011</ele><time>2026-04-17T19:14:30Z</time></rtept><rtept lat="44.606464" lon="-71.894518"><ele>479.8000000000011</ele><time>2026-04-17T19:14:30Z</time></rtept><rtept lat="44.606503" lon="-71.894538"><ele>480.60000000000036</ele><time>2026-04-17T19:14:30Z</time></rtept><rtept lat="44.606522" lon="-71.894556"><ele>480.60000000000036</ele><time>2026-04-17T19:14:30Z</time></rtept><rtept lat="44.606655" lon="-71.894453"><ele>480.0</ele><time>2026-04-17T19:14:30Z</time></rtept><rtept lat="44.606765" lon="-71.894331"><ele>479.8000000000011</ele><time>2026-04-17T19:14:30Z</time></rtept><rtept lat="44.606968" lon="-71.89412"><ele>479.60000000000036</ele><time>2026-04-17T19:14:30Z</time></rtept><rtept lat="44.607179" lon="-71.893918"><ele>480.0</ele><time>2026-04-17T19:14:30Z</time></rtept><rtept lat="44.607392" lon="-71.893715"><ele>479.60000000000036</ele><time>2026-04-17T19:14:30Z</time></rtept><rtept lat="44.607499" lon="-71.893614"><ele>481.8000000000011</ele><time>2026-04-17T19:14:30Z</time></rtept><rtept lat="44.60764" lon="-71.893507"><ele>483.60000000000036</ele><time>2026-04-17T19:14:30Z</time></rtept><rtept lat="44.607766" lon="-71.893419"><ele>486.2000000000007</ele><time>2026-04-17T19:14:30Z</time></rtept><rtept lat="44.607906" lon="-71.893312"><ele>485.0</ele><time>2026-04-17T19:14:30Z</time></rtept><rtept lat="44.607989" lon="-71.893187"><ele>483.60000000000036</ele><time>2026-04-17T19:14:30Z</time></rtept><rtept lat="44.608095" lon="-71.893158"><ele>484.0</ele><time>2026-04-17T19:14:30Z</time></rtept><rtept lat="44.608232" lon="-71.893201"><ele>483.60000000000036</ele><time>2026-04-17T19:14:30Z</time></rtept><rtept lat="44.60848" lon="-71.893228"><ele>480.2000000000007</ele><time>2026-04-17T19:14:30Z</time></rtept><rtept lat="44.608614" lon="-71.893238"><ele>478.60000000000036</ele><time>2026-04-17T19:14:30Z</time></rtept><rtept lat="44.608721" lon="-71.893265"><ele>479.40000000000146</ele><time>2026-04-17T19:14:30Z</time></rtept><rtept lat="44.608769" lon="-71.893265"><ele>479.0</ele><time>2026-04-17T19:14:30Z</time></rtept><rtept lat="44.608913" lon="-71.893217"><ele>476.8000000000011</ele><time>2026-04-17T19:14:30Z</time></rtept><rtept lat="44.609062" lon="-71.893166"><ele>477.60000000000036</ele><time>2026-04-17T19:14:30Z</time></rtept><rtept lat="44.609274" lon="-71.893178"><ele>479.2000000000007</ele><time>2026-04-17T19:14:30Z</time></rtept><rtept lat="44.609568" lon="-71.893287"><ele>477.0</ele><time>2026-04-17T19:14:30Z</time></rtept><rtept lat="44.609745" lon="-71.893349"><ele>475.2000000000007</ele><time>2026-04-17T19:14:30Z</time></rtept><rtept lat="44.609852" lon="-71.893439"><ele>474.0</ele><time>2026-04-17T19:14:30Z</time></rtept><rtept lat="44.609934" lon="-71.893548"><ele>473.60000000000036</ele><time>2026-04-17T19:14:30Z</time></rtept><rtept lat="44.609971" lon="-71.893573"><ele>472.40000000000146</ele><time>2026-04-17T19:14:30Z</time></rtept><rtept lat="44.610085" lon="-71.893614"><ele>470.40000000000146</ele><time>2026-04-17T19:14:30Z</time></rtept><rtept lat="44.610117" lon="-71.893663"><ele>470.40000000000146</ele><time>2026-04-17T19:14:30Z</time></rtept><rtept lat="44.610193" lon="-71.893713"><ele>469.8000000000011</ele><time>2026-04-17T19:14:30Z</time></rtept><rtept lat="44.610193" lon="-71.893713"><ele>469.8000000000011</ele><time>2026-04-17T19:14:30Z</time></rtept><rtept lat="44.610193" lon="-71.893713"><ele>469.8000000000011</ele><time>2026-04-17T19:14:30Z</time></rtept><rtept lat="44.610193" lon="-71.893713"><ele>469.8000000000011</ele><time>2026-04-17T19:14:30Z</time></rtept><rtept lat="44.610117" lon="-71.893663"><ele>470.40000000000146</ele><time>2026-04-17T19:14:30Z</time></rtept><rtept lat="44.610085" lon="-71.893614"><ele>470.40000000000146</ele><time>2026-04-17T19:14:30Z</time></rtept><rtept lat="44.609971" lon="-71.893573"><ele>472.40000000000146</ele><time>2026-04-17T19:14:30Z</time></rtept><rtept lat="44.609934" lon="-71.893548"><ele>473.60000000000036</ele><time>2026-04-17T19:14:30Z</time></rtept><rtept lat="44.609852" lon="-71.893439"><ele>474.0</ele><time>2026-04-17T19:14:30Z</time></rtept><rtept lat="44.609745" lon="-71.893349"><ele>475.2000000000007</ele><time>2026-04-17T19:14:30Z</time></rtept><rtept lat="44.609568" lon="-71.893287"><ele>477.0</ele><time>2026-04-17T19:14:30Z</time></rtept><rtept lat="44.609274" lon="-71.893178"><ele>479.2000000000007</ele><time>2026-04-17T19:14:30Z</time></rtept><rtept lat="44.609062" lon="-71.893166"><ele>477.60000000000036</ele><time>2026-04-17T19:14:30Z</time></rtept><rtept lat="44.608913" lon="-71.893217"><ele>476.8000000000011</ele><time>2026-04-17T19:14:30Z</time></rtept><rtept lat="44.608769" lon="-71.893265"><ele>479.0</ele><time>2026-04-17T19:14:30Z</time></rtept><rtept lat="44.608721" lon="-71.893265"><ele>479.40000000000146</ele><time>2026-04-17T19:14:30Z</time></rtept><rtept lat="44.608614" lon="-71.893238"><ele>478.60000000000036</ele><time>2026-04-17T19:14:30Z</time></rtept><rtept lat="44.60848" lon="-71.893228"><ele>480.2000000000007</ele><time>2026-04-17T19:14:30Z</time></rtept><rtept lat="44.608232" lon="-71.893201"><ele>483.60000000000036</ele><time>2026-04-17T19:14:30Z</time></rtept><rtept lat="44.608095" lon="-71.893158"><ele>484.0</ele><time>2026-04-17T19:14:30Z</time></rtept><rtept lat="44.607989" lon="-71.893187"><ele>483.60000000000036</ele><time>2026-04-17T19:14:30Z</time></rtept><rtept lat="44.607906" lon="-71.893312"><ele>485.0</ele><time>2026-04-17T19:14:30Z</time></rtept><rtept lat="44.607766" lon="-71.893419"><ele>486.2000000000007</ele><time>2026-04-17T19:14:30Z</time></rtept><rtept lat="44.60764" lon="-71.893507"><ele>483.60000000000036</ele><time>2026-04-17T19:14:30Z</time></rtept><rtept lat="44.607499" lon="-71.893614"><ele>481.8000000000011</ele><time>2026-04-17T19:14:30Z</time></rtept><rtept lat="44.607392" lon="-71.893715"><ele>479.60000000000036</ele><time>2026-04-17T19:14:30Z</time></rtept><rtept lat="44.607179" lon="-71.893918"><ele>480.0</ele><time>2026-04-17T19:14:30Z</time></rtept><rtept lat="44.606968" lon="-71.89412"><ele>479.60000000000036</ele><time>2026-04-17T19:14:30Z</time></rtept><rtept lat="44.606765" lon="-71.894331"><ele>479.8000000000011</ele><time>2026-04-17T19:14:30Z</time></rtept><rtept lat="44.606655" lon="-71.894453"><ele>480.0</ele><time>2026-04-17T19:14:30Z</time></rtept><rtept lat="44.606522" lon="-71.894556"><ele>480.60000000000036</ele><time>2026-04-17T19:14:30Z</time></rtept><rtept lat="44.606503" lon="-71.894538"><ele>480.60000000000036</ele><time>2026-04-17T19:14:30Z</time></rtept><rtept lat="44.606464" lon="-71.894518"><ele>479.8000000000011</ele><time>2026-04-17T19:14:30Z</time></rtept><rtept lat="44.606421" lon="-71.894505"><ele>479.8000000000011</ele><time>2026-04-17T19:14:30Z</time></rtept><rtept lat="44.606378" lon="-71.89451"><ele>479.60000000000036</ele><time>2026-04-17T19:14:30Z</time></rtept><rtept lat="44.606334" lon="-71.894536"><ele>480.0</ele><time>2026-04-17T19:14:30Z</time></rtept><rtept lat="44.606114" lon="-71.894594"><ele>481.40000000000146</ele><time>2026-04-17T19:14:30Z</time></rtept><rtept lat="44.605817" lon="-71.893969"><ele>481.2000000000007</ele><time>2026-04-17T19:14:30Z</time></rtept><rtept lat="44.605489" lon="-71.893376"><ele>477.0</ele><time>2026-04-17T19:14:30Z</time></rtept><rtept lat="44.605441" lon="-71.893274"><ele>477.40000000000146</ele><time>2026-04-17T19:14:30Z</time></rtept><rtept lat="44.605422" lon="-71.893209"><ele>478.40000000000146</ele><time>2026-04-17T19:14:30Z</time></rtept><rtept lat="44.605383" lon="-71.892931"><ele>481.40000000000146</ele><time>2026-04-17T19:14:30Z</time></rtept><rtept lat="44.605346" lon="-71.892787"><ele>482.40000000000146</ele><time>2026-04-17T19:14:30Z</time></rtept><rtept lat="44.605298" lon="-71.892662"><ele>482.40000000000146</ele><time>2026-04-17T19:14:30Z</time></rtept><rtept lat="44.605187" lon="-71.892443"><ele>480.40000000000146</ele><time>2026-04-17T19:14:30Z</time></rtept><rtept lat="44.605068" lon="-71.892228"><ele>477.8000000000011</ele><time>2026-04-17T19:14:30Z</time></rtept><rtept lat="44.604974" lon="-71.892076"><ele>476.0</ele><time>2026-04-17T19:14:30Z</time></rtept><rtept lat="44.604729" lon="-71.891751"><ele>471.8000000000011</ele><time>2026-04-17T19:14:30Z</time></rtept><rtept lat="44.604527" lon="-71.891427"><ele>470.8000000000011</ele><time>2026-04-17T19:14:30Z</time></rtept><rtept lat="44.604336" lon="-71.891217"><ele>472.2000000000007</ele><time>2026-04-17T19:14:30Z</time></rtept><rtept lat="44.60416" lon="-71.891087"><ele>472.60000000000036</ele><time>2026-04-17T19:14:30Z</time></rtept><rtept lat="44.603796" lon="-71.890891"><ele>468.8000000000011</ele><time>2026-04-17T19:14:30Z</time></rtept><rtept lat="44.603618" lon="-71.890733"><ele>465.60000000000036</ele><time>2026-04-17T19:14:30Z</time></rtept><rtept lat="44.603535" lon="-71.89068"><ele>466.2000000000007</ele><time>2026-04-17T19:14:30Z</time></rtept><rtept lat="44.603456" lon="-71.890658"><ele>467.8000000000011</ele><time>2026-04-17T19:14:30Z</time></rtept><rtept lat="44.603337" lon="-71.890657"><ele>469.60000000000036</ele><time>2026-04-17T19:14:30Z</time></rtept><rtept lat="44.603264" lon="-71.890678"><ele>469.0</ele><time>2026-04-17T19:14:30Z</time></rtept><rtept lat="44.603184" lon="-71.89072"><ele>469.8000000000011</ele><time>2026-04-17T19:14:30Z</time></rtept><rtept lat="44.603144" lon="-71.890744"><ele>470.40000000000146</ele><time>2026-04-17T19:14:30Z</time></rtept><rtept lat="44.603053" lon="-71.890825"><ele>469.60000000000036</ele><time>2026-04-17T19:14:30Z</time></rtept><rtept lat="44.602942" lon="-71.890953"><ele>466.8000000000011</ele><time>2026-04-17T19:14:30Z</time></rtept><rtept lat="44.602579" lon="-71.891319"><ele>465.8000000000011</ele><time>2026-04-17T19:14:30Z</time></rtept><rtept lat="44.602543" lon="-71.891347"><ele>465.60000000000036</ele><time>2026-04-17T19:14:30Z</time></rtept><rtept lat="44.602386" lon="-71.891516"><ele>462.0</ele><time>2026-04-17T19:14:30Z</time></rtept><rtept lat="44.60212" lon="-71.891841"><ele>460.0</ele><time>2026-04-17T19:14:30Z</time></rtept><rtept lat="44.60203" lon="-71.891991"><ele>459.0</ele><time>2026-04-17T19:14:30Z</time></rtept><rtept lat="44.601939" lon="-71.892198"><ele>457.40000000000146</ele><time>2026-04-17T19:14:30Z</time></rtept><rtept lat="44.601832" lon="-71.892375"><ele>458.2000000000007</ele><time>2026-04-17T19:14:30Z</time></rtept><rtept lat="44.601787" lon="-71.89243"><ele>458.60000000000036</ele><time>2026-04-17T19:14:30Z</time></rtept><rtept lat="44.601733" lon="-71.892465"><ele>458.2000000000007</ele><time>2026-04-17T19:14:30Z</time></rtept><rtept lat="44.601676" lon="-71.89248"><ele>457.8000000000011</ele><time>2026-04-17T19:14:30Z</time></rtept><rtept lat="44.601622" lon="-71.892452"><ele>456.40000000000146</ele><time>2026-04-17T19:14:30Z</time></rtept><rtept lat="44.601577" lon="-71.892392"><ele>455.2000000000007</ele><time>2026-04-17T19:14:30Z</time></rtept><rtept lat="44.601549" lon="-71.892319"><ele>455.2000000000007</ele><time>2026-04-17T19:14:30Z</time></rtept><rtept lat="44.601462" lon="-71.892014"><ele>453.0</ele><time>2026-04-17T19:14:30Z</time></rtept><rtept lat="44.601354" lon="-71.891756"><ele>451.8000000000011</ele><time>2026-04-17T19:14:30Z</time></rtept><rtept lat="44.601298" lon="-71.891647"><ele>450.8000000000011</ele><time>2026-04-17T19:14:30Z</time></rtept><rtept lat="44.601225" lon="-71.891538"><ele>450.0</ele><time>2026-04-17T19:14:30Z</time></rtept><rtept lat="44.601183" lon="-71.891495"><ele>449.8000000000011</ele><time>2026-04-17T19:14:30Z</time></rtept><rtept lat="44.601057" lon="-71.891425"><ele>449.8000000000011</ele><time>2026-04-17T19:14:30Z</time></rtept><rtept lat="44.60094" lon="-71.89134"><ele>450.2000000000007</ele><time>2026-04-17T19:14:30Z</time></rtept><rtept lat="44.600859" lon="-71.891245"><ele>450.2000000000007</ele><time>2026-04-17T19:14:30Z</time></rtept><rtept lat="44.6008" lon="-71.891139"><ele>449.40000000000146</ele><time>2026-04-17T19:14:30Z</time></rtept><rtept lat="44.600705" lon="-71.890886"><ele>445.60000000000036</ele><time>2026-04-17T19:14:30Z</time></rtept><rtept lat="44.600589" lon="-71.890671"><ele>444.2000000000007</ele><time>2026-04-17T19:14:30Z</time></rtept><rtept lat="44.600511" lon="-71.890489"><ele>444.0</ele><time>2026-04-17T19:14:30Z</time></rtept><rtept lat="44.600437" lon="-71.890353"><ele>444.40000000000146</ele><time>2026-04-17T19:14:30Z</time></rtept><rtept lat="44.600405" lon="-71.890324"><ele>444.60000000000036</ele><time>2026-04-17T19:14:30Z</time></rtept><rtept lat="44.600334" lon="-71.890291"><ele>444.0</ele><time>2026-04-17T19:14:30Z</time></rtept><rtept lat="44.600258" lon="-71.890294"><ele>443.40000000000146</ele><time>2026-04-17T19:14:30Z</time></rtept><rtept lat="44.600035" lon="-71.89047"><ele>443.2000000000007</ele><time>2026-04-17T19:14:30Z</time></rtept><rtept lat="44.599763" lon="-71.890799"><ele>445.40000000000146</ele><time>2026-04-17T19:14:30Z</time></rtept><rtept lat="44.599663" lon="-71.890907"><ele>446.2000000000007</ele><time>2026-04-17T19:14:30Z</time></rtept><rtept lat="44.599416" lon="-71.891132"><ele>445.2000000000007</ele><time>2026-04-17T19:14:30Z</time></rtept><rtept lat="44.599265" lon="-71.89132"><ele>441.2000000000007</ele><time>2026-04-17T19:14:30Z</time></rtept><rtept lat="44.599178" lon="-71.891473"><ele>439.40000000000146</ele><time>2026-04-17T19:14:30Z</time></rtept><rtept lat="44.59916" lon="-71.891508"><ele>439.40000000000146</ele><time>2026-04-17T19:14:30Z</time></rtept><rtept lat="44.59916" lon="-71.891508"><ele>439.40000000000146</ele><time>2026-04-17T19:14:30Z</time></rtept><rtept lat="44.598847" lon="-71.892119"><ele>437.60000000000036</ele><time>2026-04-17T19:14:30Z</time></rtept><rtept lat="44.598752" lon="-71.892335"><ele>433.40000000000146</ele><time>2026-04-17T19:14:30Z</time></rtept><rtept lat="44.5987" lon="-71.892476"><ele>430.2000000000007</ele><time>2026-04-17T19:14:30Z</time></rtept><rtept lat="44.598683" lon="-71.892544"><ele>430.2000000000007</ele><time>2026-04-17T19:14:30Z</time></rtept><rtept lat="44.598664" lon="-71.892701"><ele>429.0</ele><time>2026-04-17T19:14:30Z</time></rtept><rtept lat="44.59863" lon="-71.893327"><ele>430.40000000000146</ele><time>2026-04-17T19:14:30Z</time></rtept><rtept lat="44.598589" lon="-71.893527"><ele>431.40000000000146</ele><time>2026-04-17T19:14:30Z</time></rtept><rtept lat="44.598551" lon="-71.893658"><ele>431.0</ele><time>2026-04-17T19:14:30Z</time></rtept><rtept lat="44.59848" lon="-71.894054"><ele>426.60000000000036</ele><time>2026-04-17T19:14:30Z</time></rtept><rtept lat="44.598431" lon="-71.894246"><ele>425.2000000000007</ele><time>2026-04-17T19:14:30Z</time></rtept><rtept lat="44.59837" lon="-71.894606"><ele>423.60000000000036</ele><time>2026-04-17T19:14:30Z</time></rtept><rtept lat="44.598374" lon="-71.894911"><ele>422.8000000000011</ele><time>2026-04-17T19:14:30Z</time></rtept><rtept lat="44.598423" lon="-71.895641"><ele>427.40000000000146</ele><time>2026-04-17T19:14:30Z</time></rtept><rtept lat="44.598413" lon="-71.895739"><ele>426.60000000000036</ele><time>2026-04-17T19:14:30Z</time></rtept><rtept lat="44.598373" lon="-71.895895"><ele>426.0</ele><time>2026-04-17T19:14:30Z</time></rtept><rtept lat="44.598322" lon="-71.895989"><ele>426.0</ele><time>2026-04-17T19:14:30Z</time></rtept><rtept lat="44.598166" lon="-71.896221"><ele>427.8000000000011</ele><time>2026-04-17T19:14:30Z</time></rtept><rtept lat="44.598122" lon="-71.896301"><ele>427.2000000000007</ele><time>2026-04-17T19:14:30Z</time></rtept><rtept lat="44.598081" lon="-71.896418"><ele>428.2000000000007</ele><time>2026-04-17T19:14:30Z</time></rtept><rtept lat="44.598042" lon="-71.896629"><ele>429.40000000000146</ele><time>2026-04-17T19:14:30Z</time></rtept><rtept lat="44.598022" lon="-71.896691"><ele>429.40000000000146</ele><time>2026-04-17T19:14:30Z</time></rtept><rtept lat="44.597987" lon="-71.89676"><ele>429.40000000000146</ele><time>2026-04-17T19:14:30Z</time></rtept><rtept lat="44.597851" lon="-71.89699"><ele>430.0</ele><time>2026-04-17T19:14:30Z</time></rtept><rtept lat="44.597772" lon="-71.89707"><ele>430.40000000000146</ele><time>2026-04-17T19:14:30Z</time></rtept><rtept lat="44.597661" lon="-71.897163"><ele>432.2000000000007</ele><time>2026-04-17T19:14:30Z</time></rtept><rtept lat="44.597634" lon="-71.897214"><ele>432.60000000000036</ele><time>2026-04-17T19:14:30Z</time></rtept><rtept lat="44.597592" lon="-71.897374"><ele>433.60000000000036</ele><time>2026-04-17T19:14:30Z</time></rtept><rtept lat="44.597568" lon="-71.897564"><ele>434.2000000000007</ele><time>2026-04-17T19:14:30Z</time></rtept><rtept lat="44.597559" lon="-71.897779"><ele>434.40000000000146</ele><time>2026-04-17T19:14:30Z</time></rtept><rtept lat="44.597543" lon="-71.897887"><ele>433.8000000000011</ele><time>2026-04-17T19:14:30Z</time></rtept><rtept lat="44.59751" lon="-71.897989"><ele>433.0</ele><time>2026-04-17T19:14:30Z</time></rtept><rtept lat="44.59746" lon="-71.898076"><ele>431.2000000000007</ele><time>2026-04-17T19:14:30Z</time></rtept><rtept lat="44.597396" lon="-71.898149"><ele>428.8000000000011</ele><time>2026-04-17T19:14:30Z</time></rtept><rtept lat="44.597125" lon="-71.898362"><ele>424.2000000000007</ele><time>2026-04-17T19:14:30Z</time></rtept><rtept lat="44.59706" lon="-71.898424"><ele>423.8000000000011</ele><time>2026-04-17T19:14:30Z</time></rtept><rtept lat="44.59706" lon="-71.898424"><ele>423.8000000000011</ele><time>2026-04-17T19:14:30Z</time></rtept><rtept lat="44.596946" lon="-71.898534"><ele>423.2000000000007</ele><time>2026-04-17T19:14:30Z</time></rtept><rtept lat="44.596754" lon="-71.898662"><ele>421.2000000000007</ele><time>2026-04-17T19:14:30Z</time></rtept><rtept lat="44.596662" lon="-71.898747"><ele>420.2000000000007</ele><time>2026-04-17T19:14:30Z</time></rtept><rtept lat="44.596588" lon="-71.898838"><ele>418.8000000000011</ele><time>2026-04-17T19:14:30Z</time></rtept><rtept lat="44.596533" lon="-71.898939"><ele>417.0</ele><time>2026-04-17T19:14:30Z</time></rtept><rtept lat="44.596509" lon="-71.899002"><ele>415.40000000000146</ele><time>2026-04-17T19:14:30Z</time></rtept><rtept lat="44.596486" lon="-71.899105"><ele>414.8000000000011</ele><time>2026-04-17T19:14:30Z</time></rtept><rtept lat="44.596479" lon="-71.899173"><ele>414.40000000000146</ele><time>2026-04-17T19:14:30Z</time></rtept><rtept lat="44.596483" lon="-71.899264"><ele>414.40000000000146</ele><time>2026-04-17T19:14:30Z</time></rtept><rtept lat="44.596504" lon="-71.899357"><ele>414.8000000000011</ele><time>2026-04-17T19:14:30Z</time></rtept><rtept lat="44.596536" lon="-71.899435"><ele>415.0</ele><time>2026-04-17T19:14:30Z</time></rtept><rtept lat="44.596664" lon="-71.899624"><ele>414.40000000000146</ele><time>2026-04-17T19:14:30Z</time></rtept><rtept lat="44.596694" lon="-71.899688"><ele>414.8000000000011</ele><time>2026-04-17T19:14:30Z</time></rtept><rtept lat="44.596761" lon="-71.89989"><ele>415.60000000000036</ele><time>2026-04-17T19:14:30Z</time></rtept><rtept lat="44.59678" lon="-71.900004"><ele>416.0</ele><time>2026-04-17T19:14:30Z</time></rtept><rtept lat="44.596785" lon="-71.900188"><ele>415.60000000000036</ele><time>2026-04-17T19:14:30Z</time></rtept><rtept lat="44.596771" lon="-71.9004"><ele>414.0</ele><time>2026-04-17T19:14:30Z</time></rtept><rtept lat="44.596688" lon="-71.9008"><ele>414.2000000000007</ele><time>2026-04-17T19:14:30Z</time></rtept><rtept lat="44.596676" lon="-71.900916"><ele>414.0</ele><time>2026-04-17T19:14:30Z</time></rtept><rtept lat="44.596679" lon="-71.901017"><ele>414.0</ele><time>2026-04-17T19:14:30Z</time></rtept><rtept lat="44.596692" lon="-71.901117"><ele>414.2000000000007</ele><time>2026-04-17T19:14:30Z</time></rtept><rtept lat="44.596742" lon="-71.901355"><ele>414.0</ele><time>2026-04-17T19:14:30Z</time></rtept><rtept lat="44.596787" lon="-71.901527"><ele>413.0</ele><time>2026-04-17T19:14:30Z</time></rtept><rtept lat="44.596808" lon="-71.901672"><ele>411.8000000000011</ele><time>2026-04-17T19:14:30Z</time></rtept><rtept lat="44.596811" lon="-71.901794"><ele>411.2000000000007</ele><time>2026-04-17T19:14:30Z</time></rtept><rtept lat="44.596786" lon="-71.902115"><ele>411.60000000000036</ele><time>2026-04-17T19:14:30Z</time></rtept><rtept lat="44.596795" lon="-71.902312"><ele>412.2000000000007</ele><time>2026-04-17T19:14:30Z</time></rtept><rtept lat="44.596878" lon="-71.902523"><ele>409.60000000000036</ele><time>2026-04-17T19:14:30Z</time></rtept><rtept lat="44.597014" lon="-71.902575"><ele>408.40000000000146</ele><time>2026-04-17T19:14:30Z</time></rtept><rtept lat="44.59723" lon="-71.902618"><ele>407.40000000000146</ele><time>2026-04-17T19:14:30Z</time></rtept><rtept lat="44.597272" lon="-71.902638"><ele>407.60000000000036</ele><time>2026-04-17T19:14:30Z</time></rtept><rtept lat="44.597344" lon="-71.902703"><ele>408.0</ele><time>2026-04-17T19:14:30Z</time></rtept><rtept lat="44.597408" lon="-71.902788"><ele>408.40000000000146</ele><time>2026-04-17T19:14:30Z</time></rtept><rtept lat="44.597441" lon="-71.902841"><ele>408.40000000000146</ele><time>2026-04-17T19:14:30Z</time></rtept><rtept lat="44.59749" lon="-71.902958"><ele>409.0</ele><time>2026-04-17T19:14:30Z</time></rtept><rtept lat="44.59764" lon="-71.903462"><ele>396.40000000000146</ele><time>2026-04-17T19:14:30Z</time></rtept><rtept lat="44.597739" lon="-71.903399"><ele>396.40000000000146</ele><time>2026-04-17T19:14:30Z</time></rtept><rtept lat="44.5979" lon="-71.903316"><ele>396.8000000000011</ele><time>2026-04-17T19:14:30Z</time></rtept><rtept lat="44.598067" lon="-71.903206"><ele>397.40000000000146</ele><time>2026-04-17T19:14:30Z</time></rtept><rtept lat="44.598173" lon="-71.903464"><ele>399.0</ele><time>2026-04-17T19:14:30Z</time></rtept><rtept lat="44.598252" lon="-71.903731"><ele>401.8000000000011</ele><time>2026-04-17T19:14:30Z</time></rtept><rtept lat="44.598372" lon="-71.903999"><ele>402.8000000000011</ele><time>2026-04-17T19:14:30Z</time></rtept><rtept lat="44.598413" lon="-71.904215"><ele>401.8000000000011</ele><time>2026-04-17T19:14:30Z</time></rtept><rtept lat="44.598427" lon="-71.904445"><ele>398.8000000000011</ele><time>2026-04-17T19:14:30Z</time></rtept><rtept lat="44.598517" lon="-71.904743"><ele>395.2000000000007</ele><time>2026-04-17T19:14:30Z</time></rtept><rtept lat="44.598629" lon="-71.904967"><ele>393.2000000000007</ele><time>2026-04-17T19:14:30Z</time></rtept><rtept lat="44.598645" lon="-71.905047"><ele>392.8000000000011</ele><time>2026-04-17T19:14:30Z</time></rtept><rtept lat="44.598645" lon="-71.905047"><ele>392.8000000000011</ele><time>2026-04-17T19:14:30Z</time></rtept><rtept lat="44.598665" lon="-71.905148"><ele>393.40000000000146</ele><time>2026-04-17T19:14:30Z</time></rtept><rtept lat="44.598784" lon="-71.905342"><ele>395.0</ele><time>2026-04-17T19:14:30Z</time></rtept><rtept lat="44.599028" lon="-71.905661"><ele>394.60000000000036</ele><time>2026-04-17T19:14:30Z</time></rtept><rtept lat="44.599207" lon="-71.905817"><ele>393.8000000000011</ele><time>2026-04-17T19:14:30Z</time></rtept><rtept lat="44.599425" lon="-71.905994"><ele>391.8000000000011</ele><time>2026-04-17T19:14:30Z</time></rtept><rtept lat="44.599624" lon="-71.906202"><ele>391.0</ele><time>2026-04-17T19:14:30Z</time></rtept><rtept lat="44.599798" lon="-71.906414"><ele>392.0</ele><time>2026-04-17T19:14:30Z</time></rtept><rtept lat="44.599963" lon="-71.906619"><ele>393.60000000000036</ele><time>2026-04-17T19:14:30Z</time></rtept><rtept lat="44.600101" lon="-71.906807"><ele>393.0</ele><time>2026-04-17T19:14:30Z</time></rtept><rtept lat="44.600208" lon="-71.907037"><ele>391.2000000000007</ele><time>2026-04-17T19:14:30Z</time></rtept><rtept lat="44.600326" lon="-71.907253"><ele>388.0</ele><time>2026-04-17T19:14:30Z</time></rtept><rtept lat="44.600414" lon="-71.90747"><ele>387.60000000000036</ele><time>2026-04-17T19:14:30Z</time></rtept><rtept lat="44.600576" lon="-71.907714"><ele>390.60000000000036</ele><time>2026-04-17T19:14:30Z</time></rtept><rtept lat="44.600541" lon="-71.907791"><ele>389.8000000000011</ele><time>2026-04-17T19:14:30Z</time></rtept><rtept lat="44.6005" lon="-71.907867"><ele>389.60000000000036</ele><time>2026-04-17T19:14:30Z</time></rtept><rtept lat="44.600488" lon="-71.907968"><ele>388.60000000000036</ele><time>2026-04-17T19:14:30Z</time></rtept><rtept lat="44.600492" lon="-71.908064"><ele>388.60000000000036</ele><time>2026-04-17T19:14:30Z</time></rtept><rtept lat="44.600511" lon="-71.908141"><ele>388.0</ele><time>2026-04-17T19:14:30Z</time></rtept><rtept lat="44.600475" lon="-71.908274"><ele>386.40000000000146</ele><time>2026-04-17T19:14:30Z</time></rtept><rtept lat="44.600416" lon="-71.9084"><ele>385.2000000000007</ele><time>2026-04-17T19:14:30Z</time></rtept><rtept lat="44.600379" lon="-71.908474"><ele>384.40000000000146</ele><time>2026-04-17T19:14:30Z</time></rtept><rtept lat="44.600292" lon="-71.908588"><ele>382.60000000000036</ele><time>2026-04-17T19:14:30Z</time></rtept><rtept lat="44.600222" lon="-71.908717"><ele>381.8000000000011</ele><time>2026-04-17T19:14:30Z</time></rtept><rtept lat="44.600184" lon="-71.908856"><ele>381.40000000000146</ele><time>2026-04-17T19:14:30Z</time></rtept><rtept lat="44.600125" lon="-71.90896"><ele>381.40000000000146</ele><time>2026-04-17T19:14:30Z</time></rtept><rtept lat="44.600051" lon="-71.909013"><ele>380.8000000000011</ele><time>2026-04-17T19:14:30Z</time></rtept><rtept lat="44.599929" lon="-71.90907"><ele>380.8000000000011</ele><time>2026-04-17T19:14:30Z</time></rtept><rtept lat="44.599839" lon="-71.909085"><ele>381.0</ele><time>2026-04-17T19:14:30Z</time></rtept><rtept lat="44.599721" lon="-71.909131"><ele>381.40000000000146</ele><time>2026-04-17T19:14:30Z</time></rtept><rtept lat="44.599648" lon="-71.909082"><ele>381.40000000000146</ele><time>2026-04-17T19:14:30Z</time></rtept><rtept lat="44.599549" lon="-71.908986"><ele>380.60000000000036</ele><time>2026-04-17T19:14:30Z</time></rtept><rtept lat="44.599486" lon="-71.908919"><ele>380.0</ele><time>2026-04-17T19:14:30Z</time></rtept><rtept lat="44.599438" lon="-71.908915"><ele>379.8000000000011</ele><time>2026-04-17T19:14:30Z</time></rtept><rtept lat="44.599374" lon="-71.908996"><ele>380.0</ele><time>2026-04-17T19:14:30Z</time></rtept><rtept lat="44.599317" lon="-71.909022"><ele>380.2000000000007</ele><time>2026-04-17T19:14:30Z</time></rtept><rtept lat="44.599273" lon="-71.909031"><ele>380.2000000000007</ele><time>2026-04-17T19:14:30Z</time></rtept><rtept lat="44.599259" lon="-71.909092"><ele>380.8000000000011</ele><time>2026-04-17T19:14:30Z</time></rtept><rtept lat="44.599253" lon="-71.909166"><ele>381.2000000000007</ele><time>2026-04-17T19:14:30Z</time></rtept><rtept lat="44.599237" lon="-71.909248"><ele>381.0</ele><time>2026-04-17T19:14:30Z</time></rtept><rtept lat="44.599169" lon="-71.90933"><ele>380.2000000000007</ele><time>2026-04-17T19:14:30Z</time></rtept><rtept lat="44.599156" lon="-71.909447"><ele>379.0</ele><time>2026-04-17T19:14:30Z</time></rtept><rtept lat="44.599097" lon="-71.909576"><ele>376.40000000000146</ele><time>2026-04-17T19:14:30Z</time></rtept><rtept lat="44.599061" lon="-71.909685"><ele>375.60000000000036</ele><time>2026-04-17T19:14:30Z</time></rtept><rtept lat="44.599061" lon="-71.909754"><ele>375.8000000000011</ele><time>2026-04-17T19:14:30Z</time></rtept><rtept lat="44.599108" lon="-71.909887"><ele>376.40000000000146</ele><time>2026-04-17T19:14:30Z</time></rtept><rtept lat="44.599151" lon="-71.909956"><ele>377.2000000000007</ele><time>2026-04-17T19:14:30Z</time></rtept><rtept lat="44.599242" lon="-71.910025"><ele>378.0</ele><time>2026-04-17T19:14:30Z</time></rtept><rtept lat="44.599317" lon="-71.910085"><ele>378.2000000000007</ele><time>2026-04-17T19:14:30Z</time></rtept><rtept lat="44.599372" lon="-71.910167"><ele>378.40000000000146</ele><time>2026-04-17T19:14:30Z</time></rtept><rtept lat="44.599339" lon="-71.910301"><ele>378.2000000000007</ele><time>2026-04-17T19:14:30Z</time></rtept><rtept lat="44.599299" lon="-71.910349"><ele>377.8000000000011</ele><time>2026-04-17T19:14:30Z</time></rtept><rtept lat="44.599234" lon="-71.910437"><ele>377.40000000000146</ele><time>2026-04-17T19:14:30Z</time></rtept><rtept lat="44.599191" lon="-71.91052"><ele>377.60000000000036</ele><time>2026-04-17T19:14:30Z</time></rtept><rtept lat="44.59918" lon="-71.910623"><ele>377.8000000000011</ele><time>2026-04-17T19:14:30Z</time></rtept><rtept lat="44.599165" lon="-71.91069"><ele>378.0</ele><time>2026-04-17T19:14:30Z</time></rtept><rtept lat="44.599196" lon="-71.910809"><ele>378.40000000000146</ele><time>2026-04-17T19:14:30Z</time></rtept><rtept lat="44.599224" lon="-71.910966"><ele>379.40000000000146</ele><time>2026-04-17T19:14:30Z</time></rtept><rtept lat="44.599189" lon="-71.911065"><ele>380.40000000000146</ele><time>2026-04-17T19:14:30Z</time></rtept><rtept lat="44.599136" lon="-71.911148"><ele>381.0</ele><time>2026-04-17T19:14:30Z</time></rtept><rtept lat="44.599093" lon="-71.911258"><ele>381.40000000000146</ele><time>2026-04-17T19:14:30Z</time></rtept><rtept lat="44.599057" lon="-71.911436"><ele>380.8000000000011</ele><time>2026-04-17T19:14:30Z</time></rtept><rtept lat="44.598998" lon="-71.911665"><ele>379.0</ele><time>2026-04-17T19:14:30Z</time></rtept><rtept lat="44.598956" lon="-71.911711"><ele>378.0</ele><time>2026-04-17T19:14:30Z</time></rtept><rtept lat="44.598892" lon="-71.911757"><ele>377.8000000000011</ele><time>2026-04-17T19:14:30Z</time></rtept><rtept lat="44.598858" lon="-71.911771"><ele>377.8000000000011</ele><time>2026-04-17T19:14:30Z</time></rtept><rtept lat="44.598858" lon="-71.911771"><ele>377.8000000000011</ele><time>2026-04-17T19:14:30Z</time></rtept><rtept lat="44.598769" lon="-71.911807"><ele>377.0</ele><time>2026-04-17T19:14:30Z</time></rtept><rtept lat="44.598674" lon="-71.911843"><ele>376.8000000000011</ele><time>2026-04-17T19:14:30Z</time></rtept><rtept lat="44.598624" lon="-71.911973"><ele>377.60000000000036</ele><time>2026-04-17T19:14:30Z</time></rtept><rtept lat="44.598603" lon="-71.912096"><ele>377.8000000000011</ele><time>2026-04-17T19:14:30Z</time></rtept><rtept lat="44.598585" lon="-71.912237"><ele>377.8000000000011</ele><time>2026-04-17T19:14:30Z</time></rtept><rtept lat="44.59856" lon="-71.912404"><ele>376.0</ele><time>2026-04-17T19:14:30Z</time></rtept><rtept lat="44.598538" lon="-71.912506"><ele>374.8000000000011</ele><time>2026-04-17T19:14:30Z</time></rtept><rtept lat="44.59854" lon="-71.912665"><ele>372.2000000000007</ele><time>2026-04-17T19:14:30Z</time></rtept><rtept lat="44.598482" lon="-71.912784"><ele>372.0</ele><time>2026-04-17T19:14:30Z</time></rtept><rtept lat="44.598438" lon="-71.912859"><ele>372.0</ele><time>2026-04-17T19:14:30Z</time></rtept><rtept lat="44.598367" lon="-71.912929"><ele>372.0</ele><time>2026-04-17T19:14:30Z</time></rtept><rtept lat="44.598276" lon="-71.913001"><ele>372.60000000000036</ele><time>2026-04-17T19:14:30Z</time></rtept><rtept lat="44.598209" lon="-71.913049"><ele>373.60000000000036</ele><time>2026-04-17T19:14:30Z</time></rtept><rtept lat="44.598152" lon="-71.9132"><ele>372.60000000000036</ele><time>2026-04-17T19:14:30Z</time></rtept><rtept lat="44.598101" lon="-71.913329"><ele>372.0</ele><time>2026-04-17T19:14:30Z</time></rtept><rtept lat="44.598034" lon="-71.913395"><ele>372.2000000000007</ele><time>2026-04-17T19:14:30Z</time></rtept><rtept lat="44.597935" lon="-71.913491"><ele>372.2000000000007</ele><time>2026-04-17T19:14:30Z</time></rtept><rtept lat="44.597879" lon="-71.91361"><ele>372.40000000000146</ele><time>2026-04-17T19:14:30Z</time></rtept><rtept lat="44.597888" lon="-71.913659"><ele>372.40000000000146</ele><time>2026-04-17T19:14:30Z</time></rtept><rtept lat="44.597935" lon="-71.91384"><ele>372.40000000000146</ele><time>2026-04-17T19:14:30Z</time></rtept><rtept lat="44.597935" lon="-71.913932"><ele>372.2000000000007</ele><time>2026-04-17T19:14:30Z</time></rtept><rtept lat="44.59792" lon="-71.914067"><ele>372.2000000000007</ele><time>2026-04-17T19:14:30Z</time></rtept><rtept lat="44.597832" lon="-71.914098"><ele>372.40000000000146</ele><time>2026-04-17T19:14:30Z</time></rtept><rtept lat="44.597727" lon="-71.914121"><ele>373.2000000000007</ele><time>2026-04-17T19:14:30Z</time></rtept><rtept lat="44.597622" lon="-71.914116"><ele>373.8000000000011</ele><time>2026-04-17T19:14:30Z</time></rtept><rtept lat="44.597544" lon="-71.91409"><ele>374.2000000000007</ele><time>2026-04-17T19:14:30Z</time></rtept><rtept lat="44.597467" lon="-71.914098"><ele>374.8000000000011</ele><time>2026-04-17T19:14:30Z</time></rtept><rtept lat="44.597381" lon="-71.914097"><ele>375.8000000000011</ele><time>2026-04-17T19:14:30Z</time></rtept><rtept lat="44.597265" lon="-71.914097"><ele>377.60000000000036</ele><time>2026-04-17T19:14:30Z</time></rtept><rtept lat="44.597118" lon="-71.91408"><ele>380.8000000000011</ele><time>2026-04-17T19:14:30Z</time></rtept><rtept lat="44.597004" lon="-71.914069"><ele>382.60000000000036</ele><time>2026-04-17T19:14:30Z</time></rtept><rtept lat="44.596927" lon="-71.914104"><ele>383.60000000000036</ele><time>2026-04-17T19:14:30Z</time></rtept><rtept lat="44.596856" lon="-71.914159"><ele>383.40000000000146</ele><time>2026-04-17T19:14:30Z</time></rtept><rtept lat="44.596793" lon="-71.914215"><ele>383.0</ele><time>2026-04-17T19:14:30Z</time></rtept><rtept lat="44.596671" lon="-71.914289"><ele>381.2000000000007</ele><time>2026-04-17T19:14:30Z</time></rtept><rtept lat="44.596537" lon="-71.914368"><ele>379.40000000000146</ele><time>2026-04-17T19:14:30Z</time></rtept><rtept lat="44.596415" lon="-71.914404"><ele>377.0</ele><time>2026-04-17T19:14:30Z</time></rtept><rtept lat="44.596287" lon="-71.914331"><ele>375.2000000000007</ele><time>2026-04-17T19:14:30Z</time></rtept><rtept lat="44.596197" lon="-71.914347"><ele>376.40000000000146</ele><time>2026-04-17T19:14:30Z</time></rtept><rtept lat="44.596157" lon="-71.914412"><ele>376.0</ele><time>2026-04-17T19:14:30Z</time></rtept><rtept lat="44.596092" lon="-71.914549"><ele>375.0</ele><time>2026-04-17T19:14:30Z</time></rtept><rtept lat="44.595996" lon="-71.914586"><ele>374.60000000000036</ele><time>2026-04-17T19:14:30Z</time></rtept><rtept lat="44.595895" lon="-71.914637"><ele>374.60000000000036</ele><time>2026-04-17T19:14:30Z</time></rtept><rtept lat="44.595816" lon="-71.914704"><ele>374.2000000000007</ele><time>2026-04-17T19:14:30Z</time></rtept><rtept lat="44.595783" lon="-71.914816"><ele>373.8000000000011</ele><time>2026-04-17T19:14:30Z</time></rtept><rtept lat="44.59573" lon="-71.914891"><ele>373.2000000000007</ele><time>2026-04-17T19:14:30Z</time></rtept><rtept lat="44.595652" lon="-71.915002"><ele>375.0</ele><time>2026-04-17T19:14:30Z</time></rtept><rtept lat="44.595589" lon="-71.915003"><ele>376.2000000000007</ele><time>2026-04-17T19:14:30Z</time></rtept><rtept lat="44.595516" lon="-71.915045"><ele>377.40000000000146</ele><time>2026-04-17T19:14:30Z</time></rtept><rtept lat="44.595431" lon="-71.915053"><ele>377.8000000000011</ele><time>2026-04-17T19:14:30Z</time></rtept><rtept lat="44.595323" lon="-71.915072"><ele>378.2000000000007</ele><time>2026-04-17T19:14:30Z</time></rtept><rtept lat="44.595214" lon="-71.915096"><ele>378.0</ele><time>2026-04-17T19:14:30Z</time></rtept><rtept lat="44.595178" lon="-71.915242"><ele>378.0</ele><time>2026-04-17T19:14:30Z</time></rtept><rtept lat="44.595195" lon="-71.915385"><ele>377.2000000000007</ele><time>2026-04-17T19:14:30Z</time></rtept><rtept lat="44.595193" lon="-71.915505"><ele>375.0</ele><time>2026-04-17T19:14:30Z</time></rtept><rtept lat="44.595159" lon="-71.915612"><ele>373.40000000000146</ele><time>2026-04-17T19:14:30Z</time></rtept><rtept lat="44.595104" lon="-71.915678"><ele>372.0</ele><time>2026-04-17T19:14:30Z</time></rtept><rtept lat="44.595029" lon="-71.915716"><ele>371.8000000000011</ele><time>2026-04-17T19:14:30Z</time></rtept><rtept lat="44.595004" lon="-71.915874"><ele>369.40000000000146</ele><time>2026-04-17T19:14:30Z</time></rtept><rtept lat="44.595028" lon="-71.916023"><ele>367.40000000000146</ele><time>2026-04-17T19:14:30Z</time></rtept><rtept lat="44.595069" lon="-71.91621"><ele>366.8000000000011</ele><time>2026-04-17T19:14:30Z</time></rtept><rtept lat="44.595056" lon="-71.916323"><ele>366.2000000000007</ele><time>2026-04-17T19:14:30Z</time></rtept><rtept lat="44.594742" lon="-71.915822"><ele>366.2000000000007</ele><time>2026-04-17T19:14:30Z</time></rtept><rtept lat="44.594534" lon="-71.915859"><ele>364.8000000000011</ele><time>2026-04-17T19:14:30Z</time></rtept><rtept lat="44.594505" lon="-71.915894"><ele>364.8000000000011</ele><time>2026-04-17T19:14:30Z</time></rtept><rtept lat="44.594405" lon="-71.916121"><ele>364.0</ele><time>2026-04-17T19:14:30Z</time></rtept><rtept lat="44.594377" lon="-71.916234"><ele>363.40000000000146</ele><time>2026-04-17T19:14:30Z</time></rtept><rtept lat="44.594404" lon="-71.916505"><ele>362.0</ele><time>2026-04-17T19:14:30Z</time></rtept><rtept lat="44.594418" lon="-71.916813"><ele>361.8000000000011</ele><time>2026-04-17T19:14:30Z</time></rtept><rtept lat="44.594337" lon="-71.917106"><ele>363.8000000000011</ele><time>2026-04-17T19:14:30Z</time></rtept><rtept lat="44.594394" lon="-71.917467"><ele>365.8000000000011</ele><time>2026-04-17T19:14:30Z</time></rtept><rtept lat="44.594238" lon="-71.917885"><ele>365.0</ele><time>2026-04-17T19:14:30Z</time></rtept><rtept lat="44.594022" lon="-71.918569"><ele>366.2000000000007</ele><time>2026-04-17T19:14:30Z</time></rtept><rtept lat="44.593939" lon="-71.918689"><ele>363.8000000000011</ele><time>2026-04-17T19:14:30Z</time></rtept><rtept lat="44.593919" lon="-71.918703"><ele>363.8000000000011</ele><time>2026-04-17T19:14:30Z</time></rtept><rtept lat="44.593919" lon="-71.918703"><ele>363.8000000000011</ele><time>2026-04-17T19:14:30Z</time></rtept><rtept lat="44.593722" lon="-71.918843"><ele>361.60000000000036</ele><time>2026-04-17T19:14:30Z</time></rtept><rtept lat="44.593674" lon="-71.918997"><ele>361.8000000000011</ele><time>2026-04-17T19:14:30Z</time></rtept><rtept lat="44.593703" lon="-71.919121"><ele>362.40000000000146</ele><time>2026-04-17T19:14:30Z</time></rtept><rtept lat="44.593909" lon="-71.919494"><ele>366.40000000000146</ele><time>2026-04-17T19:14:30Z</time></rtept><rtept lat="44.593955" lon="-71.919727"><ele>365.2000000000007</ele><time>2026-04-17T19:14:30Z</time></rtept><rtept lat="44.594094" lon="-71.92046"><ele>365.2000000000007</ele><time>2026-04-17T19:14:30Z</time></rtept><rtept lat="44.594388" lon="-71.920618"><ele>366.8000000000011</ele><time>2026-04-17T19:14:30Z</time></rtept><rtept lat="44.594568" lon="-71.920651"><ele>367.2000000000007</ele><time>2026-04-17T19:14:30Z</time></rtept><rtept lat="44.594894" lon="-71.920858"><ele>372.8000000000011</ele><time>2026-04-17T19:14:30Z</time></rtept><rtept lat="44.594999" lon="-71.920858"><ele>373.40000000000146</ele><time>2026-04-17T19:14:30Z</time></rtept><rtept lat="44.595357" lon="-71.92108"><ele>371.40000000000146</ele><time>2026-04-17T19:14:30Z</time></rtept><rtept lat="44.595505" lon="-71.921133"><ele>371.60000000000036</ele><time>2026-04-17T19:14:30Z</time></rtept><rtept lat="44.595711" lon="-71.92108"><ele>372.0</ele><time>2026-04-17T19:14:30Z</time></rtept><rtept lat="44.595796" lon="-71.921129"><ele>372.2000000000007</ele><time>2026-04-17T19:14:30Z</time></rtept><rtept lat="44.59589" lon="-71.921294"><ele>370.2000000000007</ele><time>2026-04-17T19:14:30Z</time></rtept><rtept lat="44.595933" lon="-71.921535"><ele>368.8000000000011</ele><time>2026-04-17T19:14:30Z</time></rtept><rtept lat="44.595901" lon="-71.92167"><ele>367.60000000000036</ele><time>2026-04-17T19:14:30Z</time></rtept><rtept lat="44.595767" lon="-71.921779"><ele>367.8000000000011</ele><time>2026-04-17T19:14:30Z</time></rtept><rtept lat="44.59566" lon="-71.92182"><ele>367.8000000000011</ele><time>2026-04-17T19:14:30Z</time></rtept><rtept lat="44.595609" lon="-71.921903"><ele>368.8000000000011</ele><time>2026-04-17T19:14:30Z</time></rtept><rtept lat="44.59555" lon="-71.922189"><ele>372.2000000000007</ele><time>2026-04-17T19:14:30Z</time></rtept><rtept lat="44.595349" lon="-71.922272"><ele>370.40000000000146</ele><time>2026-04-17T19:14:30Z</time></rtept><rtept lat="44.595226" lon="-71.922351"><ele>370.2000000000007</ele><time>2026-04-17T19:14:30Z</time></rtept><rtept lat="44.595183" lon="-71.922493"><ele>370.40000000000146</ele><time>2026-04-17T19:14:30Z</time></rtept><rtept lat="44.595133" lon="-71.922809"><ele>369.0</ele><time>2026-04-17T19:14:30Z</time></rtept><rtept lat="44.595114" lon="-71.923132"><ele>371.0</ele><time>2026-04-17T19:14:30Z</time></rtept><rtept lat="44.595066" lon="-71.923283"><ele>372.8000000000011</ele><time>2026-04-17T19:14:30Z</time></rtept><rtept lat="44.594929" lon="-71.923294"><ele>374.60000000000036</ele><time>2026-04-17T19:14:30Z</time></rtept><rtept lat="44.594664" lon="-71.923253"><ele>375.0</ele><time>2026-04-17T19:14:30Z</time></rtept><rtept lat="44.594458" lon="-71.923155"><ele>376.40000000000146</ele><time>2026-04-17T19:14:30Z</time></rtept><rtept lat="44.594407" lon="-71.923178"><ele>376.2000000000007</ele><time>2026-04-17T19:14:30Z</time></rtept><rtept lat="44.594335" lon="-71.923234"><ele>376.2000000000007</ele><time>2026-04-17T19:14:30Z</time></rtept><rtept lat="44.594094" lon="-71.923279"><ele>374.2000000000007</ele><time>2026-04-17T19:14:30Z</time></rtept><rtept lat="44.593992" lon="-71.923241"><ele>372.8000000000011</ele><time>2026-04-17T19:14:30Z</time></rtept><rtept lat="44.593917" lon="-71.92329"><ele>373.60000000000036</ele><time>2026-04-17T19:14:30Z</time></rtept><rtept lat="44.593765" lon="-71.923264"><ele>370.8000000000011</ele><time>2026-04-17T19:14:30Z</time></rtept><rtept lat="44.593599" lon="-71.923358"><ele>371.40000000000146</ele><time>2026-04-17T19:14:30Z</time></rtept><rtept lat="44.593484" lon="-71.923354"><ele>370.40000000000146</ele><time>2026-04-17T19:14:30Z</time></rtept><rtept lat="44.59335" lon="-71.923369"><ele>369.2000000000007</ele><time>2026-04-17T19:14:30Z</time></rtept><rtept lat="44.593157" lon="-71.923486"><ele>370.0</ele><time>2026-04-17T19:14:30Z</time></rtept><rtept lat="44.593039" lon="-71.923561"><ele>369.0</ele><time>2026-04-17T19:14:30Z</time></rtept><rtept lat="44.592862" lon="-71.923881"><ele>370.2000000000007</ele><time>2026-04-17T19:14:30Z</time></rtept><rtept lat="44.592766" lon="-71.923948"><ele>369.0</ele><time>2026-04-17T19:14:30Z</time></rtept><rtept lat="44.592619" lon="-71.923929"><ele>366.60000000000036</ele><time>2026-04-17T19:14:30Z</time></rtept><rtept lat="44.592544" lon="-71.923933"><ele>365.0</ele><time>2026-04-17T19:14:30Z</time></rtept><rtept lat="44.592464" lon="-71.923986"><ele>364.8000000000011</ele><time>2026-04-17T19:14:30Z</time></rtept><rtept lat="44.592448" lon="-71.924102"><ele>365.0</ele><time>2026-04-17T19:14:30Z</time></rtept><rtept lat="44.592399" lon="-71.92414"><ele>365.2000000000007</ele><time>2026-04-17T19:14:30Z</time></rtept><rtept lat="44.592341" lon="-71.924117"><ele>365.40000000000146</ele><time>2026-04-17T19:14:30Z</time></rtept><rtept lat="44.592255" lon="-71.924189"><ele>366.40000000000146</ele><time>2026-04-17T19:14:30Z</time></rtept><rtept lat="44.592132" lon="-71.924275"><ele>367.40000000000146</ele><time>2026-04-17T19:14:30Z</time></rtept><rtept lat="44.592062" lon="-71.924275"><ele>367.40000000000146</ele><time>2026-04-17T19:14:30Z</time></rtept><rtept lat="44.591974" lon="-71.924354"><ele>366.8000000000011</ele><time>2026-04-17T19:14:30Z</time></rtept><rtept lat="44.591888" lon="-71.924426"><ele>366.40000000000146</ele><time>2026-04-17T19:14:30Z</time></rtept><rtept lat="44.591848" lon="-71.924538"><ele>366.2000000000007</ele><time>2026-04-17T19:14:30Z</time></rtept><rtept lat="44.591832" lon="-71.924715"><ele>367.40000000000146</ele><time>2026-04-17T19:14:30Z</time></rtept><rtept lat="44.591826" lon="-71.924865"><ele>368.2000000000007</ele><time>2026-04-17T19:14:30Z</time></rtept><rtept lat="44.591738" lon="-71.925016"><ele>368.40000000000146</ele><time>2026-04-17T19:14:30Z</time></rtept><rtept lat="44.591714" lon="-71.925234"><ele>369.8000000000011</ele><time>2026-04-17T19:14:30Z</time></rtept><rtept lat="44.59173" lon="-71.925399"><ele>371.60000000000036</ele><time>2026-04-17T19:14:30Z</time></rtept><rtept lat="44.591674" lon="-71.925651"><ele>373.0</ele><time>2026-04-17T19:14:30Z</time></rtept><rtept lat="44.591725" lon="-71.925847"><ele>374.60000000000036</ele><time>2026-04-17T19:14:30Z</time></rtept><rtept lat="44.591765" lon="-71.92605"><ele>373.60000000000036</ele><time>2026-04-17T19:14:30Z</time></rtept><rtept lat="44.591875" lon="-71.926106"><ele>374.40000000000146</ele><time>2026-04-17T19:14:30Z</time></rtept><rtept lat="44.59203" lon="-71.926038"><ele>375.40000000000146</ele><time>2026-04-17T19:14:30Z</time></rtept><rtept lat="44.59211" lon="-71.926091"><ele>376.0</ele><time>2026-04-17T19:14:30Z</time></rtept><rtept lat="44.592148" lon="-71.92623"><ele>376.40000000000146</ele><time>2026-04-17T19:14:30Z</time></rtept><rtept lat="44.592108" lon="-71.926474"><ele>376.2000000000007</ele><time>2026-04-17T19:14:30Z</time></rtept><rtept lat="44.592049" lon="-71.92658"><ele>375.8000000000011</ele><time>2026-04-17T19:14:30Z</time></rtept><rtept lat="44.592046" lon="-71.926681"><ele>375.60000000000036</ele><time>2026-04-17T19:14:30Z</time></rtept><rtept lat="44.592006" lon="-71.926779"><ele>375.0</ele><time>2026-04-17T19:14:30Z</time></rtept><rtept lat="44.591995" lon="-71.927207"><ele>369.40000000000146</ele><time>2026-04-17T19:14:30Z</time></rtept><rtept lat="44.591958" lon="-71.927354"><ele>367.2000000000007</ele><time>2026-04-17T19:14:30Z</time></rtept><rtept lat="44.591867" lon="-71.927343"><ele>366.8000000000011</ele><time>2026-04-17T19:14:30Z</time></rtept><rtept lat="44.591757" lon="-71.927335"><ele>366.60000000000036</ele><time>2026-04-17T19:14:30Z</time></rtept><rtept lat="44.591693" lon="-71.927471"><ele>365.0</ele><time>2026-04-17T19:14:30Z</time></rtept><rtept lat="44.591711" lon="-71.927591"><ele>362.8000000000011</ele><time>2026-04-17T19:14:30Z</time></rtept><rtept lat="44.591824" lon="-71.927764"><ele>361.60000000000036</ele><time>2026-04-17T19:14:30Z</time></rtept><rtept lat="44.591885" lon="-71.927835"><ele>360.60000000000036</ele><time>2026-04-17T19:14:30Z</time></rtept><rtept lat="44.591923" lon="-71.927922"><ele>359.60000000000036</ele><time>2026-04-17T19:14:30Z</time></rtept><rtept lat="44.591888" lon="-71.927989"><ele>359.60000000000036</ele><time>2026-04-17T19:14:30Z</time></rtept><rtept lat="44.591824" lon="-71.928019"><ele>358.60000000000036</ele><time>2026-04-17T19:14:30Z</time></rtept><rtept lat="44.591663" lon="-71.928016"><ele>358.60000000000036</ele><time>2026-04-17T19:14:30Z</time></rtept><rtept lat="44.591586" lon="-71.927982"><ele>358.40000000000146</ele><time>2026-04-17T19:14:30Z</time></rtept><rtept lat="44.591334" lon="-71.927967"><ele>354.60000000000036</ele><time>2026-04-17T19:14:30Z</time></rtept><rtept lat="44.591026" lon="-71.928128"><ele>351.40000000000146</ele><time>2026-04-17T19:14:30Z</time></rtept><rtept lat="44.590879" lon="-71.928249"><ele>350.60000000000036</ele><time>2026-04-17T19:14:30Z</time></rtept><rtept lat="44.590809" lon="-71.928268"><ele>350.60000000000036</ele><time>2026-04-17T19:14:30Z</time></rtept><rtept lat="44.590745" lon="-71.928219"><ele>351.2000000000007</ele><time>2026-04-17T19:14:30Z</time></rtept><rtept lat="44.590697" lon="-71.928249"><ele>351.60000000000036</ele><time>2026-04-17T19:14:30Z</time></rtept><rtept lat="44.590603" lon="-71.928346"><ele>351.2000000000007</ele><time>2026-04-17T19:14:30Z</time></rtept><rtept lat="44.590548" lon="-71.928475"><ele>349.40000000000146</ele><time>2026-04-17T19:14:30Z</time></rtept><rtept lat="44.590548" lon="-71.928475"><ele>349.40000000000146</ele><time>2026-04-17T19:14:30Z</time></rtept><rtept lat="44.590517" lon="-71.928549"><ele>347.8000000000011</ele><time>2026-04-17T19:14:30Z</time></rtept><rtept lat="44.590451" lon="-71.928583"><ele>346.40000000000146</ele><time>2026-04-17T19:14:30Z</time></rtept><rtept lat="44.590373" lon="-71.928564"><ele>345.2000000000007</ele><time>2026-04-17T19:14:30Z</time></rtept><rtept lat="44.590175" lon="-71.928756"><ele>340.60000000000036</ele><time>2026-04-17T19:14:30Z</time></rtept><rtept lat="44.590132" lon="-71.928805"><ele>339.40000000000146</ele><time>2026-04-17T19:14:30Z</time></rtept><rtept lat="44.590131" lon="-71.928894"><ele>339.2000000000007</ele><time>2026-04-17T19:14:30Z</time></rtept><rtept lat="44.590309" lon="-71.929187"><ele>342.2000000000007</ele><time>2026-04-17T19:14:30Z</time></rtept><rtept lat="44.590355" lon="-71.9293"><ele>342.2000000000007</ele><time>2026-04-17T19:14:30Z</time></rtept><rtept lat="44.590365" lon="-71.929355"><ele>342.2000000000007</ele><time>2026-04-17T19:14:30Z</time></rtept><rtept lat="44.590365" lon="-71.929404"><ele>341.0</ele><time>2026-04-17T19:14:30Z</time></rtept><rtept lat="44.59035" lon="-71.929504"><ele>339.8000000000011</ele><time>2026-04-17T19:14:30Z</time></rtept><rtept lat="44.590275" lon="-71.92971"><ele>334.0</ele><time>2026-04-17T19:14:30Z</time></rtept><rtept lat="44.590254" lon="-71.929808"><ele>331.8000000000011</ele><time>2026-04-17T19:14:30Z</time></rtept><rtept lat="44.590259" lon="-71.929917"><ele>331.0</ele><time>2026-04-17T19:14:30Z</time></rtept><rtept lat="44.590298" lon="-71.930017"><ele>332.40000000000146</ele><time>2026-04-17T19:14:30Z</time></rtept><rtept lat="44.59036" lon="-71.930085"><ele>333.60000000000036</ele><time>2026-04-17T19:14:30Z</time></rtept><rtept lat="44.590432" lon="-71.930124"><ele>335.2000000000007</ele><time>2026-04-17T19:14:30Z</time></rtept><rtept lat="44.590503" lon="-71.930138"><ele>336.8000000000011</ele><time>2026-04-17T19:14:30Z</time></rtept><rtept lat="44.590555" lon="-71.930174"><ele>337.0</ele><time>2026-04-17T19:14:30Z</time></rtept><rtept lat="44.59063" lon="-71.930141"><ele>338.8000000000011</ele><time>2026-04-17T19:14:30Z</time></rtept><rtept lat="44.590664" lon="-71.930348"><ele>335.8000000000011</ele><time>2026-04-17T19:14:30Z</time></rtept><rtept lat="44.5907" lon="-71.930391"><ele>335.8000000000011</ele><time>2026-04-17T19:14:30Z</time></rtept><rtept lat="44.590855" lon="-71.930512"><ele>331.40000000000146</ele><time>2026-04-17T19:14:30Z</time></rtept><rtept lat="44.590905" lon="-71.930525"><ele>330.40000000000146</ele><time>2026-04-17T19:14:30Z</time></rtept><rtept lat="44.590951" lon="-71.930557"><ele>330.40000000000146</ele><time>2026-04-17T19:14:30Z</time></rtept><rtept lat="44.590995" lon="-71.930554"><ele>329.2000000000007</ele><time>2026-04-17T19:14:30Z</time></rtept><rtept lat="44.591058" lon="-71.930548"><ele>327.8000000000011</ele><time>2026-04-17T19:14:30Z</time></rtept><rtept lat="44.591099" lon="-71.93056"><ele>326.40000000000146</ele><time>2026-04-17T19:14:30Z</time></rtept><rtept lat="44.591182" lon="-71.930609"><ele>323.8000000000011</ele><time>2026-04-17T19:14:30Z</time></rtept><rtept lat="44.59123" lon="-71.93067"><ele>321.60000000000036</ele><time>2026-04-17T19:14:30Z</time></rtept><rtept lat="44.591251" lon="-71.930754"><ele>321.0</ele><time>2026-04-17T19:14:30Z</time></rtept><rtept lat="44.591231" lon="-71.930825"><ele>321.0</ele><time>2026-04-17T19:14:30Z</time></rtept><rtept lat="44.591102" lon="-71.930923"><ele>321.60000000000036</ele><time>2026-04-17T19:14:30Z</time></rtept><rtept lat="44.591095" lon="-71.931138"><ele>319.40000000000146</ele><time>2026-04-17T19:14:30Z</time></rtept><rtept lat="44.591104" lon="-71.93141"><ele>315.8000000000011</ele><time>2026-04-17T19:14:30Z</time></rtept><rtept lat="44.59103" lon="-71.931478"><ele>314.2000000000007</ele><time>2026-04-17T19:14:30Z</time></rtept><rtept lat="44.590839" lon="-71.931357"><ele>315.40000000000146</ele><time>2026-04-17T19:14:30Z</time></rtept><rtept lat="44.590694" lon="-71.931248"><ele>319.0</ele><time>2026-04-17T19:14:30Z</time></rtept><rtept lat="44.590578" lon="-71.931118"><ele>321.2000000000007</ele><time>2026-04-17T19:14:30Z</time></rtept><rtept lat="44.590474" lon="-71.931093"><ele>322.60000000000036</ele><time>2026-04-17T19:14:30Z</time></rtept><rtept lat="44.590424" lon="-71.931077"><ele>321.8000000000011</ele><time>2026-04-17T19:14:30Z</time></rtept><rtept lat="44.590379" lon="-71.931121"><ele>319.40000000000146</ele><time>2026-04-17T19:14:30Z</time></rtept><rtept lat="44.590339" lon="-71.931183"><ele>317.0</ele><time>2026-04-17T19:14:30Z</time></rtept><rtept lat="44.590311" lon="-71.931253"><ele>317.0</ele><time>2026-04-17T19:14:30Z</time></rtept><rtept lat="44.590295" lon="-71.931315"><ele>316.0</ele><time>2026-04-17T19:14:30Z</time></rtept><rtept lat="44.590289" lon="-71.931375"><ele>315.0</ele><time>2026-04-17T19:14:30Z</time></rtept><rtept lat="44.590303" lon="-71.931495"><ele>314.2000000000007</ele><time>2026-04-17T19:14:30Z</time></rtept><rtept lat="44.590371" lon="-71.931726"><ele>312.0</ele><time>2026-04-17T19:14:30Z</time></rtept><rtept lat="44.590417" lon="-71.93181"><ele>310.60000000000036</ele><time>2026-04-17T19:14:30Z</time></rtept><rtept lat="44.590476" lon="-71.931886"><ele>308.8000000000011</ele><time>2026-04-17T19:14:30Z</time></rtept><rtept lat="44.590512" lon="-71.931899"><ele>308.8000000000011</ele><time>2026-04-17T19:14:30Z</time></rtept><rtept lat="44.590676" lon="-71.932014"><ele>306.2000000000007</ele><time>2026-04-17T19:14:30Z</time></rtept><rtept lat="44.590798" lon="-71.932027"><ele>305.60000000000036</ele><time>2026-04-17T19:14:30Z</time></rtept><rtept lat="44.590957" lon="-71.932029"><ele>306.0</ele><time>2026-04-17T19:14:30Z</time></rtept><rtept lat="44.591011" lon="-71.932059"><ele>304.8000000000011</ele><time>2026-04-17T19:14:30Z</time></rtept><rtept lat="44.591066" lon="-71.93207"><ele>305.2000000000007</ele><time>2026-04-17T19:14:30Z</time></rtept><rtept lat="44.591118" lon="-71.932108"><ele>305.60000000000036</ele><time>2026-04-17T19:14:30Z</time></rtept><rtept lat="44.591348" lon="-71.932319"><ele>303.60000000000036</ele><time>2026-04-17T19:14:30Z</time></rtept><rtept lat="44.591424" lon="-71.932408"><ele>302.40000000000146</ele><time>2026-04-17T19:14:30Z</time></rtept><rtept lat="44.591484" lon="-71.932501"><ele>301.40000000000146</ele><time>2026-04-17T19:14:30Z</time></rtept><rtept lat="44.591638" lon="-71.932828"><ele>298.2000000000007</ele><time>2026-04-17T19:14:30Z</time></rtept><rtept lat="44.59176" lon="-71.93297"><ele>297.2000000000007</ele><time>2026-04-17T19:14:30Z</time></rtept><rtept lat="44.591803" lon="-71.933007"><ele>296.0</ele><time>2026-04-17T19:14:30Z</time></rtept><rtept lat="44.591851" lon="-71.933019"><ele>296.2000000000007</ele><time>2026-04-17T19:14:30Z</time></rtept><rtept lat="44.591967" lon="-71.933092"><ele>295.8000000000011</ele><time>2026-04-17T19:14:30Z</time></rtept><rtept lat="44.592037" lon="-71.933105"><ele>296.2000000000007</ele><time>2026-04-17T19:14:30Z</time></rtept><rtept lat="44.592105" lon="-71.933146"><ele>296.40000000000146</ele><time>2026-04-17T19:14:30Z</time></rtept><rtept lat="44.592159" lon="-71.933215"><ele>295.40000000000146</ele><time>2026-04-17T19:14:30Z</time></rtept><rtept lat="44.59218" lon="-71.933309"><ele>294.40000000000146</ele><time>2026-04-17T19:14:30Z</time></rtept><rtept lat="44.592157" lon="-71.933429"><ele>292.60000000000036</ele><time>2026-04-17T19:14:30Z</time></rtept><rtept lat="44.592118" lon="-71.933549"><ele>291.40000000000146</ele><time>2026-04-17T19:14:30Z</time></rtept><rtept lat="44.592099" lon="-71.933644"><ele>290.60000000000036</ele><time>2026-04-17T19:14:30Z</time></rtept><rtept lat="44.592102" lon="-71.933739"><ele>289.40000000000146</ele><time>2026-04-17T19:14:30Z</time></rtept><rtept lat="44.592113" lon="-71.933768"><ele>288.2000000000007</ele><time>2026-04-17T19:14:30Z</time></rtept><rtept lat="44.59215" lon="-71.933812"><ele>287.60000000000036</ele><time>2026-04-17T19:14:30Z</time></rtept><rtept lat="44.592178" lon="-71.933824"><ele>287.60000000000036</ele><time>2026-04-17T19:14:30Z</time></rtept><rtept lat="44.592277" lon="-71.933834"><ele>285.8000000000011</ele><time>2026-04-17T19:14:30Z</time></rtept><rtept lat="44.59236" lon="-71.933908"><ele>283.2000000000007</ele><time>2026-04-17T19:14:30Z</time></rtept><rtept lat="44.592369" lon="-71.934014"><ele>279.8000000000011</ele><time>2026-04-17T19:14:30Z</time></rtept><rtept lat="44.59235" lon="-71.934368"><ele>275.2000000000007</ele><time>2026-04-17T19:14:30Z</time></rtept><rtept lat="44.592295" lon="-71.934563"><ele>273.8000000000011</ele><time>2026-04-17T19:14:30Z</time></rtept><rtept lat="44.592254" lon="-71.934788"><ele>271.8000000000011</ele><time>2026-04-17T19:14:30Z</time></rtept><rtept lat="44.592217" lon="-71.935085"><ele>271.40000000000146</ele><time>2026-04-17T19:14:30Z</time></rtept><rtept lat="44.592218" lon="-71.935409"><ele>267.60000000000036</ele><time>2026-04-17T19:14:30Z</time></rtept><rtept lat="44.59211" lon="-71.935598"><ele>267.40000000000146</ele><time>2026-04-17T19:14:30Z</time></rtept><rtept lat="44.591955" lon="-71.935728"><ele>269.40000000000146</ele><time>2026-04-17T19:14:30Z</time></rtept><rtept lat="44.591887" lon="-71.935953"><ele>268.2000000000007</ele><time>2026-04-17T19:14:30Z</time></rtept><rtept lat="44.591849" lon="-71.936109"><ele>268.40000000000146</ele><time>2026-04-17T19:14:30Z</time></rtept><rtept lat="44.591863" lon="-71.936204"><ele>267.8000000000011</ele><time>2026-04-17T19:14:30Z</time></rtept><rtept lat="44.591905" lon="-71.936478"><ele>265.0</ele><time>2026-04-17T19:14:30Z</time></rtept><rtept lat="44.59203" lon="-71.936825"><ele>263.8000000000011</ele><time>2026-04-17T19:14:30Z</time></rtept><rtept lat="44.592513" lon="-71.937632"><ele>260.60000000000036</ele><time>2026-04-17T19:14:30Z</time></rtept><rtept lat="44.592828" lon="-71.938215"><ele>264.0</ele><time>2026-04-17T19:14:30Z</time></rtept><rtept lat="44.592835" lon="-71.938364"><ele>262.60000000000036</ele><time>2026-04-17T19:14:30Z</time></rtept><rtept lat="44.592778" lon="-71.938552"><ele>261.2000000000007</ele><time>2026-04-17T19:14:30Z</time></rtept><rtept lat="44.592763" lon="-71.938651"><ele>259.8000000000011</ele><time>2026-04-17T19:14:30Z</time></rtept><rtept lat="44.592791" lon="-71.938859"><ele>257.8000000000011</ele><time>2026-04-17T19:14:30Z</time></rtept><rtept lat="44.593011" lon="-71.938813"><ele>258.0</ele><time>2026-04-17T19:14:30Z</time></rtept><rtept lat="44.593365" lon="-71.938679"><ele>258.8000000000011</ele><time>2026-04-17T19:14:30Z</time></rtept><rtept lat="44.593365" lon="-71.938679"><ele>258.8000000000011</ele><time>2026-04-17T19:14:30Z</time></rtept><rtept lat="44.593365" lon="-71.938679"><ele>258.8000000000011</ele><time>2026-04-17T19:14:30Z</time></rtept><rtept lat="44.593011" lon="-71.938813"><ele>258.0</ele><time>2026-04-17T19:14:30Z</time></rtept><rtept lat="44.592791" lon="-71.938859"><ele>257.8000000000011</ele><time>2026-04-17T19:14:30Z</time></rtept><rtept lat="44.592789" lon="-71.939001"><ele>257.40000000000146</ele><time>2026-04-17T19:14:30Z</time></rtept><rtept lat="44.592756" lon="-71.939091"><ele>257.60000000000036</ele><time>2026-04-17T19:14:30Z</time></rtept><rtept lat="44.592686" lon="-71.939205"><ele>258.40000000000146</ele><time>2026-04-17T19:14:30Z</time></rtept><rtept lat="44.592838" lon="-71.939399"><ele>261.60000000000036</ele><time>2026-04-17T19:14:30Z</time></rtept><rtept lat="44.592855" lon="-71.939442"><ele>263.8000000000011</ele><time>2026-04-17T19:14:30Z</time></rtept><rtept lat="44.592862" lon="-71.93966"><ele>265.60000000000036</ele><time>2026-04-17T19:14:30Z</time></rtept><rtept lat="44.592869" lon="-71.939902"><ele>265.60000000000036</ele><time>2026-04-17T19:14:30Z</time></rtept><rtept lat="44.592779" lon="-71.940292"><ele>266.0</ele><time>2026-04-17T19:14:30Z</time></rtept><rtept lat="44.592707" lon="-71.940591"><ele>264.2000000000007</ele><time>2026-04-17T19:14:30Z</time></rtept><rtept lat="44.592769" lon="-71.940715"><ele>263.0</ele><time>2026-04-17T19:14:30Z</time></rtept><rtept lat="44.592976" lon="-71.940786"><ele>261.40000000000146</ele><time>2026-04-17T19:14:30Z</time></rtept><rtept lat="44.592922" lon="-71.940883"><ele>261.8000000000011</ele><time>2026-04-17T19:14:30Z</time></rtept><rtept lat="44.592692" lon="-71.94105"><ele>261.40000000000146</ele><time>2026-04-17T19:14:30Z</time></rtept><rtept lat="44.592625" lon="-71.941101"><ele>260.8000000000011</ele><time>2026-04-17T19:14:30Z</time></rtept><rtept lat="44.592508" lon="-71.94119"><ele>261.2000000000007</ele><time>2026-04-17T19:14:30Z</time></rtept><rtept lat="44.592275" lon="-71.941436"><ele>264.0</ele><time>2026-04-17T19:14:30Z</time></rtept><rtept lat="44.592536" lon="-71.941403"><ele>258.2000000000007</ele><time>2026-04-17T19:14:30Z</time></rtept><rtept lat="44.592746" lon="-71.941472"><ele>253.60000000000036</ele><time>2026-04-17T19:14:30Z</time></rtept><rtept lat="44.59286" lon="-71.941469"><ele>252.60000000000036</ele><time>2026-04-17T19:14:30Z</time></rtept><rtept lat="44.592946" lon="-71.94153"><ele>250.0</ele><time>2026-04-17T19:14:30Z</time></rtept><rtept lat="44.593089" lon="-71.941443"><ele>250.40000000000146</ele><time>2026-04-17T19:14:30Z</time></rtept><rtept lat="44.593208" lon="-71.941353"><ele>250.40000000000146</ele><time>2026-04-17T19:14:30Z</time></rtept><rtept lat="44.593392" lon="-71.941271"><ele>248.60000000000036</ele><time>2026-04-17T19:14:30Z</time></rtept><rtept lat="44.593505" lon="-71.941097"><ele>247.8000000000011</ele><time>2026-04-17T19:14:30Z</time></rtept><rtept lat="44.593549" lon="-71.941078"><ele>246.60000000000036</ele><time>2026-04-17T19:14:30Z</time></rtept><rtept lat="44.593578" lon="-71.941099"><ele>246.60000000000036</ele><time>2026-04-17T19:14:30Z</time></rtept><rtept lat="44.593611" lon="-71.941178"><ele>246.20000000000073</ele><time>2026-04-17T19:14:30Z</time></rtept><rtept lat="44.593694" lon="-71.941509"><ele>248.60000000000036</ele><time>2026-04-17T19:14:30Z</time></rtept><rtept lat="44.593715" lon="-71.941846"><ele>247.20000000000073</ele><time>2026-04-17T19:14:30Z</time></rtept><rtept lat="44.59371" lon="-71.941879"><ele>247.20000000000073</ele><time>2026-04-17T19:14:30Z</time></rtept><rtept lat="44.59371" lon="-71.941879"><ele>247.20000000000073</ele><time>2026-04-17T19:14:30Z</time></rtept><rtept lat="44.593682" lon="-71.942078"><ele>246.8000000000011</ele><time>2026-04-17T19:14:30Z</time></rtept><rtept lat="44.593562" lon="-71.942411"><ele>245.60000000000036</ele><time>2026-04-17T19:14:30Z</time></rtept><rtept lat="44.593502" lon="-71.942483"><ele>244.8000000000011</ele><time>2026-04-17T19:14:30Z</time></rtept><rtept lat="44.592712" lon="-71.943043"><ele>242.20000000000073</ele><time>2026-04-17T19:14:30Z</time></rtept><rtept lat="44.591913" lon="-71.943749"><ele>245.20000000000073</ele><time>2026-04-17T19:14:30Z</time></rtept><rtept lat="44.591845" lon="-71.943792"><ele>245.20000000000073</ele><time>2026-04-17T19:14:30Z</time></rtept><rtept lat="44.591783" lon="-71.94379"><ele>245.20000000000073</ele><time>2026-04-17T19:14:30Z</time></rtept><rtept lat="44.591733" lon="-71.943685"><ele>246.0</ele><time>2026-04-17T19:14:30Z</time></rtept><rtept lat="44.591675" lon="-71.943449"><ele>248.0</ele><time>2026-04-17T19:14:30Z</time></rtept><rtept lat="44.591587" lon="-71.943314"><ele>248.60000000000036</ele><time>2026-04-17T19:14:30Z</time></rtept><rtept lat="44.591492" lon="-71.943218"><ele>248.60000000000036</ele><time>2026-04-17T19:14:30Z</time></rtept><rtept lat="44.591428" lon="-71.943172"><ele>248.40000000000146</ele><time>2026-04-17T19:14:30Z</time></rtept><rtept lat="44.591323" lon="-71.943145"><ele>248.40000000000146</ele><time>2026-04-17T19:14:30Z</time></rtept><rtept lat="44.591288" lon="-71.943126"><ele>248.20000000000073</ele><time>2026-04-17T19:14:30Z</time></rtept><rtept lat="44.591251" lon="-71.943081"><ele>249.0</ele><time>2026-04-17T19:14:30Z</time></rtept><rtept lat="44.591252" lon="-71.943006"><ele>249.8000000000011</ele><time>2026-04-17T19:14:30Z</time></rtept><rtept lat="44.591191" lon="-71.94301"><ele>250.0</ele><time>2026-04-17T19:14:30Z</time></rtept><rtept lat="44.591046" lon="-71.94301"><ele>250.20000000000073</ele><time>2026-04-17T19:14:30Z</time></rtept><rtept lat="44.590968" lon="-71.94301"><ele>250.40000000000146</ele><time>2026-04-17T19:14:30Z</time></rtept><rtept lat="44.590968" lon="-71.94301"><ele>250.40000000000146</ele><time>2026-04-17T19:14:30Z</time></rtept><rtept lat="44.590862" lon="-71.94301"><ele>250.8000000000011</ele><time>2026-04-17T19:14:30Z</time></rtept><rtept lat="44.590756" lon="-71.942966"><ele>251.20000000000073</ele><time>2026-04-17T19:14:30Z</time></rtept><rtept lat="44.590558" lon="-71.942835"><ele>255.0</ele><time>2026-04-17T19:14:30Z</time></rtept><rtept lat="44.590413" lon="-71.942847"><ele>256.60000000000036</ele><time>2026-04-17T19:14:30Z</time></rtept><rtept lat="44.590305" lon="-71.942881"><ele>257.40000000000146</ele><time>2026-04-17T19:14:30Z</time></rtept><rtept lat="44.590077" lon="-71.943048"><ele>260.2000000000007</ele><time>2026-04-17T19:14:30Z</time></rtept><rtept lat="44.58993" lon="-71.943201"><ele>259.2000000000007</ele><time>2026-04-17T19:14:30Z</time></rtept><rtept lat="44.589826" lon="-71.943347"><ele>257.8000000000011</ele><time>2026-04-17T19:14:30Z</time></rtept><rtept lat="44.589641" lon="-71.94348"><ele>253.60000000000036</ele><time>2026-04-17T19:14:30Z</time></rtept><rtept lat="44.589614" lon="-71.943574"><ele>252.8000000000011</ele><time>2026-04-17T19:14:30Z</time></rtept><rtept lat="44.589602" lon="-71.943777"><ele>251.40000000000146</ele><time>2026-04-17T19:14:30Z</time></rtept><rtept lat="44.589613" lon="-71.943972"><ele>252.8000000000011</ele><time>2026-04-17T19:14:30Z</time></rtept><rtept lat="44.5895" lon="-71.944006"><ele>252.40000000000146</ele><time>2026-04-17T19:14:30Z</time></rtept><rtept lat="44.589448" lon="-71.944057"><ele>253.8000000000011</ele><time>2026-04-17T19:14:30Z</time></rtept><rtept lat="44.589325" lon="-71.944085"><ele>254.8000000000011</ele><time>2026-04-17T19:14:30Z</time></rtept><rtept lat="44.589152" lon="-71.944195"><ele>255.20000000000073</ele><time>2026-04-17T19:14:30Z</time></rtept><rtept lat="44.58902" lon="-71.944229"><ele>254.0</ele><time>2026-04-17T19:14:30Z</time></rtept><rtept lat="44.588978" lon="-71.944111"><ele>253.8000000000011</ele><time>2026-04-17T19:14:30Z</time></rtept><rtept lat="44.588974" lon="-71.943874"><ele>255.0</ele><time>2026-04-17T19:14:30Z</time></rtept><rtept lat="44.589001" lon="-71.943793"><ele>255.0</ele><time>2026-04-17T19:14:30Z</time></rtept><rtept lat="44.589001" lon="-71.943793"><ele>255.0</ele><time>2026-04-17T19:14:30Z</time></rtept><rtept lat="44.588974" lon="-71.943874"><ele>255.0</ele><time>2026-04-17T19:14:30Z</time></rtept><rtept lat="44.588978" lon="-71.944111"><ele>253.8000000000011</ele><time>2026-04-17T19:14:30Z</time></rtept><rtept lat="44.58902" lon="-71.944229"><ele>254.0</ele><time>2026-04-17T19:14:30Z</time></rtept><rtept lat="44.589152" lon="-71.944195"><ele>255.20000000000073</ele><time>2026-04-17T19:14:30Z</time></rtept><rtept lat="44.589325" lon="-71.944085"><ele>254.8000000000011</ele><time>2026-04-17T19:14:30Z</time></rtept><rtept lat="44.589448" lon="-71.944057"><ele>253.8000000000011</ele><time>2026-04-17T19:14:30Z</time></rtept><rtept lat="44.5895" lon="-71.944006"><ele>252.40000000000146</ele><time>2026-04-17T19:14:30Z</time></rtept><rtept lat="44.589613" lon="-71.943972"><ele>252.8000000000011</ele><time>2026-04-17T19:14:30Z</time></rtept><rtept lat="44.589628" lon="-71.944233"><ele>253.40000000000146</ele><time>2026-04-17T19:14:30Z</time></rtept><rtept lat="44.589624" lon="-71.944386"><ele>253.20000000000073</ele><time>2026-04-17T19:14:30Z</time></rtept><rtept lat="44.589589" lon="-71.944635"><ele>252.8000000000011</ele><time>2026-04-17T19:14:30Z</time></rtept><rtept lat="44.589519" lon="-71.944869"><ele>253.0</ele><time>2026-04-17T19:14:30Z</time></rtept><rtept lat="44.589351" lon="-71.945135"><ele>250.8000000000011</ele><time>2026-04-17T19:14:30Z</time></rtept><rtept lat="44.589199" lon="-71.945274"><ele>248.20000000000073</ele><time>2026-04-17T19:14:30Z</time></rtept><rtept lat="44.5891" lon="-71.945335"><ele>247.8000000000011</ele><time>2026-04-17T19:14:30Z</time></rtept><rtept lat="44.588987" lon="-71.945374"><ele>247.20000000000073</ele><time>2026-04-17T19:14:30Z</time></rtept><rtept lat="44.588828" lon="-71.945398"><ele>248.0</ele><time>2026-04-17T19:14:30Z</time></rtept><rtept lat="44.5888" lon="-71.945399"><ele>248.20000000000073</ele><time>2026-04-17T19:14:30Z</time></rtept><rtept lat="44.588616" lon="-71.945234"><ele>250.20000000000073</ele><time>2026-04-17T19:14:30Z</time></rtept><rtept lat="44.588608" lon="-71.945228"><ele>250.20000000000073</ele><time>2026-04-17T19:14:30Z</time></rtept></rte></gpx>